State,District,Block,School_ID,School_Name,Month,Students_Enrolled,Report_Submitted,Students_Screened,Anaemia_Cases,Referrals_Made,Referrals_Completed,Health_Sessions_Held,Wellness_Ambassadors_Trained
Bihar,Patna,Patna Block-1,BR011001,Govt. School PAT-101,2026-04,793,Yes,717.0,121.0,82.0,65.0,3.0,2.0
Bihar,Patna,Patna Block-1,BR011001,Govt. School PAT-101,2026-05,793,Yes,708.0,128.0,80.0,61.0,4.0,2.0
Bihar,Patna,Patna Block-1,BR011001,Govt. School PAT-101,2026-06,793,Yes,714.0,125.0,82.0,67.0,5.0,1.0
Bihar,Patna,Patna Block-1,BR011001,Govt. School PAT-101,2026-07,793,Yes,692.0,110.0,81.0,65.0,4.0,1.0
Bihar,Patna,Patna Block-1,BR011001,Govt. School PAT-101,2026-08,793,Yes,703.0,132.0,92.0,74.0,3.0,1.0
Bihar,Patna,Patna Block-1,BR011001,Govt. School PAT-101,2026-09,793,Yes,752.0,161.0,97.0,93.0,6.0,3.0
Bihar,Patna,Patna Block-1,BR011002,Govt. School PAT-102,2026-04,308,Yes,279.0,47.0,32.0,27.0,3.0,1.0
Bihar,Patna,Patna Block-1,BR011002,Govt. School PAT-102,2026-05,308,Yes,267.0,42.0,31.0,23.0,4.0,1.0
Bihar,Patna,Patna Block-1,BR011002,Govt. School PAT-102,2026-06,308,Yes,266.0,60.0,36.0,30.0,4.0,2.0
Bihar,Patna,Patna Block-1,BR011002,Govt. School PAT-102,2026-07,308,Yes,299.0,58.0,35.0,30.0,4.0,2.0
Bihar,Patna,Patna Block-1,BR011002,Govt. School PAT-102,2026-08,308,Yes,282.0,44.0,31.0,26.0,2.0,1.0
Bihar,Patna,Patna Block-1,BR011002,Govt. School PAT-102,2026-09,308,Yes,305.0,49.0,33.0,26.0,3.0,1.0
Bihar,Patna,Patna Block-1,BR011003,Govt. School PAT-103,2026-04,439,Yes,409.0,74.0,50.0,44.0,3.0,1.0
Bihar,Patna,Patna Block-1,BR011003,Govt. School PAT-103,2026-05,439,Yes,401.0,83.0,49.0,41.0,4.0,2.0
Bihar,Patna,Patna Block-1,BR011003,Govt. School PAT-103,2026-06,439,Yes,399.0,77.0,53.0,47.0,4.0,3.0
Bihar,Patna,Patna Block-1,BR011003,Govt. School PAT-103,2026-07,439,Yes,381.0,58.0,41.0,30.0,3.0,3.0
Bihar,Patna,Patna Block-1,BR011003,Govt. School PAT-103,2026-08,439,Yes,425.0,47.0,37.0,30.0,4.0,2.0
Bihar,Patna,Patna Block-1,BR011003,Govt. School PAT-103,2026-09,439,Yes,439.0,75.0,49.0,44.0,3.0,2.0
Bihar,Patna,Patna Block-1,BR011004,Govt. School PAT-104,2026-04,632,Yes,520.0,75.0,53.0,40.0,4.0,3.0
Bihar,Patna,Patna Block-1,BR011004,Govt. School PAT-104,2026-05,632,Yes,571.0,96.0,68.0,53.0,3.0,2.0
Bihar,Patna,Patna Block-1,BR011004,Govt. School PAT-104,2026-06,632,Yes,561.0,114.0,69.0,49.0,5.0,2.0
Bihar,Patna,Patna Block-1,BR011004,Govt. School PAT-104,2026-07,632,Yes,613.0,111.0,79.0,64.0,4.0,2.0
Bihar,Patna,Patna Block-1,BR011004,Govt. School PAT-104,2026-08,632,Yes,514.0,98.0,64.0,49.0,4.0,2.0
Bihar,Patna,Patna Block-1,BR011004,Govt. School PAT-104,2026-09,632,Yes,522.0,100.0,65.0,49.0,4.0,2.0
Bihar,Patna,Patna Block-1,BR011005,Govt. School PAT-105,2026-04,682,Yes,620.0,117.0,80.0,66.0,3.0,2.0
Bihar,Patna,Patna Block-1,BR011005,Govt. School PAT-105,2026-05,682,Yes,590.0,109.0,68.0,49.0,2.0,1.0
Bihar,Patna,Patna Block-1,BR011005,Govt. School PAT-105,2026-06,682,Yes,594.0,101.0,69.0,53.0,3.0,1.0
Bihar,Patna,Patna Block-1,BR011005,Govt. School PAT-105,2026-07,682,Yes,611.0,128.0,92.0,80.0,5.0,1.0
Bihar,Patna,Patna Block-1,BR011005,Govt. School PAT-105,2026-08,682,Yes,643.0,137.0,105.0,92.0,4.0,1.0
Bihar,Patna,Patna Block-1,BR011005,Govt. School PAT-105,2026-09,682,Yes,638.0,92.0,62.0,53.0,4.0,2.0
Bihar,Patna,Patna Block-1,BR011006,Govt. School PAT-106,2026-04,195,Yes,165.0,38.0,25.0,16.0,3.0,1.0
Bihar,Patna,Patna Block-1,BR011006,Govt. School PAT-106,2026-05,195,Yes,174.0,28.0,15.0,10.0,4.0,2.0
Bihar,Patna,Patna Block-1,BR011006,Govt. School PAT-106,2026-06,195,Yes,178.0,32.0,20.0,15.0,4.0,2.0
Bihar,Patna,Patna Block-1,BR011006,Govt. School PAT-106,2026-07,195,Yes,184.0,32.0,21.0,15.0,5.0,2.0
Bihar,Patna,Patna Block-1,BR011006,Govt. School PAT-106,2026-08,195,Yes,174.0,29.0,19.0,14.0,4.0,1.0
Bihar,Patna,Patna Block-1,BR011006,Govt. School PAT-106,2026-09,195,Yes,174.0,41.0,27.0,21.0,4.0,1.0
Bihar,Patna,Patna Block-1,BR011007,Govt. School PAT-107,2026-04,444,Yes,409.0,63.0,39.0,32.0,4.0,1.0
Bihar,Patna,Patna Block-1,BR011007,Govt. School PAT-107,2026-05,444,Yes,424.0,62.0,42.0,38.0,3.0,2.0
Bihar,Patna,Patna Block-1,BR011007,Govt. School PAT-107,2026-06,444,Yes,429.0,67.0,44.0,36.0,4.0,2.0
Bihar,Patna,Patna Block-1,BR011007,Govt. School PAT-107,2026-07,444,Yes,430.0,75.0,45.0,35.0,4.0,2.0
Bihar,Patna,Patna Block-1,BR011007,Govt. School PAT-107,2026-08,444,Yes,400.0,63.0,43.0,37.0,4.0,2.0
Bihar,Patna,Patna Block-1,BR011007,Govt. School PAT-107,2026-09,444,Yes,438.0,50.0,38.0,31.0,5.0,3.0
Bihar,Patna,Patna Block-1,BR011008,Govt. School PAT-108,2026-04,785,Yes,698.0,129.0,78.0,69.0,3.0,1.0
Bihar,Patna,Patna Block-1,BR011008,Govt. School PAT-108,2026-05,785,Yes,739.0,115.0,80.0,62.0,3.0,1.0
Bihar,Patna,Patna Block-1,BR011008,Govt. School PAT-108,2026-06,785,Yes,754.0,144.0,94.0,76.0,4.0,2.0
Bihar,Patna,Patna Block-1,BR011008,Govt. School PAT-108,2026-07,785,Yes,749.0,89.0,63.0,55.0,4.0,2.0
Bihar,Patna,Patna Block-1,BR011008,Govt. School PAT-108,2026-08,785,Yes,759.0,147.0,80.0,61.0,5.0,2.0
Bihar,Patna,Patna Block-1,BR011008,Govt. School PAT-108,2026-09,785,Yes,726.0,127.0,78.0,59.0,3.0,2.0
Bihar,Patna,Patna Block-1,BR011009,Govt. School PAT-109,2026-04,253,Yes,246.0,35.0,23.0,20.0,5.0,2.0
Bihar,Patna,Patna Block-1,BR011009,Govt. School PAT-109,2026-05,253,Yes,243.0,44.0,30.0,26.0,3.0,3.0
Bihar,Patna,Patna Block-1,BR011009,Govt. School PAT-109,2026-06,253,Yes,243.0,35.0,24.0,19.0,4.0,3.0
Bihar,Patna,Patna Block-1,BR011009,Govt. School PAT-109,2026-07,253,Yes,245.0,41.0,29.0,25.0,4.0,1.0
Bihar,Patna,Patna Block-1,BR011009,Govt. School PAT-109,2026-08,253,Yes,244.0,44.0,30.0,24.0,3.0,2.0
Bihar,Patna,Patna Block-1,BR011009,Govt. School PAT-109,2026-09,253,Yes,242.0,41.0,27.0,22.0,3.0,2.0
Bihar,Patna,Patna Block-1,BR011010,Govt. School PAT-110,2026-04,504,Yes,470.0,75.0,57.0,48.0,3.0,1.0
Bihar,Patna,Patna Block-1,BR011010,Govt. School PAT-110,2026-05,504,Yes,500.0,57.0,37.0,33.0,5.0,2.0
Bihar,Patna,Patna Block-1,BR011010,Govt. School PAT-110,2026-06,504,Yes,504.0,75.0,52.0,43.0,3.0,2.0
Bihar,Patna,Patna Block-1,BR011010,Govt. School PAT-110,2026-07,504,Yes,487.0,89.0,53.0,46.0,4.0,3.0
Bihar,Patna,Patna Block-1,BR011010,Govt. School PAT-110,2026-08,504,Yes,472.0,73.0,44.0,38.0,4.0,0.0
Bihar,Patna,Patna Block-1,BR011010,Govt. School PAT-110,2026-09,504,Yes,476.0,95.0,71.0,61.0,3.0,1.0
Bihar,Patna,Patna Block-1,BR011011,Govt. School PAT-111,2026-04,365,No,,,,,,
Bihar,Patna,Patna Block-1,BR011011,Govt. School PAT-111,2026-05,365,Yes,344.0,81.0,53.0,44.0,4.0,2.0
Bihar,Patna,Patna Block-1,BR011011,Govt. School PAT-111,2026-06,365,Yes,346.0,58.0,41.0,33.0,5.0,2.0
Bihar,Patna,Patna Block-1,BR011011,Govt. School PAT-111,2026-07,365,Yes,334.0,55.0,41.0,34.0,5.0,2.0
Bihar,Patna,Patna Block-1,BR011011,Govt. School PAT-111,2026-08,365,Yes,337.0,58.0,37.0,31.0,4.0,2.0
Bihar,Patna,Patna Block-1,BR011011,Govt. School PAT-111,2026-09,365,Yes,317.0,62.0,45.0,36.0,4.0,2.0
Bihar,Patna,Patna Block-1,BR011012,Govt. School PAT-112,2026-04,433,Yes,324.0,56.0,35.0,21.0,3.0,1.0
Bihar,Patna,Patna Block-1,BR011012,Govt. School PAT-112,2026-05,433,Yes,379.0,76.0,41.0,29.0,5.0,2.0
Bihar,Patna,Patna Block-1,BR011012,Govt. School PAT-112,2026-06,433,Yes,360.0,78.0,54.0,39.0,3.0,1.0
Bihar,Patna,Patna Block-1,BR011012,Govt. School PAT-112,2026-07,433,Yes,352.0,64.0,42.0,31.0,3.0,2.0
Bihar,Patna,Patna Block-1,BR011012,Govt. School PAT-112,2026-08,433,Yes,344.0,60.0,40.0,29.0,2.0,2.0
Bihar,Patna,Patna Block-1,BR011012,Govt. School PAT-112,2026-09,433,Yes,360.0,78.0,47.0,32.0,2.0,2.0
Bihar,Patna,Patna Block-2,BR012001,Govt. School PAT-201,2026-04,411,Yes,357.0,54.0,36.0,27.0,3.0,3.0
Bihar,Patna,Patna Block-2,BR012001,Govt. School PAT-201,2026-05,411,No,,,,,,
Bihar,Patna,Patna Block-2,BR012001,Govt. School PAT-201,2026-06,411,Yes,338.0,59.0,46.0,32.0,3.0,2.0
Bihar,Patna,Patna Block-2,BR012001,Govt. School PAT-201,2026-07,411,Yes,346.0,70.0,44.0,33.0,3.0,1.0
Bihar,Patna,Patna Block-2,BR012001,Govt. School PAT-201,2026-08,411,Yes,356.0,68.0,47.0,37.0,3.0,2.0
Bihar,Patna,Patna Block-2,BR012001,Govt. School PAT-201,2026-09,411,Yes,361.0,63.0,45.0,37.0,3.0,2.0
Bihar,Patna,Patna Block-2,BR012002,Govt. School PAT-202,2026-04,502,Yes,425.0,78.0,50.0,35.0,3.0,2.0
Bihar,Patna,Patna Block-2,BR012002,Govt. School PAT-202,2026-05,502,Yes,454.0,86.0,53.0,38.0,4.0,1.0
Bihar,Patna,Patna Block-2,BR012002,Govt. School PAT-202,2026-06,502,Yes,431.0,80.0,57.0,43.0,3.0,1.0
Bihar,Patna,Patna Block-2,BR012002,Govt. School PAT-202,2026-07,502,Yes,452.0,91.0,51.0,39.0,4.0,2.0
Bihar,Patna,Patna Block-2,BR012002,Govt. School PAT-202,2026-08,502,Yes,461.0,89.0,67.0,54.0,4.0,2.0
Bihar,Patna,Patna Block-2,BR012002,Govt. School PAT-202,2026-09,502,Yes,461.0,91.0,55.0,49.0,4.0,2.0
Bihar,Patna,Patna Block-2,BR012003,Govt. School PAT-203,2026-04,437,Yes,406.0,70.0,46.0,38.0,2.0,2.0
Bihar,Patna,Patna Block-2,BR012003,Govt. School PAT-203,2026-05,437,Yes,389.0,75.0,48.0,40.0,5.0,3.0
Bihar,Patna,Patna Block-2,BR012003,Govt. School PAT-203,2026-06,437,Yes,400.0,63.0,39.0,32.0,5.0,1.0
Bihar,Patna,Patna Block-2,BR012003,Govt. School PAT-203,2026-07,437,Yes,363.0,73.0,44.0,31.0,5.0,2.0
Bihar,Patna,Patna Block-2,BR012003,Govt. School PAT-203,2026-08,437,Yes,393.0,64.0,43.0,36.0,3.0,1.0
Bihar,Patna,Patna Block-2,BR012003,Govt. School PAT-203,2026-09,437,Yes,415.0,74.0,54.0,41.0,5.0,2.0
Bihar,Patna,Patna Block-2,BR012004,Govt. School PAT-204,2026-04,896,Yes,859.0,152.0,93.0,72.0,4.0,2.0
Bihar,Patna,Patna Block-2,BR012004,Govt. School PAT-204,2026-05,896,Yes,821.0,144.0,95.0,72.0,5.0,2.0
Bihar,Patna,Patna Block-2,BR012004,Govt. School PAT-204,2026-06,896,Yes,809.0,170.0,113.0,91.0,3.0,2.0
Bihar,Patna,Patna Block-2,BR012004,Govt. School PAT-204,2026-07,896,Yes,857.0,119.0,90.0,76.0,5.0,2.0
Bihar,Patna,Patna Block-2,BR012004,Govt. School PAT-204,2026-08,896,Yes,821.0,140.0,95.0,74.0,4.0,2.0
Bihar,Patna,Patna Block-2,BR012004,Govt. School PAT-204,2026-09,896,Yes,815.0,140.0,83.0,71.0,4.0,2.0
Bihar,Patna,Patna Block-2,BR012005,Govt. School PAT-205,2026-04,864,Yes,799.0,133.0,86.0,74.0,4.0,2.0
Bihar,Patna,Patna Block-2,BR012005,Govt. School PAT-205,2026-05,864,Yes,806.0,125.0,89.0,77.0,4.0,2.0
Bihar,Patna,Patna Block-2,BR012005,Govt. School PAT-205,2026-06,864,Yes,742.0,113.0,83.0,66.0,4.0,1.0
Bihar,Patna,Patna Block-2,BR012005,Govt. School PAT-205,2026-07,864,Yes,776.0,147.0,95.0,78.0,4.0,1.0
Bihar,Patna,Patna Block-2,BR012005,Govt. School PAT-205,2026-08,864,Yes,766.0,144.0,92.0,71.0,3.0,2.0
Bihar,Patna,Patna Block-2,BR012005,Govt. School PAT-205,2026-09,864,Yes,779.0,128.0,87.0,70.0,4.0,2.0
Bihar,Patna,Patna Block-2,BR012006,Govt. School PAT-206,2026-04,818,Yes,815.0,109.0,81.0,68.0,5.0,3.0
Bihar,Patna,Patna Block-2,BR012006,Govt. School PAT-206,2026-05,818,Yes,741.0,128.0,93.0,70.0,4.0,1.0
Bihar,Patna,Patna Block-2,BR012006,Govt. School PAT-206,2026-06,818,Yes,785.0,130.0,93.0,81.0,5.0,1.0
Bihar,Patna,Patna Block-2,BR012006,Govt. School PAT-206,2026-07,818,Yes,766.0,107.0,87.0,72.0,5.0,1.0
Bihar,Patna,Patna Block-2,BR012006,Govt. School PAT-206,2026-08,818,Yes,796.0,125.0,94.0,89.0,4.0,3.0
Bihar,Patna,Patna Block-2,BR012006,Govt. School PAT-206,2026-09,818,Yes,797.0,152.0,107.0,100.0,4.0,2.0
Bihar,Patna,Patna Block-2,BR012007,Govt. School PAT-207,2026-04,252,Yes,246.0,44.0,32.0,24.0,4.0,2.0
Bihar,Patna,Patna Block-2,BR012007,Govt. School PAT-207,2026-05,252,Yes,230.0,42.0,26.0,22.0,2.0,2.0
Bihar,Patna,Patna Block-2,BR012007,Govt. School PAT-207,2026-06,252,Yes,242.0,39.0,25.0,22.0,4.0,2.0
Bihar,Patna,Patna Block-2,BR012007,Govt. School PAT-207,2026-07,252,Yes,252.0,43.0,28.0,24.0,4.0,2.0
Bihar,Patna,Patna Block-2,BR012007,Govt. School PAT-207,2026-08,252,No,,,,,,
Bihar,Patna,Patna Block-2,BR012007,Govt. School PAT-207,2026-09,252,Yes,244.0,38.0,25.0,21.0,4.0,1.0
Bihar,Patna,Patna Block-2,BR012008,Govt. School PAT-208,2026-04,498,Yes,411.0,73.0,49.0,35.0,3.0,1.0
Bihar,Patna,Patna Block-2,BR012008,Govt. School PAT-208,2026-05,498,Yes,427.0,76.0,47.0,37.0,3.0,2.0
Bihar,Patna,Patna Block-2,BR012008,Govt. School PAT-208,2026-06,498,Yes,440.0,82.0,49.0,37.0,4.0,2.0
Bihar,Patna,Patna Block-2,BR012008,Govt. School PAT-208,2026-07,498,Yes,473.0,61.0,39.0,33.0,3.0,2.0
Bihar,Patna,Patna Block-2,BR012008,Govt. School PAT-208,2026-08,498,Yes,455.0,94.0,60.0,47.0,4.0,2.0
Bihar,Patna,Patna Block-2,BR012008,Govt. School PAT-208,2026-09,498,Yes,428.0,73.0,47.0,33.0,3.0,2.0
Bihar,Patna,Patna Block-2,BR012009,Govt. School PAT-209,2026-04,588,Yes,481.0,97.0,65.0,47.0,4.0,1.0
Bihar,Patna,Patna Block-2,BR012009,Govt. School PAT-209,2026-05,588,Yes,482.0,101.0,67.0,50.0,2.0,2.0
Bihar,Patna,Patna Block-2,BR012009,Govt. School PAT-209,2026-06,588,Yes,496.0,90.0,56.0,36.0,3.0,2.0
Bihar,Patna,Patna Block-2,BR012009,Govt. School PAT-209,2026-07,588,Yes,460.0,81.0,55.0,38.0,2.0,1.0
Bihar,Patna,Patna Block-2,BR012009,Govt. School PAT-209,2026-08,588,Yes,532.0,104.0,69.0,56.0,3.0,1.0
Bihar,Patna,Patna Block-2,BR012009,Govt. School PAT-209,2026-09,588,Yes,516.0,97.0,59.0,41.0,4.0,2.0
Bihar,Patna,Patna Block-2,BR012010,Govt. School PAT-210,2026-04,356,Yes,300.0,50.0,35.0,27.0,3.0,1.0
Bihar,Patna,Patna Block-2,BR012010,Govt. School PAT-210,2026-05,356,Yes,279.0,57.0,37.0,27.0,2.0,2.0
Bihar,Patna,Patna Block-2,BR012010,Govt. School PAT-210,2026-06,356,Yes,304.0,50.0,37.0,28.0,4.0,1.0
Bihar,Patna,Patna Block-2,BR012010,Govt. School PAT-210,2026-07,356,Yes,312.0,57.0,38.0,26.0,3.0,2.0
Bihar,Patna,Patna Block-2,BR012010,Govt. School PAT-210,2026-08,356,Yes,299.0,46.0,33.0,22.0,4.0,2.0
Bihar,Patna,Patna Block-2,BR012010,Govt. School PAT-210,2026-09,356,Yes,308.0,62.0,38.0,28.0,3.0,1.0
Bihar,Patna,Patna Block-2,BR012011,Govt. School PAT-211,2026-04,744,Yes,590.0,107.0,64.0,41.0,3.0,2.0
Bihar,Patna,Patna Block-2,BR012011,Govt. School PAT-211,2026-05,744,Yes,639.0,111.0,72.0,54.0,3.0,2.0
Bihar,Patna,Patna Block-2,BR012011,Govt. School PAT-211,2026-06,744,Yes,639.0,112.0,78.0,58.0,4.0,1.0
Bihar,Patna,Patna Block-2,BR012011,Govt. School PAT-211,2026-07,744,Yes,586.0,103.0,64.0,45.0,3.0,2.0
Bihar,Patna,Patna Block-2,BR012011,Govt. School PAT-211,2026-08,744,Yes,639.0,115.0,79.0,63.0,4.0,1.0
Bihar,Patna,Patna Block-2,BR012011,Govt. School PAT-211,2026-09,744,Yes,595.0,113.0,66.0,46.0,4.0,2.0
Bihar,Patna,Patna Block-2,BR012012,Govt. School PAT-212,2026-04,244,Yes,201.0,35.0,21.0,15.0,3.0,2.0
Bihar,Patna,Patna Block-2,BR012012,Govt. School PAT-212,2026-05,244,Yes,214.0,39.0,24.0,19.0,4.0,1.0
Bihar,Patna,Patna Block-2,BR012012,Govt. School PAT-212,2026-06,244,Yes,191.0,32.0,20.0,14.0,2.0,1.0
Bihar,Patna,Patna Block-2,BR012012,Govt. School PAT-212,2026-07,244,Yes,202.0,30.0,21.0,14.0,2.0,2.0
Bihar,Patna,Patna Block-2,BR012012,Govt. School PAT-212,2026-08,244,Yes,219.0,40.0,25.0,20.0,3.0,1.0
Bihar,Patna,Patna Block-2,BR012012,Govt. School PAT-212,2026-09,244,Yes,202.0,39.0,25.0,18.0,3.0,2.0
Bihar,Patna,Patna Block-3,BR013001,Govt. School PAT-301,2026-04,444,Yes,417.0,72.0,49.0,41.0,4.0,3.0
Bihar,Patna,Patna Block-3,BR013001,Govt. School PAT-301,2026-05,444,Yes,444.0,70.0,52.0,45.0,4.0,1.0
Bihar,Patna,Patna Block-3,BR013001,Govt. School PAT-301,2026-06,444,Yes,444.0,79.0,48.0,38.0,4.0,2.0
Bihar,Patna,Patna Block-3,BR013001,Govt. School PAT-301,2026-07,444,Yes,444.0,74.0,50.0,47.0,3.0,2.0
Bihar,Patna,Patna Block-3,BR013001,Govt. School PAT-301,2026-08,444,Yes,443.0,82.0,55.0,51.0,4.0,3.0
Bihar,Patna,Patna Block-3,BR013001,Govt. School PAT-301,2026-09,444,Yes,442.0,62.0,40.0,33.0,4.0,2.0
Bihar,Patna,Patna Block-3,BR013002,Govt. School PAT-302,2026-04,722,Yes,643.0,120.0,86.0,63.0,4.0,1.0
Bihar,Patna,Patna Block-3,BR013002,Govt. School PAT-302,2026-05,722,Yes,608.0,109.0,68.0,52.0,4.0,1.0
Bihar,Patna,Patna Block-3,BR013002,Govt. School PAT-302,2026-06,722,Yes,643.0,94.0,67.0,56.0,4.0,2.0
Bihar,Patna,Patna Block-3,BR013002,Govt. School PAT-302,2026-07,722,Yes,716.0,122.0,76.0,64.0,5.0,3.0
Bihar,Patna,Patna Block-3,BR013002,Govt. School PAT-302,2026-08,722,Yes,627.0,104.0,69.0,49.0,3.0,2.0
Bihar,Patna,Patna Block-3,BR013002,Govt. School PAT-302,2026-09,722,Yes,624.0,124.0,73.0,56.0,4.0,2.0
Bihar,Patna,Patna Block-3,BR013003,Govt. School PAT-303,2026-04,241,Yes,196.0,33.0,21.0,16.0,3.0,2.0
Bihar,Patna,Patna Block-3,BR013003,Govt. School PAT-303,2026-05,241,Yes,227.0,42.0,26.0,22.0,4.0,2.0
Bihar,Patna,Patna Block-3,BR013003,Govt. School PAT-303,2026-06,241,Yes,208.0,38.0,24.0,17.0,3.0,2.0
Bihar,Patna,Patna Block-3,BR013003,Govt. School PAT-303,2026-07,241,Yes,216.0,39.0,27.0,24.0,4.0,1.0
Bihar,Patna,Patna Block-3,BR013003,Govt. School PAT-303,2026-08,241,Yes,206.0,44.0,27.0,19.0,4.0,2.0
Bihar,Patna,Patna Block-3,BR013003,Govt. School PAT-303,2026-09,241,Yes,213.0,33.0,22.0,15.0,4.0,2.0
Bihar,Patna,Patna Block-3,BR013004,Govt. School PAT-304,2026-04,378,Yes,329.0,59.0,39.0,30.0,4.0,2.0
Bihar,Patna,Patna Block-3,BR013004,Govt. School PAT-304,2026-05,378,Yes,354.0,63.0,36.0,29.0,4.0,2.0
Bihar,Patna,Patna Block-3,BR013004,Govt. School PAT-304,2026-06,378,Yes,333.0,47.0,30.0,24.0,3.0,2.0
Bihar,Patna,Patna Block-3,BR013004,Govt. School PAT-304,2026-07,378,Yes,330.0,70.0,49.0,42.0,4.0,1.0
Bihar,Patna,Patna Block-3,BR013004,Govt. School PAT-304,2026-08,378,Yes,355.0,64.0,39.0,30.0,3.0,1.0
Bihar,Patna,Patna Block-3,BR013004,Govt. School PAT-304,2026-09,378,Yes,354.0,64.0,41.0,35.0,4.0,2.0
Bihar,Patna,Patna Block-3,BR013005,Govt. School PAT-305,2026-04,567,Yes,485.0,76.0,46.0,31.0,3.0,1.0
Bihar,Patna,Patna Block-3,BR013005,Govt. School PAT-305,2026-05,567,Yes,469.0,95.0,64.0,42.0,4.0,1.0
Bihar,Patna,Patna Block-3,BR013005,Govt. School PAT-305,2026-06,567,Yes,529.0,65.0,48.0,37.0,3.0,2.0
Bihar,Patna,Patna Block-3,BR013005,Govt. School PAT-305,2026-07,567,Yes,534.0,98.0,74.0,61.0,3.0,2.0
Bihar,Patna,Patna Block-3,BR013005,Govt. School PAT-305,2026-08,567,Yes,506.0,110.0,68.0,50.0,2.0,2.0
Bihar,Patna,Patna Block-3,BR013005,Govt. School PAT-305,2026-09,567,Yes,501.0,87.0,57.0,42.0,3.0,2.0
Bihar,Patna,Patna Block-3,BR013006,Govt. School PAT-306,2026-04,282,Yes,243.0,46.0,27.0,18.0,3.0,2.0
Bihar,Patna,Patna Block-3,BR013006,Govt. School PAT-306,2026-05,282,Yes,248.0,32.0,23.0,16.0,3.0,3.0
Bihar,Patna,Patna Block-3,BR013006,Govt. School PAT-306,2026-06,282,Yes,230.0,47.0,29.0,20.0,2.0,2.0
Bihar,Patna,Patna Block-3,BR013006,Govt. School PAT-306,2026-07,282,Yes,224.0,50.0,30.0,22.0,3.0,1.0
Bihar,Patna,Patna Block-3,BR013006,Govt. School PAT-306,2026-08,282,Yes,246.0,49.0,30.0,23.0,4.0,2.0
Bihar,Patna,Patna Block-3,BR013006,Govt. School PAT-306,2026-09,282,Yes,240.0,47.0,30.0,21.0,3.0,2.0
Bihar,Patna,Patna Block-3,BR013007,Govt. School PAT-307,2026-04,820,Yes,692.0,130.0,90.0,59.0,4.0,2.0
Bihar,Patna,Patna Block-3,BR013007,Govt. School PAT-307,2026-05,820,Yes,670.0,148.0,93.0,62.0,3.0,2.0
Bihar,Patna,Patna Block-3,BR013007,Govt. School PAT-307,2026-06,820,Yes,721.0,132.0,93.0,70.0,3.0,3.0
Bihar,Patna,Patna Block-3,BR013007,Govt. School PAT-307,2026-07,820,Yes,674.0,106.0,62.0,46.0,3.0,2.0
Bihar,Patna,Patna Block-3,BR013007,Govt. School PAT-307,2026-08,820,Yes,646.0,112.0,76.0,55.0,3.0,1.0
Bihar,Patna,Patna Block-3,BR013007,Govt. School PAT-307,2026-09,820,Yes,727.0,121.0,80.0,57.0,4.0,2.0
Bihar,Patna,Patna Block-3,BR013008,Govt. School PAT-308,2026-04,382,Yes,374.0,58.0,37.0,33.0,3.0,1.0
Bihar,Patna,Patna Block-3,BR013008,Govt. School PAT-308,2026-05,382,Yes,354.0,65.0,43.0,33.0,4.0,2.0
Bihar,Patna,Patna Block-3,BR013008,Govt. School PAT-308,2026-06,382,Yes,344.0,56.0,31.0,25.0,3.0,2.0
Bihar,Patna,Patna Block-3,BR013008,Govt. School PAT-308,2026-07,382,Yes,354.0,62.0,41.0,35.0,3.0,2.0
Bihar,Patna,Patna Block-3,BR013008,Govt. School PAT-308,2026-08,382,Yes,342.0,67.0,48.0,36.0,3.0,3.0
Bihar,Patna,Patna Block-3,BR013008,Govt. School PAT-308,2026-09,382,Yes,349.0,58.0,40.0,29.0,2.0,2.0
Bihar,Patna,Patna Block-3,BR013009,Govt. School PAT-309,2026-04,851,Yes,736.0,111.0,69.0,51.0,5.0,1.0
Bihar,Patna,Patna Block-3,BR013009,Govt. School PAT-309,2026-05,851,Yes,775.0,143.0,77.0,59.0,4.0,1.0
Bihar,Patna,Patna Block-3,BR013009,Govt. School PAT-309,2026-06,851,Yes,747.0,130.0,91.0,71.0,4.0,2.0
Bihar,Patna,Patna Block-3,BR013009,Govt. School PAT-309,2026-07,851,Yes,752.0,120.0,84.0,62.0,4.0,2.0
Bihar,Patna,Patna Block-3,BR013009,Govt. School PAT-309,2026-08,851,Yes,757.0,123.0,78.0,60.0,4.0,2.0
Bihar,Patna,Patna Block-3,BR013009,Govt. School PAT-309,2026-09,851,Yes,800.0,135.0,106.0,82.0,5.0,2.0
Bihar,Patna,Patna Block-3,BR013010,Govt. School PAT-310,2026-04,290,Yes,265.0,48.0,33.0,25.0,4.0,1.0
Bihar,Patna,Patna Block-3,BR013010,Govt. School PAT-310,2026-05,290,Yes,265.0,43.0,26.0,21.0,5.0,3.0
Bihar,Patna,Patna Block-3,BR013010,Govt. School PAT-310,2026-06,290,Yes,267.0,49.0,29.0,20.0,4.0,2.0
Bihar,Patna,Patna Block-3,BR013010,Govt. School PAT-310,2026-07,290,Yes,281.0,46.0,27.0,22.0,4.0,2.0
Bihar,Patna,Patna Block-3,BR013010,Govt. School PAT-310,2026-08,290,Yes,277.0,47.0,32.0,27.0,5.0,2.0
Bihar,Patna,Patna Block-3,BR013010,Govt. School PAT-310,2026-09,290,Yes,283.0,37.0,28.0,26.0,4.0,2.0
Bihar,Patna,Patna Block-3,BR013011,Govt. School PAT-311,2026-04,450,Yes,411.0,61.0,40.0,32.0,3.0,1.0
Bihar,Patna,Patna Block-3,BR013011,Govt. School PAT-311,2026-05,450,Yes,413.0,59.0,38.0,33.0,3.0,2.0
Bihar,Patna,Patna Block-3,BR013011,Govt. School PAT-311,2026-06,450,Yes,428.0,66.0,43.0,35.0,3.0,2.0
Bihar,Patna,Patna Block-3,BR013011,Govt. School PAT-311,2026-07,450,Yes,415.0,75.0,51.0,44.0,2.0,0.0
Bihar,Patna,Patna Block-3,BR013011,Govt. School PAT-311,2026-08,450,Yes,401.0,58.0,32.0,25.0,4.0,1.0
Bihar,Patna,Patna Block-3,BR013011,Govt. School PAT-311,2026-09,450,Yes,442.0,59.0,43.0,36.0,2.0,2.0
Bihar,Patna,Patna Block-3,BR013012,Govt. School PAT-312,2026-04,761,Yes,694.0,161.0,103.0,83.0,3.0,3.0
Bihar,Patna,Patna Block-3,BR013012,Govt. School PAT-312,2026-05,761,Yes,666.0,118.0,74.0,60.0,3.0,1.0
Bihar,Patna,Patna Block-3,BR013012,Govt. School PAT-312,2026-06,761,Yes,714.0,140.0,87.0,69.0,3.0,3.0
Bihar,Patna,Patna Block-3,BR013012,Govt. School PAT-312,2026-07,761,Yes,687.0,130.0,78.0,66.0,3.0,2.0
Bihar,Patna,Patna Block-3,BR013012,Govt. School PAT-312,2026-08,761,Yes,616.0,113.0,68.0,53.0,4.0,1.0
Bihar,Patna,Patna Block-3,BR013012,Govt. School PAT-312,2026-09,761,Yes,720.0,115.0,80.0,57.0,3.0,2.0
Bihar,Gaya,Gaya Block-1,BR021001,Govt. School GAY-101,2026-04,278,Yes,230.0,44.0,30.0,20.0,3.0,1.0
Bihar,Gaya,Gaya Block-1,BR021001,Govt. School GAY-101,2026-05,278,Yes,220.0,41.0,27.0,17.0,2.0,1.0
Bihar,Gaya,Gaya Block-1,BR021001,Govt. School GAY-101,2026-06,278,Yes,216.0,36.0,22.0,14.0,4.0,1.0
Bihar,Gaya,Gaya Block-1,BR021001,Govt. School GAY-101,2026-07,278,Yes,223.0,41.0,29.0,17.0,3.0,2.0
Bihar,Gaya,Gaya Block-1,BR021001,Govt. School GAY-101,2026-08,278,Yes,225.0,42.0,32.0,21.0,3.0,2.0
Bihar,Gaya,Gaya Block-1,BR021001,Govt. School GAY-101,2026-09,278,Yes,228.0,45.0,30.0,20.0,3.0,3.0
Bihar,Gaya,Gaya Block-1,BR021002,Govt. School GAY-102,2026-04,201,Yes,163.0,32.0,18.0,11.0,3.0,2.0
Bihar,Gaya,Gaya Block-1,BR021002,Govt. School GAY-102,2026-05,201,Yes,155.0,31.0,17.0,11.0,3.0,1.0
Bihar,Gaya,Gaya Block-1,BR021002,Govt. School GAY-102,2026-06,201,Yes,160.0,28.0,21.0,14.0,2.0,2.0
Bihar,Gaya,Gaya Block-1,BR021002,Govt. School GAY-102,2026-07,201,Yes,152.0,29.0,18.0,10.0,2.0,3.0
Bihar,Gaya,Gaya Block-1,BR021002,Govt. School GAY-102,2026-08,201,Yes,159.0,29.0,18.0,11.0,3.0,2.0
Bihar,Gaya,Gaya Block-1,BR021002,Govt. School GAY-102,2026-09,201,Yes,162.0,32.0,19.0,13.0,3.0,2.0
Bihar,Gaya,Gaya Block-1,BR021003,Govt. School GAY-103,2026-04,413,Yes,339.0,70.0,48.0,36.0,3.0,1.0
Bihar,Gaya,Gaya Block-1,BR021003,Govt. School GAY-103,2026-05,413,Yes,325.0,56.0,37.0,25.0,4.0,2.0
Bihar,Gaya,Gaya Block-1,BR021003,Govt. School GAY-103,2026-06,413,Yes,324.0,56.0,35.0,20.0,3.0,1.0
Bihar,Gaya,Gaya Block-1,BR021003,Govt. School GAY-103,2026-07,413,Yes,317.0,73.0,42.0,22.0,2.0,2.0
Bihar,Gaya,Gaya Block-1,BR021003,Govt. School GAY-103,2026-08,413,No,,,,,,
Bihar,Gaya,Gaya Block-1,BR021003,Govt. School GAY-103,2026-09,413,No,,,,,,
Bihar,Gaya,Gaya Block-1,BR021004,Govt. School GAY-104,2026-04,787,Yes,650.0,128.0,87.0,69.0,4.0,1.0
Bihar,Gaya,Gaya Block-1,BR021004,Govt. School GAY-104,2026-05,787,Yes,687.0,117.0,73.0,54.0,4.0,2.0
Bihar,Gaya,Gaya Block-1,BR021004,Govt. School GAY-104,2026-06,787,No,,,,,,
Bihar,Gaya,Gaya Block-1,BR021004,Govt. School GAY-104,2026-07,787,No,,,,,,
Bihar,Gaya,Gaya Block-1,BR021004,Govt. School GAY-104,2026-08,787,Yes,679.0,114.0,71.0,53.0,3.0,1.0
Bihar,Gaya,Gaya Block-1,BR021004,Govt. School GAY-104,2026-09,787,Yes,662.0,121.0,74.0,57.0,3.0,2.0
Bihar,Gaya,Gaya Block-1,BR021005,Govt. School GAY-105,2026-04,292,Yes,223.0,41.0,28.0,19.0,3.0,2.0
Bihar,Gaya,Gaya Block-1,BR021005,Govt. School GAY-105,2026-05,292,Yes,227.0,38.0,24.0,14.0,2.0,2.0
Bihar,Gaya,Gaya Block-1,BR021005,Govt. School GAY-105,2026-06,292,Yes,218.0,47.0,30.0,18.0,3.0,2.0
Bihar,Gaya,Gaya Block-1,BR021005,Govt. School GAY-105,2026-07,292,Yes,220.0,47.0,32.0,21.0,3.0,2.0
Bihar,Gaya,Gaya Block-1,BR021005,Govt. School GAY-105,2026-08,292,Yes,226.0,39.0,24.0,16.0,3.0,1.0
Bihar,Gaya,Gaya Block-1,BR021005,Govt. School GAY-105,2026-09,292,Yes,233.0,40.0,24.0,15.0,3.0,2.0
Bihar,Gaya,Gaya Block-1,BR021006,Govt. School GAY-106,2026-04,364,Yes,273.0,61.0,39.0,25.0,3.0,1.0
Bihar,Gaya,Gaya Block-1,BR021006,Govt. School GAY-106,2026-05,364,Yes,285.0,54.0,40.0,27.0,3.0,2.0
Bihar,Gaya,Gaya Block-1,BR021006,Govt. School GAY-106,2026-06,364,Yes,278.0,64.0,37.0,22.0,4.0,2.0
Bihar,Gaya,Gaya Block-1,BR021006,Govt. School GAY-106,2026-07,364,Yes,294.0,57.0,37.0,29.0,4.0,2.0
Bihar,Gaya,Gaya Block-1,BR021006,Govt. School GAY-106,2026-08,364,Yes,273.0,55.0,33.0,22.0,4.0,1.0
Bihar,Gaya,Gaya Block-1,BR021006,Govt. School GAY-106,2026-09,364,Yes,285.0,55.0,32.0,18.0,3.0,2.0
Bihar,Gaya,Gaya Block-1,BR021007,Govt. School GAY-107,2026-04,815,No,,,,,,
Bihar,Gaya,Gaya Block-1,BR021007,Govt. School GAY-107,2026-05,815,Yes,714.0,133.0,78.0,64.0,3.0,2.0
Bihar,Gaya,Gaya Block-1,BR021007,Govt. School GAY-107,2026-06,815,Yes,699.0,136.0,96.0,69.0,4.0,2.0
Bihar,Gaya,Gaya Block-1,BR021007,Govt. School GAY-107,2026-07,815,Yes,603.0,133.0,88.0,54.0,3.0,2.0
Bihar,Gaya,Gaya Block-1,BR021007,Govt. School GAY-107,2026-08,815,No,,,,,,
Bihar,Gaya,Gaya Block-1,BR021007,Govt. School GAY-107,2026-09,815,Yes,675.0,130.0,98.0,68.0,3.0,2.0
Bihar,Gaya,Gaya Block-1,BR021008,Govt. School GAY-108,2026-04,237,Yes,202.0,29.0,20.0,17.0,3.0,0.0
Bihar,Gaya,Gaya Block-1,BR021008,Govt. School GAY-108,2026-05,237,Yes,188.0,34.0,20.0,15.0,4.0,2.0
Bihar,Gaya,Gaya Block-1,BR021008,Govt. School GAY-108,2026-06,237,Yes,201.0,38.0,20.0,15.0,4.0,3.0
Bihar,Gaya,Gaya Block-1,BR021008,Govt. School GAY-108,2026-07,237,Yes,197.0,36.0,20.0,14.0,3.0,2.0
Bihar,Gaya,Gaya Block-1,BR021008,Govt. School GAY-108,2026-08,237,Yes,196.0,34.0,21.0,16.0,2.0,1.0
Bihar,Gaya,Gaya Block-1,BR021008,Govt. School GAY-108,2026-09,237,Yes,199.0,37.0,23.0,14.0,3.0,1.0
Bihar,Gaya,Gaya Block-1,BR021009,Govt. School GAY-109,2026-04,359,Yes,265.0,50.0,35.0,20.0,2.0,1.0
Bihar,Gaya,Gaya Block-1,BR021009,Govt. School GAY-109,2026-05,359,Yes,275.0,44.0,24.0,14.0,3.0,2.0
Bihar,Gaya,Gaya Block-1,BR021009,Govt. School GAY-109,2026-06,359,Yes,248.0,54.0,31.0,17.0,2.0,1.0
Bihar,Gaya,Gaya Block-1,BR021009,Govt. School GAY-109,2026-07,359,No,,,,,,
Bihar,Gaya,Gaya Block-1,BR021009,Govt. School GAY-109,2026-08,359,Yes,273.0,57.0,37.0,27.0,2.0,2.0
Bihar,Gaya,Gaya Block-1,BR021009,Govt. School GAY-109,2026-09,359,Yes,255.0,47.0,30.0,18.0,3.0,1.0
Bihar,Gaya,Gaya Block-1,BR021010,Govt. School GAY-110,2026-04,745,Yes,697.0,125.0,91.0,62.0,3.0,3.0
Bihar,Gaya,Gaya Block-1,BR021010,Govt. School GAY-110,2026-05,745,Yes,745.0,101.0,75.0,65.0,4.0,2.0
Bihar,Gaya,Gaya Block-1,BR021010,Govt. School GAY-110,2026-06,745,Yes,686.0,113.0,77.0,63.0,3.0,2.0
Bihar,Gaya,Gaya Block-1,BR021010,Govt. School GAY-110,2026-07,745,Yes,638.0,99.0,68.0,61.0,3.0,2.0
Bihar,Gaya,Gaya Block-1,BR021010,Govt. School GAY-110,2026-08,745,Yes,618.0,114.0,69.0,53.0,4.0,2.0
Bihar,Gaya,Gaya Block-1,BR021010,Govt. School GAY-110,2026-09,745,Yes,704.0,102.0,67.0,57.0,4.0,2.0
Bihar,Gaya,Gaya Block-1,BR021011,Govt. School GAY-111,2026-04,217,No,,,,,,
Bihar,Gaya,Gaya Block-1,BR021011,Govt. School GAY-111,2026-05,217,Yes,143.0,32.0,19.0,10.0,3.0,1.0
Bihar,Gaya,Gaya Block-1,BR021011,Govt. School GAY-111,2026-06,217,Yes,141.0,29.0,18.0,10.0,2.0,2.0
Bihar,Gaya,Gaya Block-1,BR021011,Govt. School GAY-111,2026-07,217,Yes,145.0,28.0,19.0,10.0,4.0,1.0
Bihar,Gaya,Gaya Block-1,BR021011,Govt. School GAY-111,2026-08,217,Yes,151.0,32.0,16.0,9.0,3.0,1.0
Bihar,Gaya,Gaya Block-1,BR021011,Govt. School GAY-111,2026-09,217,Yes,151.0,31.0,17.0,9.0,2.0,2.0
Bihar,Gaya,Gaya Block-1,BR021012,Govt. School GAY-112,2026-04,587,Yes,490.0,92.0,68.0,51.0,4.0,1.0
Bihar,Gaya,Gaya Block-1,BR021012,Govt. School GAY-112,2026-05,587,Yes,477.0,95.0,61.0,43.0,3.0,1.0
Bihar,Gaya,Gaya Block-1,BR021012,Govt. School GAY-112,2026-06,587,Yes,438.0,88.0,54.0,39.0,4.0,1.0
Bihar,Gaya,Gaya Block-1,BR021012,Govt. School GAY-112,2026-07,587,Yes,466.0,77.0,45.0,33.0,2.0,1.0
Bihar,Gaya,Gaya Block-1,BR021012,Govt. School GAY-112,2026-08,587,Yes,463.0,83.0,58.0,41.0,3.0,2.0
Bihar,Gaya,Gaya Block-1,BR021012,Govt. School GAY-112,2026-09,587,Yes,431.0,97.0,70.0,49.0,3.0,1.0
Bihar,Gaya,Gaya Block-2,BR022001,Govt. School GAY-201,2026-04,573,Yes,465.0,86.0,62.0,45.0,4.0,2.0
Bihar,Gaya,Gaya Block-2,BR022001,Govt. School GAY-201,2026-05,573,Yes,470.0,68.0,42.0,30.0,4.0,2.0
Bihar,Gaya,Gaya Block-2,BR022001,Govt. School GAY-201,2026-06,573,Yes,433.0,90.0,66.0,46.0,3.0,2.0
Bihar,Gaya,Gaya Block-2,BR022001,Govt. School GAY-201,2026-07,573,Yes,450.0,97.0,63.0,41.0,3.0,1.0
Bihar,Gaya,Gaya Block-2,BR022001,Govt. School GAY-201,2026-08,573,Yes,465.0,86.0,52.0,39.0,3.0,2.0
Bihar,Gaya,Gaya Block-2,BR022001,Govt. School GAY-201,2026-09,573,Yes,473.0,81.0,55.0,42.0,4.0,2.0
Bihar,Gaya,Gaya Block-2,BR022002,Govt. School GAY-202,2026-04,453,Yes,367.0,83.0,47.0,33.0,3.0,1.0
Bihar,Gaya,Gaya Block-2,BR022002,Govt. School GAY-202,2026-05,453,Yes,355.0,69.0,48.0,38.0,4.0,2.0
Bihar,Gaya,Gaya Block-2,BR022002,Govt. School GAY-202,2026-06,453,Yes,334.0,70.0,39.0,27.0,3.0,2.0
Bihar,Gaya,Gaya Block-2,BR022002,Govt. School GAY-202,2026-07,453,Yes,324.0,69.0,46.0,30.0,3.0,1.0
Bihar,Gaya,Gaya Block-2,BR022002,Govt. School GAY-202,2026-08,453,No,,,,,,
Bihar,Gaya,Gaya Block-2,BR022002,Govt. School GAY-202,2026-09,453,Yes,366.0,59.0,41.0,30.0,4.0,1.0
Bihar,Gaya,Gaya Block-2,BR022003,Govt. School GAY-203,2026-04,522,Yes,335.0,73.0,52.0,31.0,3.0,1.0
Bihar,Gaya,Gaya Block-2,BR022003,Govt. School GAY-203,2026-05,522,Yes,350.0,78.0,44.0,28.0,3.0,1.0
Bihar,Gaya,Gaya Block-2,BR022003,Govt. School GAY-203,2026-06,522,Yes,322.0,69.0,41.0,24.0,4.0,1.0
Bihar,Gaya,Gaya Block-2,BR022003,Govt. School GAY-203,2026-07,522,Yes,358.0,80.0,43.0,24.0,2.0,0.0
Bihar,Gaya,Gaya Block-2,BR022003,Govt. School GAY-203,2026-08,522,Yes,362.0,90.0,56.0,30.0,2.0,0.0
Bihar,Gaya,Gaya Block-2,BR022003,Govt. School GAY-203,2026-09,522,Yes,339.0,68.0,43.0,23.0,3.0,1.0
Bihar,Gaya,Gaya Block-2,BR022004,Govt. School GAY-204,2026-04,322,Yes,267.0,54.0,33.0,24.0,4.0,1.0
Bihar,Gaya,Gaya Block-2,BR022004,Govt. School GAY-204,2026-05,322,Yes,256.0,39.0,25.0,17.0,4.0,1.0
Bihar,Gaya,Gaya Block-2,BR022004,Govt. School GAY-204,2026-06,322,Yes,293.0,55.0,38.0,33.0,2.0,1.0
Bihar,Gaya,Gaya Block-2,BR022004,Govt. School GAY-204,2026-07,322,Yes,275.0,56.0,34.0,25.0,4.0,1.0
Bihar,Gaya,Gaya Block-2,BR022004,Govt. School GAY-204,2026-08,322,Yes,266.0,55.0,37.0,27.0,3.0,1.0
Bihar,Gaya,Gaya Block-2,BR022004,Govt. School GAY-204,2026-09,322,Yes,269.0,56.0,31.0,24.0,2.0,1.0
Bihar,Gaya,Gaya Block-2,BR022005,Govt. School GAY-205,2026-04,186,Yes,128.0,25.0,15.0,8.0,2.0,2.0
Bihar,Gaya,Gaya Block-2,BR022005,Govt. School GAY-205,2026-05,186,Yes,147.0,24.0,17.0,11.0,4.0,1.0
Bihar,Gaya,Gaya Block-2,BR022005,Govt. School GAY-205,2026-06,186,Yes,145.0,27.0,16.0,10.0,4.0,2.0
Bihar,Gaya,Gaya Block-2,BR022005,Govt. School GAY-205,2026-07,186,Yes,140.0,27.0,18.0,13.0,3.0,1.0
Bihar,Gaya,Gaya Block-2,BR022005,Govt. School GAY-205,2026-08,186,Yes,141.0,31.0,22.0,14.0,3.0,2.0
Bihar,Gaya,Gaya Block-2,BR022005,Govt. School GAY-205,2026-09,186,Yes,127.0,23.0,13.0,8.0,2.0,2.0
Bihar,Gaya,Gaya Block-2,BR022006,Govt. School GAY-206,2026-04,492,Yes,369.0,66.0,35.0,21.0,3.0,1.0
Bihar,Gaya,Gaya Block-2,BR022006,Govt. School GAY-206,2026-05,492,No,,,,,,
Bihar,Gaya,Gaya Block-2,BR022006,Govt. School GAY-206,2026-06,492,Yes,366.0,74.0,48.0,27.0,4.0,2.0
Bihar,Gaya,Gaya Block-2,BR022006,Govt. School GAY-206,2026-07,492,Yes,336.0,78.0,43.0,25.0,3.0,2.0
Bihar,Gaya,Gaya Block-2,BR022006,Govt. School GAY-206,2026-08,492,Yes,347.0,69.0,44.0,29.0,3.0,2.0
Bihar,Gaya,Gaya Block-2,BR022006,Govt. School GAY-206,2026-09,492,Yes,343.0,76.0,46.0,30.0,2.0,1.0
Bihar,Gaya,Gaya Block-2,BR022007,Govt. School GAY-207,2026-04,806,Yes,552.0,131.0,78.0,47.0,2.0,1.0
Bihar,Gaya,Gaya Block-2,BR022007,Govt. School GAY-207,2026-05,806,Yes,638.0,157.0,99.0,66.0,3.0,2.0
Bihar,Gaya,Gaya Block-2,BR022007,Govt. School GAY-207,2026-06,806,Yes,572.0,123.0,82.0,53.0,3.0,1.0
Bihar,Gaya,Gaya Block-2,BR022007,Govt. School GAY-207,2026-07,806,Yes,608.0,106.0,71.0,46.0,2.0,2.0
Bihar,Gaya,Gaya Block-2,BR022007,Govt. School GAY-207,2026-08,806,Yes,640.0,126.0,73.0,55.0,4.0,2.0
Bihar,Gaya,Gaya Block-2,BR022007,Govt. School GAY-207,2026-09,806,Yes,611.0,115.0,70.0,52.0,3.0,1.0
Bihar,Gaya,Gaya Block-2,BR022008,Govt. School GAY-208,2026-04,890,Yes,585.0,124.0,82.0,52.0,2.0,1.0
Bihar,Gaya,Gaya Block-2,BR022008,Govt. School GAY-208,2026-05,890,Yes,631.0,129.0,74.0,41.0,2.0,1.0
Bihar,Gaya,Gaya Block-2,BR022008,Govt. School GAY-208,2026-06,890,Yes,628.0,117.0,72.0,42.0,3.0,3.0
Bihar,Gaya,Gaya Block-2,BR022008,Govt. School GAY-208,2026-07,890,Yes,634.0,118.0,65.0,38.0,4.0,1.0
Bihar,Gaya,Gaya Block-2,BR022008,Govt. School GAY-208,2026-08,890,Yes,634.0,129.0,89.0,59.0,3.0,1.0
Bihar,Gaya,Gaya Block-2,BR022008,Govt. School GAY-208,2026-09,890,Yes,595.0,125.0,86.0,52.0,3.0,1.0
Bihar,Gaya,Gaya Block-2,BR022009,Govt. School GAY-209,2026-04,276,Yes,241.0,47.0,28.0,21.0,4.0,1.0
Bihar,Gaya,Gaya Block-2,BR022009,Govt. School GAY-209,2026-05,276,No,,,,,,
Bihar,Gaya,Gaya Block-2,BR022009,Govt. School GAY-209,2026-06,276,Yes,230.0,36.0,20.0,16.0,3.0,1.0
Bihar,Gaya,Gaya Block-2,BR022009,Govt. School GAY-209,2026-07,276,Yes,236.0,49.0,32.0,24.0,3.0,1.0
Bihar,Gaya,Gaya Block-2,BR022009,Govt. School GAY-209,2026-08,276,Yes,223.0,38.0,22.0,16.0,4.0,2.0
Bihar,Gaya,Gaya Block-2,BR022009,Govt. School GAY-209,2026-09,276,No,,,,,,
Bihar,Gaya,Gaya Block-2,BR022010,Govt. School GAY-210,2026-04,821,Yes,624.0,111.0,69.0,48.0,4.0,2.0
Bihar,Gaya,Gaya Block-2,BR022010,Govt. School GAY-210,2026-05,821,No,,,,,,
Bihar,Gaya,Gaya Block-2,BR022010,Govt. School GAY-210,2026-06,821,Yes,600.0,143.0,92.0,62.0,4.0,1.0
Bihar,Gaya,Gaya Block-2,BR022010,Govt. School GAY-210,2026-07,821,Yes,610.0,127.0,83.0,39.0,3.0,1.0
Bihar,Gaya,Gaya Block-2,BR022010,Govt. School GAY-210,2026-08,821,No,,,,,,
Bihar,Gaya,Gaya Block-2,BR022010,Govt. School GAY-210,2026-09,821,Yes,648.0,137.0,82.0,58.0,4.0,2.0
Bihar,Gaya,Gaya Block-2,BR022011,Govt. School GAY-211,2026-04,675,Yes,550.0,124.0,71.0,53.0,3.0,2.0
Bihar,Gaya,Gaya Block-2,BR022011,Govt. School GAY-211,2026-05,675,Yes,544.0,117.0,83.0,61.0,3.0,2.0
Bihar,Gaya,Gaya Block-2,BR022011,Govt. School GAY-211,2026-06,675,Yes,578.0,93.0,65.0,49.0,3.0,2.0
Bihar,Gaya,Gaya Block-2,BR022011,Govt. School GAY-211,2026-07,675,Yes,528.0,112.0,70.0,50.0,4.0,1.0
Bihar,Gaya,Gaya Block-2,BR022011,Govt. School GAY-211,2026-08,675,Yes,556.0,105.0,66.0,46.0,3.0,2.0
Bihar,Gaya,Gaya Block-2,BR022011,Govt. School GAY-211,2026-09,675,Yes,526.0,111.0,85.0,52.0,2.0,1.0
Bihar,Gaya,Gaya Block-2,BR022012,Govt. School GAY-212,2026-04,773,Yes,621.0,135.0,91.0,58.0,2.0,2.0
Bihar,Gaya,Gaya Block-2,BR022012,Govt. School GAY-212,2026-05,773,No,,,,,,
Bihar,Gaya,Gaya Block-2,BR022012,Govt. School GAY-212,2026-06,773,Yes,597.0,121.0,79.0,53.0,2.0,2.0
Bihar,Gaya,Gaya Block-2,BR022012,Govt. School GAY-212,2026-07,773,Yes,476.0,101.0,54.0,24.0,1.0,1.0
Bihar,Gaya,Gaya Block-2,BR022012,Govt. School GAY-212,2026-08,773,Yes,590.0,129.0,93.0,59.0,4.0,2.0
Bihar,Gaya,Gaya Block-2,BR022012,Govt. School GAY-212,2026-09,773,Yes,536.0,113.0,80.0,56.0,3.0,2.0
Bihar,Gaya,Gaya Block-3,BR023001,Govt. School GAY-301,2026-04,721,Yes,551.0,137.0,82.0,51.0,3.0,2.0
Bihar,Gaya,Gaya Block-3,BR023001,Govt. School GAY-301,2026-05,721,Yes,569.0,133.0,82.0,55.0,4.0,1.0
Bihar,Gaya,Gaya Block-3,BR023001,Govt. School GAY-301,2026-06,721,Yes,551.0,121.0,67.0,42.0,2.0,1.0
Bihar,Gaya,Gaya Block-3,BR023001,Govt. School GAY-301,2026-07,721,Yes,587.0,115.0,78.0,57.0,4.0,3.0
Bihar,Gaya,Gaya Block-3,BR023001,Govt. School GAY-301,2026-08,721,Yes,516.0,120.0,79.0,45.0,2.0,1.0
Bihar,Gaya,Gaya Block-3,BR023001,Govt. School GAY-301,2026-09,721,Yes,560.0,112.0,80.0,60.0,5.0,1.0
Bihar,Gaya,Gaya Block-3,BR023002,Govt. School GAY-302,2026-04,344,Yes,235.0,52.0,34.0,22.0,4.0,1.0
Bihar,Gaya,Gaya Block-3,BR023002,Govt. School GAY-302,2026-05,344,Yes,235.0,46.0,30.0,17.0,4.0,1.0
Bihar,Gaya,Gaya Block-3,BR023002,Govt. School GAY-302,2026-06,344,No,,,,,,
Bihar,Gaya,Gaya Block-3,BR023002,Govt. School GAY-302,2026-07,344,Yes,254.0,52.0,35.0,25.0,4.0,1.0
Bihar,Gaya,Gaya Block-3,BR023002,Govt. School GAY-302,2026-08,344,Yes,254.0,54.0,38.0,26.0,3.0,2.0
Bihar,Gaya,Gaya Block-3,BR023002,Govt. School GAY-302,2026-09,344,No,,,,,,
Bihar,Gaya,Gaya Block-3,BR023003,Govt. School GAY-303,2026-04,722,Yes,516.0,100.0,57.0,35.0,2.0,1.0
Bihar,Gaya,Gaya Block-3,BR023003,Govt. School GAY-303,2026-05,722,Yes,535.0,117.0,74.0,45.0,3.0,1.0
Bihar,Gaya,Gaya Block-3,BR023003,Govt. School GAY-303,2026-06,722,Yes,561.0,121.0,79.0,53.0,3.0,1.0
Bihar,Gaya,Gaya Block-3,BR023003,Govt. School GAY-303,2026-07,722,Yes,517.0,103.0,70.0,37.0,3.0,1.0
Bihar,Gaya,Gaya Block-3,BR023003,Govt. School GAY-303,2026-08,722,Yes,549.0,111.0,67.0,48.0,4.0,1.0
Bihar,Gaya,Gaya Block-3,BR023003,Govt. School GAY-303,2026-09,722,No,,,,,,
Bihar,Gaya,Gaya Block-3,BR023004,Govt. School GAY-304,2026-04,495,No,,,,,,
Bihar,Gaya,Gaya Block-3,BR023004,Govt. School GAY-304,2026-05,495,Yes,388.0,75.0,46.0,33.0,5.0,1.0
Bihar,Gaya,Gaya Block-3,BR023004,Govt. School GAY-304,2026-06,495,Yes,394.0,86.0,49.0,34.0,3.0,2.0
Bihar,Gaya,Gaya Block-3,BR023004,Govt. School GAY-304,2026-07,495,Yes,367.0,88.0,55.0,39.0,2.0,2.0
Bihar,Gaya,Gaya Block-3,BR023004,Govt. School GAY-304,2026-08,495,Yes,353.0,84.0,46.0,27.0,3.0,1.0
Bihar,Gaya,Gaya Block-3,BR023004,Govt. School GAY-304,2026-09,495,Yes,361.0,73.0,47.0,27.0,3.0,2.0
Bihar,Gaya,Gaya Block-3,BR023005,Govt. School GAY-305,2026-04,485,Yes,387.0,61.0,40.0,25.0,3.0,2.0
Bihar,Gaya,Gaya Block-3,BR023005,Govt. School GAY-305,2026-05,485,Yes,428.0,73.0,51.0,35.0,5.0,1.0
Bihar,Gaya,Gaya Block-3,BR023005,Govt. School GAY-305,2026-06,485,Yes,410.0,72.0,42.0,32.0,4.0,1.0
Bihar,Gaya,Gaya Block-3,BR023005,Govt. School GAY-305,2026-07,485,Yes,410.0,82.0,55.0,42.0,4.0,2.0
Bihar,Gaya,Gaya Block-3,BR023005,Govt. School GAY-305,2026-08,485,No,,,,,,
Bihar,Gaya,Gaya Block-3,BR023005,Govt. School GAY-305,2026-09,485,Yes,421.0,80.0,50.0,37.0,3.0,2.0
Bihar,Gaya,Gaya Block-3,BR023006,Govt. School GAY-306,2026-04,428,Yes,353.0,64.0,43.0,34.0,2.0,2.0
Bihar,Gaya,Gaya Block-3,BR023006,Govt. School GAY-306,2026-05,428,Yes,372.0,62.0,44.0,33.0,3.0,2.0
Bihar,Gaya,Gaya Block-3,BR023006,Govt. School GAY-306,2026-06,428,Yes,369.0,59.0,38.0,27.0,3.0,2.0
Bihar,Gaya,Gaya Block-3,BR023006,Govt. School GAY-306,2026-07,428,Yes,379.0,64.0,43.0,31.0,4.0,2.0
Bihar,Gaya,Gaya Block-3,BR023006,Govt. School GAY-306,2026-08,428,Yes,361.0,63.0,40.0,29.0,2.0,1.0
Bihar,Gaya,Gaya Block-3,BR023006,Govt. School GAY-306,2026-09,428,Yes,343.0,55.0,37.0,25.0,3.0,0.0
Bihar,Gaya,Gaya Block-3,BR023007,Govt. School GAY-307,2026-04,760,Yes,544.0,119.0,83.0,51.0,3.0,2.0
Bihar,Gaya,Gaya Block-3,BR023007,Govt. School GAY-307,2026-05,760,Yes,550.0,114.0,72.0,46.0,4.0,1.0
Bihar,Gaya,Gaya Block-3,BR023007,Govt. School GAY-307,2026-06,760,Yes,562.0,91.0,65.0,37.0,2.0,1.0
Bihar,Gaya,Gaya Block-3,BR023007,Govt. School GAY-307,2026-07,760,Yes,562.0,126.0,95.0,54.0,2.0,2.0
Bihar,Gaya,Gaya Block-3,BR023007,Govt. School GAY-307,2026-08,760,Yes,563.0,112.0,64.0,39.0,4.0,2.0
Bihar,Gaya,Gaya Block-3,BR023007,Govt. School GAY-307,2026-09,760,Yes,549.0,122.0,81.0,49.0,3.0,2.0
Bihar,Gaya,Gaya Block-3,BR023008,Govt. School GAY-308,2026-04,310,Yes,226.0,49.0,34.0,21.0,3.0,3.0
Bihar,Gaya,Gaya Block-3,BR023008,Govt. School GAY-308,2026-05,310,No,,,,,,
Bihar,Gaya,Gaya Block-3,BR023008,Govt. School GAY-308,2026-06,310,Yes,257.0,52.0,36.0,23.0,4.0,2.0
Bihar,Gaya,Gaya Block-3,BR023008,Govt. School GAY-308,2026-07,310,Yes,267.0,52.0,36.0,25.0,2.0,2.0
Bihar,Gaya,Gaya Block-3,BR023008,Govt. School GAY-308,2026-08,310,Yes,257.0,41.0,28.0,20.0,3.0,1.0
Bihar,Gaya,Gaya Block-3,BR023008,Govt. School GAY-308,2026-09,310,Yes,247.0,50.0,35.0,22.0,4.0,2.0
Bihar,Gaya,Gaya Block-3,BR023009,Govt. School GAY-309,2026-04,543,Yes,436.0,64.0,41.0,33.0,4.0,1.0
Bihar,Gaya,Gaya Block-3,BR023009,Govt. School GAY-309,2026-05,543,Yes,469.0,93.0,67.0,47.0,3.0,1.0
Bihar,Gaya,Gaya Block-3,BR023009,Govt. School GAY-309,2026-06,543,Yes,459.0,91.0,57.0,42.0,3.0,2.0
Bihar,Gaya,Gaya Block-3,BR023009,Govt. School GAY-309,2026-07,543,Yes,508.0,88.0,54.0,41.0,4.0,1.0
Bihar,Gaya,Gaya Block-3,BR023009,Govt. School GAY-309,2026-08,543,Yes,457.0,74.0,49.0,38.0,4.0,2.0
Bihar,Gaya,Gaya Block-3,BR023009,Govt. School GAY-309,2026-09,543,No,,,,,,
Bihar,Gaya,Gaya Block-3,BR023010,Govt. School GAY-310,2026-04,507,Yes,402.0,80.0,52.0,37.0,3.0,2.0
Bihar,Gaya,Gaya Block-3,BR023010,Govt. School GAY-310,2026-05,507,Yes,449.0,86.0,64.0,52.0,4.0,2.0
Bihar,Gaya,Gaya Block-3,BR023010,Govt. School GAY-310,2026-06,507,Yes,396.0,65.0,48.0,33.0,4.0,2.0
Bihar,Gaya,Gaya Block-3,BR023010,Govt. School GAY-310,2026-07,507,No,,,,,,
Bihar,Gaya,Gaya Block-3,BR023010,Govt. School GAY-310,2026-08,507,No,,,,,,
Bihar,Gaya,Gaya Block-3,BR023010,Govt. School GAY-310,2026-09,507,Yes,369.0,67.0,44.0,28.0,3.0,2.0
Bihar,Gaya,Gaya Block-3,BR023011,Govt. School GAY-311,2026-04,590,Yes,415.0,97.0,61.0,43.0,3.0,2.0
Bihar,Gaya,Gaya Block-3,BR023011,Govt. School GAY-311,2026-05,590,Yes,419.0,95.0,59.0,30.0,3.0,2.0
Bihar,Gaya,Gaya Block-3,BR023011,Govt. School GAY-311,2026-06,590,Yes,466.0,81.0,61.0,41.0,3.0,1.0
Bihar,Gaya,Gaya Block-3,BR023011,Govt. School GAY-311,2026-07,590,Yes,440.0,86.0,53.0,32.0,3.0,2.0
Bihar,Gaya,Gaya Block-3,BR023011,Govt. School GAY-311,2026-08,590,Yes,432.0,113.0,71.0,47.0,2.0,3.0
Bihar,Gaya,Gaya Block-3,BR023011,Govt. School GAY-311,2026-09,590,Yes,455.0,77.0,53.0,35.0,4.0,1.0
Bihar,Gaya,Gaya Block-3,BR023012,Govt. School GAY-312,2026-04,230,Yes,138.0,33.0,19.0,9.0,2.0,1.0
Bihar,Gaya,Gaya Block-3,BR023012,Govt. School GAY-312,2026-05,230,Yes,140.0,30.0,18.0,10.0,2.0,1.0
Bihar,Gaya,Gaya Block-3,BR023012,Govt. School GAY-312,2026-06,230,Yes,150.0,34.0,22.0,13.0,3.0,1.0
Bihar,Gaya,Gaya Block-3,BR023012,Govt. School GAY-312,2026-07,230,Yes,143.0,36.0,22.0,12.0,3.0,1.0
Bihar,Gaya,Gaya Block-3,BR023012,Govt. School GAY-312,2026-08,230,Yes,138.0,29.0,20.0,9.0,2.0,2.0
Bihar,Gaya,Gaya Block-3,BR023012,Govt. School GAY-312,2026-09,230,Yes,139.0,32.0,18.0,9.0,3.0,1.0
Bihar,Muzaffarpur,Muzaffarpur Block-1,BR031001,Govt. School MUZ-101,2026-04,764,Yes,648.0,131.0,96.0,79.0,4.0,2.0
Bihar,Muzaffarpur,Muzaffarpur Block-1,BR031001,Govt. School MUZ-101,2026-05,764,Yes,627.0,117.0,74.0,50.0,4.0,1.0
Bihar,Muzaffarpur,Muzaffarpur Block-1,BR031001,Govt. School MUZ-101,2026-06,764,Yes,669.0,133.0,85.0,67.0,3.0,1.0
Bihar,Muzaffarpur,Muzaffarpur Block-1,BR031001,Govt. School MUZ-101,2026-07,764,Yes,670.0,140.0,82.0,61.0,4.0,2.0
Bihar,Muzaffarpur,Muzaffarpur Block-1,BR031001,Govt. School MUZ-101,2026-08,764,Yes,640.0,112.0,76.0,51.0,4.0,2.0
Bihar,Muzaffarpur,Muzaffarpur Block-1,BR031001,Govt. School MUZ-101,2026-09,764,Yes,635.0,102.0,70.0,56.0,4.0,1.0
Bihar,Muzaffarpur,Muzaffarpur Block-1,BR031002,Govt. School MUZ-102,2026-04,565,Yes,452.0,95.0,63.0,40.0,3.0,1.0
Bihar,Muzaffarpur,Muzaffarpur Block-1,BR031002,Govt. School MUZ-102,2026-05,565,Yes,440.0,75.0,50.0,34.0,4.0,1.0
Bihar,Muzaffarpur,Muzaffarpur Block-1,BR031002,Govt. School MUZ-102,2026-06,565,Yes,438.0,79.0,52.0,36.0,3.0,1.0
Bihar,Muzaffarpur,Muzaffarpur Block-1,BR031002,Govt. School MUZ-102,2026-07,565,Yes,449.0,91.0,54.0,38.0,3.0,2.0
Bihar,Muzaffarpur,Muzaffarpur Block-1,BR031002,Govt. School MUZ-102,2026-08,565,Yes,439.0,94.0,61.0,37.0,4.0,1.0
Bihar,Muzaffarpur,Muzaffarpur Block-1,BR031002,Govt. School MUZ-102,2026-09,565,Yes,436.0,102.0,62.0,39.0,3.0,1.0
Bihar,Muzaffarpur,Muzaffarpur Block-1,BR031003,Govt. School MUZ-103,2026-04,758,Yes,633.0,110.0,70.0,55.0,3.0,3.0
Bihar,Muzaffarpur,Muzaffarpur Block-1,BR031003,Govt. School MUZ-103,2026-05,758,Yes,666.0,112.0,80.0,57.0,2.0,2.0
Bihar,Muzaffarpur,Muzaffarpur Block-1,BR031003,Govt. School MUZ-103,2026-06,758,Yes,667.0,121.0,79.0,63.0,4.0,2.0
Bihar,Muzaffarpur,Muzaffarpur Block-1,BR031003,Govt. School MUZ-103,2026-07,758,Yes,680.0,140.0,96.0,82.0,3.0,3.0
Bihar,Muzaffarpur,Muzaffarpur Block-1,BR031003,Govt. School MUZ-103,2026-08,758,Yes,606.0,122.0,71.0,49.0,2.0,2.0
Bihar,Muzaffarpur,Muzaffarpur Block-1,BR031003,Govt. School MUZ-103,2026-09,758,Yes,656.0,123.0,73.0,47.0,4.0,2.0
Bihar,Muzaffarpur,Muzaffarpur Block-1,BR031004,Govt. School MUZ-104,2026-04,185,Yes,146.0,26.0,14.0,9.0,4.0,2.0
Bihar,Muzaffarpur,Muzaffarpur Block-1,BR031004,Govt. School MUZ-104,2026-05,185,Yes,134.0,30.0,18.0,11.0,2.0,1.0
Bihar,Muzaffarpur,Muzaffarpur Block-1,BR031004,Govt. School MUZ-104,2026-06,185,Yes,148.0,31.0,20.0,14.0,2.0,2.0
Bihar,Muzaffarpur,Muzaffarpur Block-1,BR031004,Govt. School MUZ-104,2026-07,185,Yes,149.0,25.0,14.0,10.0,3.0,2.0
Bihar,Muzaffarpur,Muzaffarpur Block-1,BR031004,Govt. School MUZ-104,2026-08,185,Yes,144.0,30.0,17.0,10.0,2.0,1.0
Bihar,Muzaffarpur,Muzaffarpur Block-1,BR031004,Govt. School MUZ-104,2026-09,185,Yes,143.0,31.0,22.0,15.0,3.0,1.0
Bihar,Muzaffarpur,Muzaffarpur Block-1,BR031005,Govt. School MUZ-105,2026-04,342,Yes,275.0,49.0,26.0,20.0,3.0,1.0
Bihar,Muzaffarpur,Muzaffarpur Block-1,BR031005,Govt. School MUZ-105,2026-05,342,Yes,293.0,54.0,37.0,25.0,3.0,1.0
Bihar,Muzaffarpur,Muzaffarpur Block-1,BR031005,Govt. School MUZ-105,2026-06,342,Yes,245.0,44.0,27.0,17.0,3.0,2.0
Bihar,Muzaffarpur,Muzaffarpur Block-1,BR031005,Govt. School MUZ-105,2026-07,342,Yes,268.0,48.0,29.0,20.0,3.0,0.0
Bihar,Muzaffarpur,Muzaffarpur Block-1,BR031005,Govt. School MUZ-105,2026-08,342,No,,,,,,
Bihar,Muzaffarpur,Muzaffarpur Block-1,BR031005,Govt. School MUZ-105,2026-09,342,Yes,279.0,62.0,41.0,29.0,4.0,2.0
Bihar,Muzaffarpur,Muzaffarpur Block-1,BR031006,Govt. School MUZ-106,2026-04,445,Yes,370.0,66.0,40.0,32.0,2.0,1.0
Bihar,Muzaffarpur,Muzaffarpur Block-1,BR031006,Govt. School MUZ-106,2026-05,445,Yes,390.0,77.0,46.0,36.0,3.0,1.0
Bihar,Muzaffarpur,Muzaffarpur Block-1,BR031006,Govt. School MUZ-106,2026-06,445,Yes,391.0,64.0,43.0,30.0,4.0,2.0
Bihar,Muzaffarpur,Muzaffarpur Block-1,BR031006,Govt. School MUZ-106,2026-07,445,Yes,393.0,74.0,45.0,36.0,4.0,1.0
Bihar,Muzaffarpur,Muzaffarpur Block-1,BR031006,Govt. School MUZ-106,2026-08,445,Yes,387.0,73.0,51.0,39.0,4.0,2.0
Bihar,Muzaffarpur,Muzaffarpur Block-1,BR031006,Govt. School MUZ-106,2026-09,445,Yes,412.0,82.0,50.0,40.0,4.0,2.0
Bihar,Muzaffarpur,Muzaffarpur Block-1,BR031007,Govt. School MUZ-107,2026-04,399,Yes,350.0,62.0,39.0,29.0,4.0,2.0
Bihar,Muzaffarpur,Muzaffarpur Block-1,BR031007,Govt. School MUZ-107,2026-05,399,Yes,357.0,67.0,47.0,39.0,3.0,2.0
Bihar,Muzaffarpur,Muzaffarpur Block-1,BR031007,Govt. School MUZ-107,2026-06,399,Yes,390.0,74.0,44.0,38.0,5.0,1.0
Bihar,Muzaffarpur,Muzaffarpur Block-1,BR031007,Govt. School MUZ-107,2026-07,399,Yes,360.0,69.0,43.0,33.0,3.0,2.0
Bihar,Muzaffarpur,Muzaffarpur Block-1,BR031007,Govt. School MUZ-107,2026-08,399,Yes,369.0,64.0,39.0,33.0,4.0,1.0
Bihar,Muzaffarpur,Muzaffarpur Block-1,BR031007,Govt. School MUZ-107,2026-09,399,Yes,360.0,70.0,42.0,31.0,3.0,2.0
Bihar,Muzaffarpur,Muzaffarpur Block-1,BR031008,Govt. School MUZ-108,2026-04,714,Yes,553.0,105.0,68.0,43.0,3.0,1.0
Bihar,Muzaffarpur,Muzaffarpur Block-1,BR031008,Govt. School MUZ-108,2026-05,714,Yes,546.0,109.0,67.0,41.0,3.0,2.0
Bihar,Muzaffarpur,Muzaffarpur Block-1,BR031008,Govt. School MUZ-108,2026-06,714,Yes,520.0,104.0,73.0,50.0,3.0,1.0
Bihar,Muzaffarpur,Muzaffarpur Block-1,BR031008,Govt. School MUZ-108,2026-07,714,Yes,527.0,125.0,75.0,48.0,3.0,2.0
Bihar,Muzaffarpur,Muzaffarpur Block-1,BR031008,Govt. School MUZ-108,2026-08,714,Yes,504.0,111.0,70.0,42.0,2.0,2.0
Bihar,Muzaffarpur,Muzaffarpur Block-1,BR031008,Govt. School MUZ-108,2026-09,714,Yes,571.0,102.0,61.0,40.0,3.0,2.0
Bihar,Muzaffarpur,Muzaffarpur Block-1,BR031009,Govt. School MUZ-109,2026-04,229,Yes,197.0,37.0,24.0,17.0,3.0,2.0
Bihar,Muzaffarpur,Muzaffarpur Block-1,BR031009,Govt. School MUZ-109,2026-05,229,Yes,208.0,36.0,24.0,20.0,4.0,2.0
Bihar,Muzaffarpur,Muzaffarpur Block-1,BR031009,Govt. School MUZ-109,2026-06,229,No,,,,,,
Bihar,Muzaffarpur,Muzaffarpur Block-1,BR031009,Govt. School MUZ-109,2026-07,229,No,,,,,,
Bihar,Muzaffarpur,Muzaffarpur Block-1,BR031009,Govt. School MUZ-109,2026-08,229,No,,,,,,
Bihar,Muzaffarpur,Muzaffarpur Block-1,BR031009,Govt. School MUZ-109,2026-09,229,Yes,193.0,36.0,17.0,13.0,4.0,2.0
Bihar,Muzaffarpur,Muzaffarpur Block-1,BR031010,Govt. School MUZ-110,2026-04,386,Yes,361.0,65.0,43.0,35.0,3.0,2.0
Bihar,Muzaffarpur,Muzaffarpur Block-1,BR031010,Govt. School MUZ-110,2026-05,386,No,,,,,,
Bihar,Muzaffarpur,Muzaffarpur Block-1,BR031010,Govt. School MUZ-110,2026-06,386,Yes,308.0,53.0,34.0,25.0,3.0,1.0
Bihar,Muzaffarpur,Muzaffarpur Block-1,BR031010,Govt. School MUZ-110,2026-07,386,Yes,308.0,51.0,31.0,21.0,2.0,2.0
Bihar,Muzaffarpur,Muzaffarpur Block-1,BR031010,Govt. School MUZ-110,2026-08,386,Yes,329.0,65.0,44.0,34.0,5.0,2.0
Bihar,Muzaffarpur,Muzaffarpur Block-1,BR031010,Govt. School MUZ-110,2026-09,386,Yes,346.0,64.0,43.0,37.0,3.0,1.0
Bihar,Muzaffarpur,Muzaffarpur Block-1,BR031011,Govt. School MUZ-111,2026-04,243,Yes,161.0,34.0,19.0,11.0,3.0,1.0
Bihar,Muzaffarpur,Muzaffarpur Block-1,BR031011,Govt. School MUZ-111,2026-05,243,Yes,168.0,33.0,20.0,16.0,3.0,1.0
Bihar,Muzaffarpur,Muzaffarpur Block-1,BR031011,Govt. School MUZ-111,2026-06,243,Yes,159.0,39.0,24.0,13.0,3.0,2.0
Bihar,Muzaffarpur,Muzaffarpur Block-1,BR031011,Govt. School MUZ-111,2026-07,243,Yes,165.0,37.0,23.0,14.0,2.0,2.0
Bihar,Muzaffarpur,Muzaffarpur Block-1,BR031011,Govt. School MUZ-111,2026-08,243,Yes,162.0,38.0,25.0,16.0,2.0,1.0
Bihar,Muzaffarpur,Muzaffarpur Block-1,BR031011,Govt. School MUZ-111,2026-09,243,Yes,170.0,39.0,22.0,11.0,2.0,2.0
Bihar,Muzaffarpur,Muzaffarpur Block-1,BR031012,Govt. School MUZ-112,2026-04,623,Yes,493.0,102.0,63.0,45.0,3.0,2.0
Bihar,Muzaffarpur,Muzaffarpur Block-1,BR031012,Govt. School MUZ-112,2026-05,623,Yes,488.0,112.0,74.0,47.0,3.0,2.0
Bihar,Muzaffarpur,Muzaffarpur Block-1,BR031012,Govt. School MUZ-112,2026-06,623,Yes,544.0,97.0,53.0,36.0,3.0,1.0
Bihar,Muzaffarpur,Muzaffarpur Block-1,BR031012,Govt. School MUZ-112,2026-07,623,Yes,510.0,109.0,79.0,51.0,3.0,2.0
Bihar,Muzaffarpur,Muzaffarpur Block-1,BR031012,Govt. School MUZ-112,2026-08,623,Yes,470.0,88.0,53.0,34.0,4.0,2.0
Bihar,Muzaffarpur,Muzaffarpur Block-1,BR031012,Govt. School MUZ-112,2026-09,623,Yes,499.0,103.0,74.0,48.0,3.0,1.0
Bihar,Muzaffarpur,Muzaffarpur Block-2,BR032001,Govt. School MUZ-201,2026-04,674,Yes,467.0,93.0,49.0,26.0,4.0,2.0
Bihar,Muzaffarpur,Muzaffarpur Block-2,BR032001,Govt. School MUZ-201,2026-05,674,Yes,424.0,100.0,62.0,36.0,3.0,1.0
Bihar,Muzaffarpur,Muzaffarpur Block-2,BR032001,Govt. School MUZ-201,2026-06,674,Yes,532.0,113.0,65.0,44.0,3.0,1.0
Bihar,Muzaffarpur,Muzaffarpur Block-2,BR032001,Govt. School MUZ-201,2026-07,674,Yes,497.0,94.0,62.0,37.0,3.0,1.0
Bihar,Muzaffarpur,Muzaffarpur Block-2,BR032001,Govt. School MUZ-201,2026-08,674,Yes,528.0,113.0,78.0,43.0,4.0,2.0
Bihar,Muzaffarpur,Muzaffarpur Block-2,BR032001,Govt. School MUZ-201,2026-09,674,Yes,537.0,108.0,64.0,45.0,3.0,2.0
Bihar,Muzaffarpur,Muzaffarpur Block-2,BR032002,Govt. School MUZ-202,2026-04,826,Yes,642.0,147.0,78.0,51.0,3.0,2.0
Bihar,Muzaffarpur,Muzaffarpur Block-2,BR032002,Govt. School MUZ-202,2026-05,826,Yes,681.0,127.0,87.0,57.0,4.0,1.0
Bihar,Muzaffarpur,Muzaffarpur Block-2,BR032002,Govt. School MUZ-202,2026-06,826,Yes,638.0,121.0,69.0,46.0,3.0,2.0
Bihar,Muzaffarpur,Muzaffarpur Block-2,BR032002,Govt. School MUZ-202,2026-07,826,Yes,624.0,119.0,72.0,53.0,3.0,3.0
Bihar,Muzaffarpur,Muzaffarpur Block-2,BR032002,Govt. School MUZ-202,2026-08,826,Yes,630.0,116.0,80.0,51.0,3.0,2.0
Bihar,Muzaffarpur,Muzaffarpur Block-2,BR032002,Govt. School MUZ-202,2026-09,826,Yes,659.0,140.0,102.0,71.0,3.0,2.0
Bihar,Muzaffarpur,Muzaffarpur Block-2,BR032003,Govt. School MUZ-203,2026-04,491,Yes,397.0,81.0,50.0,38.0,3.0,2.0
Bihar,Muzaffarpur,Muzaffarpur Block-2,BR032003,Govt. School MUZ-203,2026-05,491,Yes,380.0,86.0,54.0,39.0,3.0,2.0
Bihar,Muzaffarpur,Muzaffarpur Block-2,BR032003,Govt. School MUZ-203,2026-06,491,Yes,399.0,61.0,41.0,31.0,4.0,2.0
Bihar,Muzaffarpur,Muzaffarpur Block-2,BR032003,Govt. School MUZ-203,2026-07,491,Yes,383.0,89.0,63.0,48.0,2.0,1.0
Bihar,Muzaffarpur,Muzaffarpur Block-2,BR032003,Govt. School MUZ-203,2026-08,491,Yes,397.0,78.0,47.0,34.0,2.0,2.0
Bihar,Muzaffarpur,Muzaffarpur Block-2,BR032003,Govt. School MUZ-203,2026-09,491,Yes,392.0,69.0,47.0,34.0,2.0,0.0
Bihar,Muzaffarpur,Muzaffarpur Block-2,BR032004,Govt. School MUZ-204,2026-04,601,Yes,530.0,82.0,59.0,41.0,5.0,3.0
Bihar,Muzaffarpur,Muzaffarpur Block-2,BR032004,Govt. School MUZ-204,2026-05,601,Yes,462.0,80.0,49.0,38.0,3.0,1.0
Bihar,Muzaffarpur,Muzaffarpur Block-2,BR032004,Govt. School MUZ-204,2026-06,601,Yes,470.0,97.0,61.0,41.0,3.0,2.0
Bihar,Muzaffarpur,Muzaffarpur Block-2,BR032004,Govt. School MUZ-204,2026-07,601,Yes,480.0,97.0,61.0,42.0,3.0,2.0
Bihar,Muzaffarpur,Muzaffarpur Block-2,BR032004,Govt. School MUZ-204,2026-08,601,Yes,466.0,99.0,63.0,40.0,4.0,2.0
Bihar,Muzaffarpur,Muzaffarpur Block-2,BR032004,Govt. School MUZ-204,2026-09,601,Yes,510.0,74.0,52.0,35.0,3.0,1.0
Bihar,Muzaffarpur,Muzaffarpur Block-2,BR032005,Govt. School MUZ-205,2026-04,186,Yes,157.0,32.0,20.0,13.0,3.0,2.0
Bihar,Muzaffarpur,Muzaffarpur Block-2,BR032005,Govt. School MUZ-205,2026-05,186,Yes,170.0,29.0,16.0,12.0,5.0,2.0
Bihar,Muzaffarpur,Muzaffarpur Block-2,BR032005,Govt. School MUZ-205,2026-06,186,Yes,166.0,27.0,18.0,15.0,4.0,2.0
Bihar,Muzaffarpur,Muzaffarpur Block-2,BR032005,Govt. School MUZ-205,2026-07,186,Yes,175.0,27.0,18.0,14.0,5.0,2.0
Bihar,Muzaffarpur,Muzaffarpur Block-2,BR032005,Govt. School MUZ-205,2026-08,186,Yes,174.0,33.0,24.0,19.0,4.0,2.0
Bihar,Muzaffarpur,Muzaffarpur Block-2,BR032005,Govt. School MUZ-205,2026-09,186,Yes,179.0,34.0,17.0,14.0,3.0,3.0
Bihar,Muzaffarpur,Muzaffarpur Block-2,BR032006,Govt. School MUZ-206,2026-04,559,Yes,473.0,90.0,61.0,44.0,3.0,2.0
Bihar,Muzaffarpur,Muzaffarpur Block-2,BR032006,Govt. School MUZ-206,2026-05,559,Yes,454.0,95.0,57.0,33.0,3.0,2.0
Bihar,Muzaffarpur,Muzaffarpur Block-2,BR032006,Govt. School MUZ-206,2026-06,559,Yes,466.0,90.0,61.0,42.0,2.0,2.0
Bihar,Muzaffarpur,Muzaffarpur Block-2,BR032006,Govt. School MUZ-206,2026-07,559,Yes,435.0,86.0,58.0,45.0,3.0,1.0
Bihar,Muzaffarpur,Muzaffarpur Block-2,BR032006,Govt. School MUZ-206,2026-08,559,Yes,400.0,84.0,56.0,37.0,4.0,2.0
Bihar,Muzaffarpur,Muzaffarpur Block-2,BR032006,Govt. School MUZ-206,2026-09,559,Yes,421.0,87.0,50.0,30.0,2.0,1.0
Bihar,Muzaffarpur,Muzaffarpur Block-2,BR032007,Govt. School MUZ-207,2026-04,661,Yes,568.0,111.0,76.0,51.0,2.0,2.0
Bihar,Muzaffarpur,Muzaffarpur Block-2,BR032007,Govt. School MUZ-207,2026-05,661,Yes,590.0,102.0,65.0,55.0,3.0,2.0
Bihar,Muzaffarpur,Muzaffarpur Block-2,BR032007,Govt. School MUZ-207,2026-06,661,Yes,606.0,115.0,86.0,69.0,2.0,2.0
Bihar,Muzaffarpur,Muzaffarpur Block-2,BR032007,Govt. School MUZ-207,2026-07,661,Yes,559.0,95.0,65.0,49.0,4.0,2.0
Bihar,Muzaffarpur,Muzaffarpur Block-2,BR032007,Govt. School MUZ-207,2026-08,661,Yes,550.0,82.0,58.0,42.0,4.0,2.0
Bihar,Muzaffarpur,Muzaffarpur Block-2,BR032007,Govt. School MUZ-207,2026-09,661,Yes,548.0,124.0,81.0,56.0,4.0,2.0
Bihar,Muzaffarpur,Muzaffarpur Block-2,BR032008,Govt. School MUZ-208,2026-04,841,Yes,659.0,144.0,80.0,54.0,3.0,2.0
Bihar,Muzaffarpur,Muzaffarpur Block-2,BR032008,Govt. School MUZ-208,2026-05,841,Yes,666.0,120.0,79.0,57.0,3.0,2.0
Bihar,Muzaffarpur,Muzaffarpur Block-2,BR032008,Govt. School MUZ-208,2026-06,841,Yes,721.0,130.0,83.0,70.0,4.0,1.0
Bihar,Muzaffarpur,Muzaffarpur Block-2,BR032008,Govt. School MUZ-208,2026-07,841,Yes,739.0,144.0,83.0,60.0,3.0,2.0
Bihar,Muzaffarpur,Muzaffarpur Block-2,BR032008,Govt. School MUZ-208,2026-08,841,Yes,650.0,121.0,66.0,50.0,4.0,1.0
Bihar,Muzaffarpur,Muzaffarpur Block-2,BR032008,Govt. School MUZ-208,2026-09,841,Yes,680.0,137.0,81.0,62.0,4.0,2.0
Bihar,Muzaffarpur,Muzaffarpur Block-2,BR032009,Govt. School MUZ-209,2026-04,483,Yes,416.0,66.0,47.0,38.0,3.0,3.0
Bihar,Muzaffarpur,Muzaffarpur Block-2,BR032009,Govt. School MUZ-209,2026-05,483,Yes,428.0,71.0,47.0,30.0,4.0,2.0
Bihar,Muzaffarpur,Muzaffarpur Block-2,BR032009,Govt. School MUZ-209,2026-06,483,Yes,397.0,65.0,41.0,31.0,4.0,2.0
Bihar,Muzaffarpur,Muzaffarpur Block-2,BR032009,Govt. School MUZ-209,2026-07,483,Yes,391.0,83.0,54.0,49.0,5.0,2.0
Bihar,Muzaffarpur,Muzaffarpur Block-2,BR032009,Govt. School MUZ-209,2026-08,483,Yes,400.0,70.0,46.0,32.0,3.0,2.0
Bihar,Muzaffarpur,Muzaffarpur Block-2,BR032009,Govt. School MUZ-209,2026-09,483,Yes,411.0,77.0,47.0,34.0,2.0,2.0
Bihar,Muzaffarpur,Muzaffarpur Block-2,BR032010,Govt. School MUZ-210,2026-04,718,Yes,582.0,115.0,73.0,52.0,3.0,1.0
Bihar,Muzaffarpur,Muzaffarpur Block-2,BR032010,Govt. School MUZ-210,2026-05,718,Yes,620.0,119.0,74.0,61.0,3.0,1.0
Bihar,Muzaffarpur,Muzaffarpur Block-2,BR032010,Govt. School MUZ-210,2026-06,718,Yes,598.0,109.0,66.0,39.0,4.0,2.0
Bihar,Muzaffarpur,Muzaffarpur Block-2,BR032010,Govt. School MUZ-210,2026-07,718,Yes,581.0,127.0,86.0,65.0,4.0,2.0
Bihar,Muzaffarpur,Muzaffarpur Block-2,BR032010,Govt. School MUZ-210,2026-08,718,Yes,611.0,87.0,61.0,46.0,2.0,2.0
Bihar,Muzaffarpur,Muzaffarpur Block-2,BR032010,Govt. School MUZ-210,2026-09,718,Yes,589.0,107.0,66.0,45.0,3.0,2.0
Bihar,Muzaffarpur,Muzaffarpur Block-2,BR032011,Govt. School MUZ-211,2026-04,340,Yes,273.0,58.0,37.0,27.0,4.0,2.0
Bihar,Muzaffarpur,Muzaffarpur Block-2,BR032011,Govt. School MUZ-211,2026-05,340,Yes,302.0,55.0,41.0,31.0,5.0,2.0
Bihar,Muzaffarpur,Muzaffarpur Block-2,BR032011,Govt. School MUZ-211,2026-06,340,Yes,301.0,52.0,35.0,26.0,3.0,2.0
Bihar,Muzaffarpur,Muzaffarpur Block-2,BR032011,Govt. School MUZ-211,2026-07,340,Yes,282.0,65.0,43.0,28.0,4.0,1.0
Bihar,Muzaffarpur,Muzaffarpur Block-2,BR032011,Govt. School MUZ-211,2026-08,340,Yes,301.0,61.0,44.0,35.0,3.0,2.0
Bihar,Muzaffarpur,Muzaffarpur Block-2,BR032011,Govt. School MUZ-211,2026-09,340,Yes,304.0,55.0,34.0,29.0,4.0,2.0
Bihar,Muzaffarpur,Muzaffarpur Block-2,BR032012,Govt. School MUZ-212,2026-04,201,Yes,155.0,32.0,20.0,14.0,1.0,1.0
Bihar,Muzaffarpur,Muzaffarpur Block-2,BR032012,Govt. School MUZ-212,2026-05,201,No,,,,,,
Bihar,Muzaffarpur,Muzaffarpur Block-2,BR032012,Govt. School MUZ-212,2026-06,201,Yes,155.0,34.0,22.0,14.0,3.0,2.0
Bihar,Muzaffarpur,Muzaffarpur Block-2,BR032012,Govt. School MUZ-212,2026-07,201,Yes,161.0,33.0,20.0,13.0,3.0,2.0
Bihar,Muzaffarpur,Muzaffarpur Block-2,BR032012,Govt. School MUZ-212,2026-08,201,Yes,158.0,33.0,20.0,14.0,3.0,2.0
Bihar,Muzaffarpur,Muzaffarpur Block-2,BR032012,Govt. School MUZ-212,2026-09,201,Yes,151.0,35.0,21.0,10.0,4.0,2.0
Bihar,Muzaffarpur,Muzaffarpur Block-3,BR033001,Govt. School MUZ-301,2026-04,889,Yes,791.0,157.0,96.0,79.0,3.0,2.0
Bihar,Muzaffarpur,Muzaffarpur Block-3,BR033001,Govt. School MUZ-301,2026-05,889,No,,,,,,
Bihar,Muzaffarpur,Muzaffarpur Block-3,BR033001,Govt. School MUZ-301,2026-06,889,No,,,,,,
Bihar,Muzaffarpur,Muzaffarpur Block-3,BR033001,Govt. School MUZ-301,2026-07,889,Yes,803.0,132.0,91.0,76.0,4.0,2.0
Bihar,Muzaffarpur,Muzaffarpur Block-3,BR033001,Govt. School MUZ-301,2026-08,889,Yes,787.0,147.0,92.0,75.0,3.0,1.0
Bihar,Muzaffarpur,Muzaffarpur Block-3,BR033001,Govt. School MUZ-301,2026-09,889,Yes,752.0,128.0,94.0,72.0,5.0,1.0
Bihar,Muzaffarpur,Muzaffarpur Block-3,BR033002,Govt. School MUZ-302,2026-04,810,Yes,688.0,134.0,83.0,63.0,4.0,1.0
Bihar,Muzaffarpur,Muzaffarpur Block-3,BR033002,Govt. School MUZ-302,2026-05,810,Yes,684.0,138.0,89.0,72.0,1.0,2.0
Bihar,Muzaffarpur,Muzaffarpur Block-3,BR033002,Govt. School MUZ-302,2026-06,810,Yes,692.0,150.0,90.0,73.0,3.0,1.0
Bihar,Muzaffarpur,Muzaffarpur Block-3,BR033002,Govt. School MUZ-302,2026-07,810,Yes,680.0,124.0,98.0,70.0,4.0,2.0
Bihar,Muzaffarpur,Muzaffarpur Block-3,BR033002,Govt. School MUZ-302,2026-08,810,Yes,732.0,138.0,83.0,66.0,4.0,1.0
Bihar,Muzaffarpur,Muzaffarpur Block-3,BR033002,Govt. School MUZ-302,2026-09,810,Yes,708.0,136.0,83.0,68.0,2.0,2.0
Bihar,Muzaffarpur,Muzaffarpur Block-3,BR033003,Govt. School MUZ-303,2026-04,785,Yes,598.0,130.0,80.0,59.0,2.0,1.0
Bihar,Muzaffarpur,Muzaffarpur Block-3,BR033003,Govt. School MUZ-303,2026-05,785,Yes,637.0,127.0,79.0,54.0,3.0,2.0
Bihar,Muzaffarpur,Muzaffarpur Block-3,BR033003,Govt. School MUZ-303,2026-06,785,Yes,611.0,120.0,76.0,47.0,3.0,1.0
Bihar,Muzaffarpur,Muzaffarpur Block-3,BR033003,Govt. School MUZ-303,2026-07,785,Yes,591.0,136.0,79.0,47.0,3.0,1.0
Bihar,Muzaffarpur,Muzaffarpur Block-3,BR033003,Govt. School MUZ-303,2026-08,785,Yes,627.0,138.0,86.0,60.0,4.0,3.0
Bihar,Muzaffarpur,Muzaffarpur Block-3,BR033003,Govt. School MUZ-303,2026-09,785,Yes,552.0,113.0,82.0,50.0,2.0,2.0
Bihar,Muzaffarpur,Muzaffarpur Block-3,BR033004,Govt. School MUZ-304,2026-04,337,Yes,262.0,48.0,34.0,24.0,1.0,2.0
Bihar,Muzaffarpur,Muzaffarpur Block-3,BR033004,Govt. School MUZ-304,2026-05,337,Yes,255.0,63.0,40.0,26.0,3.0,1.0
Bihar,Muzaffarpur,Muzaffarpur Block-3,BR033004,Govt. School MUZ-304,2026-06,337,Yes,266.0,54.0,31.0,21.0,4.0,1.0
Bihar,Muzaffarpur,Muzaffarpur Block-3,BR033004,Govt. School MUZ-304,2026-07,337,Yes,264.0,45.0,27.0,17.0,3.0,1.0
Bihar,Muzaffarpur,Muzaffarpur Block-3,BR033004,Govt. School MUZ-304,2026-08,337,Yes,267.0,54.0,31.0,22.0,3.0,2.0
Bihar,Muzaffarpur,Muzaffarpur Block-3,BR033004,Govt. School MUZ-304,2026-09,337,Yes,266.0,47.0,33.0,26.0,4.0,2.0
Bihar,Muzaffarpur,Muzaffarpur Block-3,BR033005,Govt. School MUZ-305,2026-04,449,Yes,343.0,68.0,46.0,31.0,3.0,2.0
Bihar,Muzaffarpur,Muzaffarpur Block-3,BR033005,Govt. School MUZ-305,2026-05,449,Yes,329.0,72.0,41.0,25.0,3.0,2.0
Bihar,Muzaffarpur,Muzaffarpur Block-3,BR033005,Govt. School MUZ-305,2026-06,449,Yes,343.0,71.0,46.0,30.0,3.0,1.0
Bihar,Muzaffarpur,Muzaffarpur Block-3,BR033005,Govt. School MUZ-305,2026-07,449,Yes,361.0,53.0,33.0,24.0,3.0,2.0
Bihar,Muzaffarpur,Muzaffarpur Block-3,BR033005,Govt. School MUZ-305,2026-08,449,Yes,356.0,70.0,44.0,31.0,2.0,2.0
Bihar,Muzaffarpur,Muzaffarpur Block-3,BR033005,Govt. School MUZ-305,2026-09,449,Yes,353.0,68.0,42.0,31.0,4.0,1.0
Bihar,Muzaffarpur,Muzaffarpur Block-3,BR033006,Govt. School MUZ-306,2026-04,605,Yes,485.0,85.0,50.0,33.0,4.0,2.0
Bihar,Muzaffarpur,Muzaffarpur Block-3,BR033006,Govt. School MUZ-306,2026-05,605,Yes,524.0,99.0,63.0,44.0,3.0,2.0
Bihar,Muzaffarpur,Muzaffarpur Block-3,BR033006,Govt. School MUZ-306,2026-06,605,Yes,531.0,103.0,74.0,55.0,3.0,2.0
Bihar,Muzaffarpur,Muzaffarpur Block-3,BR033006,Govt. School MUZ-306,2026-07,605,Yes,528.0,115.0,76.0,57.0,3.0,2.0
Bihar,Muzaffarpur,Muzaffarpur Block-3,BR033006,Govt. School MUZ-306,2026-08,605,Yes,531.0,96.0,56.0,39.0,4.0,3.0
Bihar,Muzaffarpur,Muzaffarpur Block-3,BR033006,Govt. School MUZ-306,2026-09,605,Yes,555.0,84.0,50.0,41.0,5.0,2.0
Bihar,Muzaffarpur,Muzaffarpur Block-3,BR033007,Govt. School MUZ-307,2026-04,559,Yes,475.0,84.0,55.0,42.0,4.0,1.0
Bihar,Muzaffarpur,Muzaffarpur Block-3,BR033007,Govt. School MUZ-307,2026-05,559,Yes,481.0,76.0,49.0,37.0,4.0,2.0
Bihar,Muzaffarpur,Muzaffarpur Block-3,BR033007,Govt. School MUZ-307,2026-06,559,Yes,500.0,91.0,62.0,46.0,4.0,1.0
Bihar,Muzaffarpur,Muzaffarpur Block-3,BR033007,Govt. School MUZ-307,2026-07,559,Yes,472.0,87.0,63.0,52.0,3.0,2.0
Bihar,Muzaffarpur,Muzaffarpur Block-3,BR033007,Govt. School MUZ-307,2026-08,559,No,,,,,,
Bihar,Muzaffarpur,Muzaffarpur Block-3,BR033007,Govt. School MUZ-307,2026-09,559,Yes,506.0,92.0,56.0,44.0,4.0,1.0
Bihar,Muzaffarpur,Muzaffarpur Block-3,BR033008,Govt. School MUZ-308,2026-04,565,Yes,473.0,72.0,51.0,35.0,3.0,1.0
Bihar,Muzaffarpur,Muzaffarpur Block-3,BR033008,Govt. School MUZ-308,2026-05,565,Yes,476.0,85.0,52.0,37.0,4.0,2.0
Bihar,Muzaffarpur,Muzaffarpur Block-3,BR033008,Govt. School MUZ-308,2026-06,565,No,,,,,,
Bihar,Muzaffarpur,Muzaffarpur Block-3,BR033008,Govt. School MUZ-308,2026-07,565,Yes,484.0,84.0,51.0,40.0,3.0,2.0
Bihar,Muzaffarpur,Muzaffarpur Block-3,BR033008,Govt. School MUZ-308,2026-08,565,Yes,480.0,87.0,62.0,52.0,4.0,2.0
Bihar,Muzaffarpur,Muzaffarpur Block-3,BR033008,Govt. School MUZ-308,2026-09,565,Yes,455.0,81.0,55.0,40.0,4.0,1.0
Bihar,Muzaffarpur,Muzaffarpur Block-3,BR033009,Govt. School MUZ-309,2026-04,772,Yes,686.0,102.0,66.0,54.0,4.0,2.0
Bihar,Muzaffarpur,Muzaffarpur Block-3,BR033009,Govt. School MUZ-309,2026-05,772,Yes,709.0,132.0,91.0,65.0,6.0,2.0
Bihar,Muzaffarpur,Muzaffarpur Block-3,BR033009,Govt. School MUZ-309,2026-06,772,No,,,,,,
Bihar,Muzaffarpur,Muzaffarpur Block-3,BR033009,Govt. School MUZ-309,2026-07,772,Yes,655.0,103.0,66.0,48.0,2.0,2.0
Bihar,Muzaffarpur,Muzaffarpur Block-3,BR033009,Govt. School MUZ-309,2026-08,772,Yes,672.0,140.0,90.0,71.0,4.0,1.0
Bihar,Muzaffarpur,Muzaffarpur Block-3,BR033009,Govt. School MUZ-309,2026-09,772,Yes,732.0,146.0,82.0,71.0,3.0,2.0
Bihar,Muzaffarpur,Muzaffarpur Block-3,BR033010,Govt. School MUZ-310,2026-04,742,Yes,604.0,133.0,89.0,68.0,3.0,1.0
Bihar,Muzaffarpur,Muzaffarpur Block-3,BR033010,Govt. School MUZ-310,2026-05,742,Yes,639.0,103.0,73.0,54.0,3.0,1.0
Bihar,Muzaffarpur,Muzaffarpur Block-3,BR033010,Govt. School MUZ-310,2026-06,742,Yes,641.0,115.0,77.0,62.0,3.0,3.0
Bihar,Muzaffarpur,Muzaffarpur Block-3,BR033010,Govt. School MUZ-310,2026-07,742,Yes,632.0,122.0,78.0,58.0,4.0,3.0
Bihar,Muzaffarpur,Muzaffarpur Block-3,BR033010,Govt. School MUZ-310,2026-08,742,Yes,674.0,123.0,75.0,58.0,3.0,2.0
Bihar,Muzaffarpur,Muzaffarpur Block-3,BR033010,Govt. School MUZ-310,2026-09,742,Yes,635.0,124.0,83.0,63.0,2.0,2.0
Bihar,Muzaffarpur,Muzaffarpur Block-3,BR033011,Govt. School MUZ-311,2026-04,864,Yes,749.0,150.0,93.0,67.0,2.0,1.0
Bihar,Muzaffarpur,Muzaffarpur Block-3,BR033011,Govt. School MUZ-311,2026-05,864,Yes,683.0,122.0,86.0,61.0,3.0,1.0
Bihar,Muzaffarpur,Muzaffarpur Block-3,BR033011,Govt. School MUZ-311,2026-06,864,Yes,745.0,126.0,81.0,65.0,3.0,1.0
Bihar,Muzaffarpur,Muzaffarpur Block-3,BR033011,Govt. School MUZ-311,2026-07,864,Yes,817.0,133.0,83.0,63.0,3.0,2.0
Bihar,Muzaffarpur,Muzaffarpur Block-3,BR033011,Govt. School MUZ-311,2026-08,864,Yes,801.0,166.0,116.0,94.0,3.0,2.0
Bihar,Muzaffarpur,Muzaffarpur Block-3,BR033011,Govt. School MUZ-311,2026-09,864,Yes,790.0,126.0,96.0,72.0,3.0,2.0
Bihar,Muzaffarpur,Muzaffarpur Block-3,BR033012,Govt. School MUZ-312,2026-04,773,Yes,562.0,127.0,77.0,43.0,4.0,1.0
Bihar,Muzaffarpur,Muzaffarpur Block-3,BR033012,Govt. School MUZ-312,2026-05,773,Yes,642.0,124.0,85.0,60.0,4.0,1.0
Bihar,Muzaffarpur,Muzaffarpur Block-3,BR033012,Govt. School MUZ-312,2026-06,773,Yes,620.0,135.0,94.0,64.0,2.0,1.0
Bihar,Muzaffarpur,Muzaffarpur Block-3,BR033012,Govt. School MUZ-312,2026-07,773,Yes,599.0,148.0,93.0,63.0,3.0,2.0
Bihar,Muzaffarpur,Muzaffarpur Block-3,BR033012,Govt. School MUZ-312,2026-08,773,Yes,615.0,120.0,78.0,52.0,2.0,2.0
Bihar,Muzaffarpur,Muzaffarpur Block-3,BR033012,Govt. School MUZ-312,2026-09,773,Yes,643.0,134.0,95.0,68.0,2.0,1.0
Bihar,Bhagalpur,Bhagalpur Block-1,BR041001,Govt. School BHA-101,2026-04,583,Yes,360.0,78.0,49.0,27.0,2.0,0.0
Bihar,Bhagalpur,Bhagalpur Block-1,BR041001,Govt. School BHA-101,2026-05,583,Yes,368.0,79.0,54.0,29.0,3.0,1.0
Bihar,Bhagalpur,Bhagalpur Block-1,BR041001,Govt. School BHA-101,2026-06,583,Yes,388.0,88.0,61.0,33.0,3.0,0.0
Bihar,Bhagalpur,Bhagalpur Block-1,BR041001,Govt. School BHA-101,2026-07,583,Yes,370.0,81.0,60.0,23.0,3.0,0.0
Bihar,Bhagalpur,Bhagalpur Block-1,BR041001,Govt. School BHA-101,2026-08,583,Yes,364.0,79.0,49.0,28.0,2.0,1.0
Bihar,Bhagalpur,Bhagalpur Block-1,BR041001,Govt. School BHA-101,2026-09,583,Yes,369.0,87.0,58.0,32.0,3.0,1.0
Bihar,Bhagalpur,Bhagalpur Block-1,BR041002,Govt. School BHA-102,2026-04,681,No,,,,,,
Bihar,Bhagalpur,Bhagalpur Block-1,BR041002,Govt. School BHA-102,2026-05,681,Yes,497.0,110.0,73.0,48.0,3.0,1.0
Bihar,Bhagalpur,Bhagalpur Block-1,BR041002,Govt. School BHA-102,2026-06,681,Yes,509.0,98.0,61.0,38.0,2.0,1.0
Bihar,Bhagalpur,Bhagalpur Block-1,BR041002,Govt. School BHA-102,2026-07,681,Yes,454.0,107.0,67.0,45.0,2.0,2.0
Bihar,Bhagalpur,Bhagalpur Block-1,BR041002,Govt. School BHA-102,2026-08,681,Yes,476.0,123.0,82.0,49.0,3.0,1.0
Bihar,Bhagalpur,Bhagalpur Block-1,BR041002,Govt. School BHA-102,2026-09,681,No,,,,,,
Bihar,Bhagalpur,Bhagalpur Block-1,BR041003,Govt. School BHA-103,2026-04,342,No,,,,,,
Bihar,Bhagalpur,Bhagalpur Block-1,BR041003,Govt. School BHA-103,2026-05,342,No,,,,,,
Bihar,Bhagalpur,Bhagalpur Block-1,BR041003,Govt. School BHA-103,2026-06,342,Yes,268.0,61.0,41.0,28.0,3.0,2.0
Bihar,Bhagalpur,Bhagalpur Block-1,BR041003,Govt. School BHA-103,2026-07,342,No,,,,,,
Bihar,Bhagalpur,Bhagalpur Block-1,BR041003,Govt. School BHA-103,2026-08,342,Yes,242.0,48.0,31.0,18.0,3.0,1.0
Bihar,Bhagalpur,Bhagalpur Block-1,BR041003,Govt. School BHA-103,2026-09,342,No,,,,,,
Bihar,Bhagalpur,Bhagalpur Block-1,BR041004,Govt. School BHA-104,2026-04,399,Yes,287.0,59.0,43.0,30.0,2.0,1.0
Bihar,Bhagalpur,Bhagalpur Block-1,BR041004,Govt. School BHA-104,2026-05,399,Yes,259.0,60.0,33.0,18.0,3.0,1.0
Bihar,Bhagalpur,Bhagalpur Block-1,BR041004,Govt. School BHA-104,2026-06,399,Yes,261.0,49.0,25.0,12.0,3.0,1.0
Bihar,Bhagalpur,Bhagalpur Block-1,BR041004,Govt. School BHA-104,2026-07,399,Yes,264.0,58.0,35.0,17.0,3.0,1.0
Bihar,Bhagalpur,Bhagalpur Block-1,BR041004,Govt. School BHA-104,2026-08,399,Yes,251.0,61.0,37.0,17.0,2.0,2.0
Bihar,Bhagalpur,Bhagalpur Block-1,BR041004,Govt. School BHA-104,2026-09,399,Yes,262.0,64.0,36.0,20.0,4.0,1.0
Bihar,Bhagalpur,Bhagalpur Block-1,BR041005,Govt. School BHA-105,2026-04,568,Yes,390.0,89.0,54.0,34.0,3.0,2.0
Bihar,Bhagalpur,Bhagalpur Block-1,BR041005,Govt. School BHA-105,2026-05,568,Yes,399.0,76.0,48.0,27.0,3.0,2.0
Bihar,Bhagalpur,Bhagalpur Block-1,BR041005,Govt. School BHA-105,2026-06,568,Yes,427.0,76.0,46.0,26.0,3.0,1.0
Bihar,Bhagalpur,Bhagalpur Block-1,BR041005,Govt. School BHA-105,2026-07,568,Yes,401.0,99.0,64.0,35.0,2.0,1.0
Bihar,Bhagalpur,Bhagalpur Block-1,BR041005,Govt. School BHA-105,2026-08,568,Yes,380.0,75.0,50.0,29.0,3.0,1.0
Bihar,Bhagalpur,Bhagalpur Block-1,BR041005,Govt. School BHA-105,2026-09,568,Yes,427.0,77.0,53.0,30.0,4.0,2.0
Bihar,Bhagalpur,Bhagalpur Block-1,BR041006,Govt. School BHA-106,2026-04,770,Yes,675.0,132.0,89.0,73.0,4.0,1.0
Bihar,Bhagalpur,Bhagalpur Block-1,BR041006,Govt. School BHA-106,2026-05,770,Yes,679.0,109.0,80.0,60.0,4.0,2.0
Bihar,Bhagalpur,Bhagalpur Block-1,BR041006,Govt. School BHA-106,2026-06,770,Yes,700.0,129.0,89.0,64.0,3.0,2.0
Bihar,Bhagalpur,Bhagalpur Block-1,BR041006,Govt. School BHA-106,2026-07,770,Yes,648.0,131.0,94.0,74.0,3.0,2.0
Bihar,Bhagalpur,Bhagalpur Block-1,BR041006,Govt. School BHA-106,2026-08,770,Yes,658.0,111.0,69.0,60.0,3.0,2.0
Bihar,Bhagalpur,Bhagalpur Block-1,BR041006,Govt. School BHA-106,2026-09,770,No,,,,,,
Bihar,Bhagalpur,Bhagalpur Block-1,BR041007,Govt. School BHA-107,2026-04,691,Yes,621.0,81.0,58.0,48.0,3.0,1.0
Bihar,Bhagalpur,Bhagalpur Block-1,BR041007,Govt. School BHA-107,2026-05,691,No,,,,,,
Bihar,Bhagalpur,Bhagalpur Block-1,BR041007,Govt. School BHA-107,2026-06,691,Yes,548.0,126.0,87.0,60.0,3.0,2.0
Bihar,Bhagalpur,Bhagalpur Block-1,BR041007,Govt. School BHA-107,2026-07,691,Yes,526.0,112.0,73.0,51.0,3.0,1.0
Bihar,Bhagalpur,Bhagalpur Block-1,BR041007,Govt. School BHA-107,2026-08,691,Yes,524.0,109.0,63.0,41.0,2.0,1.0
Bihar,Bhagalpur,Bhagalpur Block-1,BR041007,Govt. School BHA-107,2026-09,691,Yes,534.0,116.0,75.0,47.0,2.0,0.0
Bihar,Bhagalpur,Bhagalpur Block-1,BR041008,Govt. School BHA-108,2026-04,813,No,,,,,,
Bihar,Bhagalpur,Bhagalpur Block-1,BR041008,Govt. School BHA-108,2026-05,813,Yes,574.0,114.0,73.0,46.0,2.0,1.0
Bihar,Bhagalpur,Bhagalpur Block-1,BR041008,Govt. School BHA-108,2026-06,813,Yes,530.0,130.0,87.0,48.0,3.0,2.0
Bihar,Bhagalpur,Bhagalpur Block-1,BR041008,Govt. School BHA-108,2026-07,813,Yes,581.0,114.0,75.0,37.0,3.0,1.0
Bihar,Bhagalpur,Bhagalpur Block-1,BR041008,Govt. School BHA-108,2026-08,813,Yes,563.0,126.0,81.0,44.0,3.0,2.0
Bihar,Bhagalpur,Bhagalpur Block-1,BR041008,Govt. School BHA-108,2026-09,813,Yes,521.0,120.0,75.0,46.0,2.0,2.0
Bihar,Bhagalpur,Bhagalpur Block-1,BR041009,Govt. School BHA-109,2026-04,348,Yes,253.0,61.0,36.0,23.0,2.0,2.0
Bihar,Bhagalpur,Bhagalpur Block-1,BR041009,Govt. School BHA-109,2026-05,348,Yes,250.0,58.0,38.0,25.0,4.0,1.0
Bihar,Bhagalpur,Bhagalpur Block-1,BR041009,Govt. School BHA-109,2026-06,348,Yes,271.0,58.0,36.0,27.0,4.0,1.0
Bihar,Bhagalpur,Bhagalpur Block-1,BR041009,Govt. School BHA-109,2026-07,348,Yes,254.0,52.0,33.0,21.0,3.0,0.0
Bihar,Bhagalpur,Bhagalpur Block-1,BR041009,Govt. School BHA-109,2026-08,348,Yes,257.0,46.0,34.0,20.0,3.0,1.0
Bihar,Bhagalpur,Bhagalpur Block-1,BR041009,Govt. School BHA-109,2026-09,348,Yes,259.0,51.0,34.0,20.0,3.0,2.0
Bihar,Bhagalpur,Bhagalpur Block-1,BR041010,Govt. School BHA-110,2026-04,841,Yes,656.0,159.0,97.0,63.0,2.0,2.0
Bihar,Bhagalpur,Bhagalpur Block-1,BR041010,Govt. School BHA-110,2026-05,841,Yes,624.0,134.0,97.0,71.0,5.0,1.0
Bihar,Bhagalpur,Bhagalpur Block-1,BR041010,Govt. School BHA-110,2026-06,841,Yes,622.0,132.0,82.0,51.0,3.0,2.0
Bihar,Bhagalpur,Bhagalpur Block-1,BR041010,Govt. School BHA-110,2026-07,841,Yes,621.0,112.0,76.0,48.0,2.0,2.0
Bihar,Bhagalpur,Bhagalpur Block-1,BR041010,Govt. School BHA-110,2026-08,841,Yes,651.0,125.0,87.0,56.0,3.0,2.0
Bihar,Bhagalpur,Bhagalpur Block-1,BR041010,Govt. School BHA-110,2026-09,841,Yes,646.0,143.0,89.0,63.0,3.0,1.0
Bihar,Bhagalpur,Bhagalpur Block-1,BR041011,Govt. School BHA-111,2026-04,798,Yes,560.0,134.0,83.0,46.0,3.0,1.0
Bihar,Bhagalpur,Bhagalpur Block-1,BR041011,Govt. School BHA-111,2026-05,798,Yes,595.0,130.0,82.0,50.0,3.0,1.0
Bihar,Bhagalpur,Bhagalpur Block-1,BR041011,Govt. School BHA-111,2026-06,798,Yes,596.0,113.0,79.0,46.0,2.0,1.0
Bihar,Bhagalpur,Bhagalpur Block-1,BR041011,Govt. School BHA-111,2026-07,798,No,,,,,,
Bihar,Bhagalpur,Bhagalpur Block-1,BR041011,Govt. School BHA-111,2026-08,798,No,,,,,,
Bihar,Bhagalpur,Bhagalpur Block-1,BR041011,Govt. School BHA-111,2026-09,798,Yes,564.0,121.0,82.0,58.0,3.0,2.0
Bihar,Bhagalpur,Bhagalpur Block-1,BR041012,Govt. School BHA-112,2026-04,340,Yes,297.0,48.0,31.0,24.0,3.0,1.0
Bihar,Bhagalpur,Bhagalpur Block-1,BR041012,Govt. School BHA-112,2026-05,340,Yes,298.0,61.0,39.0,29.0,4.0,1.0
Bihar,Bhagalpur,Bhagalpur Block-1,BR041012,Govt. School BHA-112,2026-06,340,Yes,281.0,59.0,38.0,28.0,4.0,2.0
Bihar,Bhagalpur,Bhagalpur Block-1,BR041012,Govt. School BHA-112,2026-07,340,Yes,287.0,47.0,30.0,18.0,3.0,2.0
Bihar,Bhagalpur,Bhagalpur Block-1,BR041012,Govt. School BHA-112,2026-08,340,Yes,259.0,50.0,33.0,21.0,3.0,2.0
Bihar,Bhagalpur,Bhagalpur Block-1,BR041012,Govt. School BHA-112,2026-09,340,Yes,246.0,52.0,29.0,20.0,4.0,2.0
Bihar,Bhagalpur,Bhagalpur Block-2,BR042001,Govt. School BHA-201,2026-04,800,Yes,586.0,127.0,83.0,52.0,4.0,2.0
Bihar,Bhagalpur,Bhagalpur Block-2,BR042001,Govt. School BHA-201,2026-05,800,Yes,620.0,133.0,75.0,53.0,3.0,2.0
Bihar,Bhagalpur,Bhagalpur Block-2,BR042001,Govt. School BHA-201,2026-06,800,Yes,671.0,122.0,77.0,60.0,4.0,1.0
Bihar,Bhagalpur,Bhagalpur Block-2,BR042001,Govt. School BHA-201,2026-07,800,Yes,612.0,108.0,80.0,49.0,2.0,1.0
Bihar,Bhagalpur,Bhagalpur Block-2,BR042001,Govt. School BHA-201,2026-08,800,Yes,628.0,120.0,78.0,51.0,3.0,1.0
Bihar,Bhagalpur,Bhagalpur Block-2,BR042001,Govt. School BHA-201,2026-09,800,Yes,643.0,160.0,92.0,58.0,3.0,2.0
Bihar,Bhagalpur,Bhagalpur Block-2,BR042002,Govt. School BHA-202,2026-04,857,No,,,,,,
Bihar,Bhagalpur,Bhagalpur Block-2,BR042002,Govt. School BHA-202,2026-05,857,Yes,617.0,115.0,67.0,40.0,2.0,1.0
Bihar,Bhagalpur,Bhagalpur Block-2,BR042002,Govt. School BHA-202,2026-06,857,Yes,625.0,116.0,78.0,48.0,3.0,1.0
Bihar,Bhagalpur,Bhagalpur Block-2,BR042002,Govt. School BHA-202,2026-07,857,Yes,682.0,129.0,73.0,49.0,4.0,2.0
Bihar,Bhagalpur,Bhagalpur Block-2,BR042002,Govt. School BHA-202,2026-08,857,Yes,630.0,164.0,114.0,73.0,3.0,1.0
Bihar,Bhagalpur,Bhagalpur Block-2,BR042002,Govt. School BHA-202,2026-09,857,Yes,592.0,94.0,65.0,40.0,2.0,2.0
Bihar,Bhagalpur,Bhagalpur Block-2,BR042003,Govt. School BHA-203,2026-04,464,Yes,305.0,67.0,41.0,22.0,3.0,1.0
Bihar,Bhagalpur,Bhagalpur Block-2,BR042003,Govt. School BHA-203,2026-05,464,Yes,319.0,79.0,55.0,24.0,3.0,1.0
Bihar,Bhagalpur,Bhagalpur Block-2,BR042003,Govt. School BHA-203,2026-06,464,No,,,,,,
Bihar,Bhagalpur,Bhagalpur Block-2,BR042003,Govt. School BHA-203,2026-07,464,Yes,332.0,67.0,40.0,24.0,3.0,1.0
Bihar,Bhagalpur,Bhagalpur Block-2,BR042003,Govt. School BHA-203,2026-08,464,Yes,299.0,53.0,32.0,21.0,3.0,2.0
Bihar,Bhagalpur,Bhagalpur Block-2,BR042003,Govt. School BHA-203,2026-09,464,Yes,330.0,66.0,43.0,28.0,3.0,1.0
Bihar,Bhagalpur,Bhagalpur Block-2,BR042004,Govt. School BHA-204,2026-04,480,Yes,377.0,72.0,45.0,31.0,3.0,2.0
Bihar,Bhagalpur,Bhagalpur Block-2,BR042004,Govt. School BHA-204,2026-05,480,Yes,327.0,63.0,36.0,22.0,3.0,0.0
Bihar,Bhagalpur,Bhagalpur Block-2,BR042004,Govt. School BHA-204,2026-06,480,No,,,,,,
Bihar,Bhagalpur,Bhagalpur Block-2,BR042004,Govt. School BHA-204,2026-07,480,Yes,366.0,68.0,36.0,19.0,3.0,1.0
Bihar,Bhagalpur,Bhagalpur Block-2,BR042004,Govt. School BHA-204,2026-08,480,Yes,348.0,77.0,53.0,32.0,3.0,0.0
Bihar,Bhagalpur,Bhagalpur Block-2,BR042004,Govt. School BHA-204,2026-09,480,Yes,350.0,70.0,42.0,27.0,3.0,1.0
Bihar,Bhagalpur,Bhagalpur Block-2,BR042005,Govt. School BHA-205,2026-04,309,Yes,209.0,46.0,33.0,18.0,1.0,2.0
Bihar,Bhagalpur,Bhagalpur Block-2,BR042005,Govt. School BHA-205,2026-05,309,Yes,234.0,54.0,34.0,18.0,3.0,2.0
Bihar,Bhagalpur,Bhagalpur Block-2,BR042005,Govt. School BHA-205,2026-06,309,Yes,233.0,42.0,31.0,18.0,3.0,1.0
Bihar,Bhagalpur,Bhagalpur Block-2,BR042005,Govt. School BHA-205,2026-07,309,Yes,242.0,57.0,35.0,21.0,2.0,2.0
Bihar,Bhagalpur,Bhagalpur Block-2,BR042005,Govt. School BHA-205,2026-08,309,Yes,203.0,45.0,27.0,16.0,2.0,2.0
Bihar,Bhagalpur,Bhagalpur Block-2,BR042005,Govt. School BHA-205,2026-09,309,Yes,207.0,52.0,31.0,15.0,3.0,1.0
Bihar,Bhagalpur,Bhagalpur Block-2,BR042006,Govt. School BHA-206,2026-04,344,Yes,265.0,55.0,40.0,29.0,3.0,1.0
Bihar,Bhagalpur,Bhagalpur Block-2,BR042006,Govt. School BHA-206,2026-05,344,Yes,277.0,51.0,36.0,27.0,4.0,3.0
Bihar,Bhagalpur,Bhagalpur Block-2,BR042006,Govt. School BHA-206,2026-06,344,Yes,325.0,58.0,42.0,36.0,5.0,1.0
Bihar,Bhagalpur,Bhagalpur Block-2,BR042006,Govt. School BHA-206,2026-07,344,Yes,280.0,56.0,32.0,21.0,3.0,2.0
Bihar,Bhagalpur,Bhagalpur Block-2,BR042006,Govt. School BHA-206,2026-08,344,Yes,277.0,56.0,32.0,24.0,3.0,2.0
Bihar,Bhagalpur,Bhagalpur Block-2,BR042006,Govt. School BHA-206,2026-09,344,Yes,264.0,38.0,23.0,14.0,4.0,2.0
Bihar,Bhagalpur,Bhagalpur Block-2,BR042007,Govt. School BHA-207,2026-04,613,Yes,472.0,105.0,59.0,41.0,4.0,1.0
Bihar,Bhagalpur,Bhagalpur Block-2,BR042007,Govt. School BHA-207,2026-05,613,Yes,457.0,97.0,63.0,33.0,4.0,2.0
Bihar,Bhagalpur,Bhagalpur Block-2,BR042007,Govt. School BHA-207,2026-06,613,Yes,463.0,95.0,57.0,40.0,2.0,1.0
Bihar,Bhagalpur,Bhagalpur Block-2,BR042007,Govt. School BHA-207,2026-07,613,Yes,459.0,93.0,66.0,45.0,3.0,3.0
Bihar,Bhagalpur,Bhagalpur Block-2,BR042007,Govt. School BHA-207,2026-08,613,Yes,476.0,94.0,59.0,34.0,3.0,2.0
Bihar,Bhagalpur,Bhagalpur Block-2,BR042007,Govt. School BHA-207,2026-09,613,No,,,,,,
Bihar,Bhagalpur,Bhagalpur Block-2,BR042008,Govt. School BHA-208,2026-04,504,Yes,383.0,78.0,43.0,26.0,5.0,1.0
Bihar,Bhagalpur,Bhagalpur Block-2,BR042008,Govt. School BHA-208,2026-05,504,No,,,,,,
Bihar,Bhagalpur,Bhagalpur Block-2,BR042008,Govt. School BHA-208,2026-06,504,Yes,367.0,87.0,59.0,32.0,2.0,1.0
Bihar,Bhagalpur,Bhagalpur Block-2,BR042008,Govt. School BHA-208,2026-07,504,Yes,361.0,62.0,36.0,22.0,3.0,1.0
Bihar,Bhagalpur,Bhagalpur Block-2,BR042008,Govt. School BHA-208,2026-08,504,Yes,352.0,76.0,47.0,25.0,1.0,1.0
Bihar,Bhagalpur,Bhagalpur Block-2,BR042008,Govt. School BHA-208,2026-09,504,Yes,336.0,71.0,50.0,30.0,3.0,1.0
Bihar,Bhagalpur,Bhagalpur Block-2,BR042009,Govt. School BHA-209,2026-04,613,Yes,462.0,94.0,63.0,49.0,3.0,2.0
Bihar,Bhagalpur,Bhagalpur Block-2,BR042009,Govt. School BHA-209,2026-05,613,Yes,462.0,93.0,51.0,38.0,4.0,1.0
Bihar,Bhagalpur,Bhagalpur Block-2,BR042009,Govt. School BHA-209,2026-06,613,Yes,467.0,97.0,61.0,42.0,3.0,1.0
Bihar,Bhagalpur,Bhagalpur Block-2,BR042009,Govt. School BHA-209,2026-07,613,Yes,461.0,94.0,64.0,35.0,3.0,2.0
Bihar,Bhagalpur,Bhagalpur Block-2,BR042009,Govt. School BHA-209,2026-08,613,Yes,470.0,96.0,66.0,40.0,2.0,1.0
Bihar,Bhagalpur,Bhagalpur Block-2,BR042009,Govt. School BHA-209,2026-09,613,Yes,431.0,95.0,65.0,47.0,3.0,2.0
Bihar,Bhagalpur,Bhagalpur Block-2,BR042010,Govt. School BHA-210,2026-04,825,Yes,553.0,99.0,66.0,38.0,3.0,2.0
Bihar,Bhagalpur,Bhagalpur Block-2,BR042010,Govt. School BHA-210,2026-05,825,Yes,514.0,110.0,77.0,40.0,3.0,2.0
Bihar,Bhagalpur,Bhagalpur Block-2,BR042010,Govt. School BHA-210,2026-06,825,Yes,466.0,109.0,71.0,35.0,2.0,2.0
Bihar,Bhagalpur,Bhagalpur Block-2,BR042010,Govt. School BHA-210,2026-07,825,Yes,541.0,131.0,84.0,43.0,2.0,2.0
Bihar,Bhagalpur,Bhagalpur Block-2,BR042010,Govt. School BHA-210,2026-08,825,Yes,545.0,115.0,62.0,37.0,3.0,2.0
Bihar,Bhagalpur,Bhagalpur Block-2,BR042010,Govt. School BHA-210,2026-09,825,Yes,540.0,133.0,81.0,48.0,1.0,2.0
Bihar,Bhagalpur,Bhagalpur Block-2,BR042011,Govt. School BHA-211,2026-04,823,Yes,600.0,115.0,66.0,48.0,3.0,1.0
Bihar,Bhagalpur,Bhagalpur Block-2,BR042011,Govt. School BHA-211,2026-05,823,Yes,617.0,115.0,71.0,48.0,5.0,2.0
Bihar,Bhagalpur,Bhagalpur Block-2,BR042011,Govt. School BHA-211,2026-06,823,Yes,579.0,127.0,74.0,50.0,3.0,1.0
Bihar,Bhagalpur,Bhagalpur Block-2,BR042011,Govt. School BHA-211,2026-07,823,Yes,590.0,123.0,93.0,60.0,3.0,1.0
Bihar,Bhagalpur,Bhagalpur Block-2,BR042011,Govt. School BHA-211,2026-08,823,Yes,571.0,120.0,77.0,45.0,2.0,1.0
Bihar,Bhagalpur,Bhagalpur Block-2,BR042011,Govt. School BHA-211,2026-09,823,Yes,563.0,132.0,85.0,46.0,3.0,2.0
Bihar,Bhagalpur,Bhagalpur Block-2,BR042012,Govt. School BHA-212,2026-04,742,Yes,495.0,102.0,67.0,39.0,2.0,2.0
Bihar,Bhagalpur,Bhagalpur Block-2,BR042012,Govt. School BHA-212,2026-05,742,No,,,,,,
Bihar,Bhagalpur,Bhagalpur Block-2,BR042012,Govt. School BHA-212,2026-06,742,Yes,487.0,114.0,67.0,40.0,2.0,1.0
Bihar,Bhagalpur,Bhagalpur Block-2,BR042012,Govt. School BHA-212,2026-07,742,Yes,480.0,115.0,64.0,34.0,4.0,1.0
Bihar,Bhagalpur,Bhagalpur Block-2,BR042012,Govt. School BHA-212,2026-08,742,Yes,531.0,125.0,78.0,47.0,4.0,1.0
Bihar,Bhagalpur,Bhagalpur Block-2,BR042012,Govt. School BHA-212,2026-09,742,Yes,503.0,130.0,86.0,51.0,2.0,2.0
Bihar,Bhagalpur,Bhagalpur Block-3,BR043001,Govt. School BHA-301,2026-04,488,Yes,373.0,77.0,48.0,33.0,3.0,1.0
Bihar,Bhagalpur,Bhagalpur Block-3,BR043001,Govt. School BHA-301,2026-05,488,Yes,375.0,79.0,49.0,33.0,1.0,2.0
Bihar,Bhagalpur,Bhagalpur Block-3,BR043001,Govt. School BHA-301,2026-06,488,Yes,378.0,68.0,40.0,24.0,3.0,1.0
Bihar,Bhagalpur,Bhagalpur Block-3,BR043001,Govt. School BHA-301,2026-07,488,Yes,386.0,65.0,47.0,31.0,2.0,1.0
Bihar,Bhagalpur,Bhagalpur Block-3,BR043001,Govt. School BHA-301,2026-08,488,Yes,374.0,79.0,50.0,33.0,2.0,2.0
Bihar,Bhagalpur,Bhagalpur Block-3,BR043001,Govt. School BHA-301,2026-09,488,Yes,358.0,73.0,51.0,35.0,3.0,2.0
Bihar,Bhagalpur,Bhagalpur Block-3,BR043002,Govt. School BHA-302,2026-04,300,Yes,216.0,44.0,31.0,17.0,3.0,2.0
Bihar,Bhagalpur,Bhagalpur Block-3,BR043002,Govt. School BHA-302,2026-05,300,Yes,215.0,49.0,30.0,17.0,3.0,1.0
Bihar,Bhagalpur,Bhagalpur Block-3,BR043002,Govt. School BHA-302,2026-06,300,Yes,225.0,50.0,34.0,19.0,2.0,1.0
Bihar,Bhagalpur,Bhagalpur Block-3,BR043002,Govt. School BHA-302,2026-07,300,No,,,,,,
Bihar,Bhagalpur,Bhagalpur Block-3,BR043002,Govt. School BHA-302,2026-08,300,Yes,207.0,49.0,29.0,15.0,3.0,1.0
Bihar,Bhagalpur,Bhagalpur Block-3,BR043002,Govt. School BHA-302,2026-09,300,No,,,,,,
Bihar,Bhagalpur,Bhagalpur Block-3,BR043003,Govt. School BHA-303,2026-04,814,Yes,635.0,120.0,65.0,48.0,2.0,2.0
Bihar,Bhagalpur,Bhagalpur Block-3,BR043003,Govt. School BHA-303,2026-05,814,Yes,596.0,111.0,71.0,40.0,3.0,2.0
Bihar,Bhagalpur,Bhagalpur Block-3,BR043003,Govt. School BHA-303,2026-06,814,Yes,546.0,108.0,76.0,42.0,3.0,2.0
Bihar,Bhagalpur,Bhagalpur Block-3,BR043003,Govt. School BHA-303,2026-07,814,Yes,626.0,106.0,72.0,47.0,3.0,2.0
Bihar,Bhagalpur,Bhagalpur Block-3,BR043003,Govt. School BHA-303,2026-08,814,Yes,548.0,85.0,66.0,37.0,3.0,1.0
Bihar,Bhagalpur,Bhagalpur Block-3,BR043003,Govt. School BHA-303,2026-09,814,Yes,544.0,109.0,68.0,35.0,2.0,1.0
Bihar,Bhagalpur,Bhagalpur Block-3,BR043004,Govt. School BHA-304,2026-04,201,Yes,145.0,32.0,22.0,13.0,2.0,1.0
Bihar,Bhagalpur,Bhagalpur Block-3,BR043004,Govt. School BHA-304,2026-05,201,Yes,146.0,26.0,17.0,11.0,3.0,1.0
Bihar,Bhagalpur,Bhagalpur Block-3,BR043004,Govt. School BHA-304,2026-06,201,Yes,135.0,29.0,18.0,10.0,2.0,1.0
Bihar,Bhagalpur,Bhagalpur Block-3,BR043004,Govt. School BHA-304,2026-07,201,Yes,154.0,27.0,18.0,13.0,4.0,1.0
Bihar,Bhagalpur,Bhagalpur Block-3,BR043004,Govt. School BHA-304,2026-08,201,Yes,156.0,28.0,20.0,12.0,4.0,3.0
Bihar,Bhagalpur,Bhagalpur Block-3,BR043004,Govt. School BHA-304,2026-09,201,Yes,151.0,26.0,16.0,9.0,3.0,2.0
Bihar,Bhagalpur,Bhagalpur Block-3,BR043005,Govt. School BHA-305,2026-04,736,Yes,594.0,112.0,68.0,46.0,3.0,2.0
Bihar,Bhagalpur,Bhagalpur Block-3,BR043005,Govt. School BHA-305,2026-05,736,Yes,561.0,121.0,77.0,51.0,2.0,1.0
Bihar,Bhagalpur,Bhagalpur Block-3,BR043005,Govt. School BHA-305,2026-06,736,Yes,505.0,106.0,60.0,41.0,4.0,1.0
Bihar,Bhagalpur,Bhagalpur Block-3,BR043005,Govt. School BHA-305,2026-07,736,Yes,518.0,109.0,61.0,41.0,4.0,2.0
Bihar,Bhagalpur,Bhagalpur Block-3,BR043005,Govt. School BHA-305,2026-08,736,Yes,575.0,126.0,78.0,54.0,3.0,1.0
Bihar,Bhagalpur,Bhagalpur Block-3,BR043005,Govt. School BHA-305,2026-09,736,Yes,532.0,101.0,72.0,43.0,3.0,2.0
Bihar,Bhagalpur,Bhagalpur Block-3,BR043006,Govt. School BHA-306,2026-04,563,Yes,374.0,82.0,43.0,27.0,3.0,2.0
Bihar,Bhagalpur,Bhagalpur Block-3,BR043006,Govt. School BHA-306,2026-05,563,Yes,420.0,103.0,69.0,45.0,4.0,2.0
Bihar,Bhagalpur,Bhagalpur Block-3,BR043006,Govt. School BHA-306,2026-06,563,Yes,416.0,91.0,61.0,38.0,3.0,1.0
Bihar,Bhagalpur,Bhagalpur Block-3,BR043006,Govt. School BHA-306,2026-07,563,No,,,,,,
Bihar,Bhagalpur,Bhagalpur Block-3,BR043006,Govt. School BHA-306,2026-08,563,Yes,418.0,93.0,63.0,38.0,3.0,2.0
Bihar,Bhagalpur,Bhagalpur Block-3,BR043006,Govt. School BHA-306,2026-09,563,Yes,406.0,89.0,62.0,35.0,2.0,0.0
Bihar,Bhagalpur,Bhagalpur Block-3,BR043007,Govt. School BHA-307,2026-04,590,Yes,395.0,98.0,64.0,33.0,2.0,1.0
Bihar,Bhagalpur,Bhagalpur Block-3,BR043007,Govt. School BHA-307,2026-05,590,No,,,,,,
Bihar,Bhagalpur,Bhagalpur Block-3,BR043007,Govt. School BHA-307,2026-06,590,Yes,410.0,97.0,70.0,40.0,2.0,1.0
Bihar,Bhagalpur,Bhagalpur Block-3,BR043007,Govt. School BHA-307,2026-07,590,Yes,414.0,85.0,53.0,31.0,4.0,1.0
Bihar,Bhagalpur,Bhagalpur Block-3,BR043007,Govt. School BHA-307,2026-08,590,Yes,376.0,88.0,58.0,34.0,2.0,2.0
Bihar,Bhagalpur,Bhagalpur Block-3,BR043007,Govt. School BHA-307,2026-09,590,Yes,367.0,81.0,58.0,32.0,3.0,1.0
Bihar,Bhagalpur,Bhagalpur Block-3,BR043008,Govt. School BHA-308,2026-04,278,Yes,210.0,32.0,22.0,15.0,4.0,2.0
Bihar,Bhagalpur,Bhagalpur Block-3,BR043008,Govt. School BHA-308,2026-05,278,Yes,190.0,39.0,26.0,17.0,4.0,1.0
Bihar,Bhagalpur,Bhagalpur Block-3,BR043008,Govt. School BHA-308,2026-06,278,Yes,194.0,36.0,22.0,12.0,3.0,2.0
Bihar,Bhagalpur,Bhagalpur Block-3,BR043008,Govt. School BHA-308,2026-07,278,No,,,,,,
Bihar,Bhagalpur,Bhagalpur Block-3,BR043008,Govt. School BHA-308,2026-08,278,Yes,201.0,44.0,25.0,16.0,3.0,2.0
Bihar,Bhagalpur,Bhagalpur Block-3,BR043008,Govt. School BHA-308,2026-09,278,Yes,214.0,42.0,31.0,18.0,4.0,2.0
Bihar,Bhagalpur,Bhagalpur Block-3,BR043009,Govt. School BHA-309,2026-04,552,Yes,461.0,105.0,68.0,48.0,3.0,2.0
Bihar,Bhagalpur,Bhagalpur Block-3,BR043009,Govt. School BHA-309,2026-05,552,Yes,458.0,71.0,49.0,32.0,5.0,1.0
Bihar,Bhagalpur,Bhagalpur Block-3,BR043009,Govt. School BHA-309,2026-06,552,Yes,425.0,87.0,50.0,34.0,4.0,1.0
Bihar,Bhagalpur,Bhagalpur Block-3,BR043009,Govt. School BHA-309,2026-07,552,Yes,440.0,103.0,74.0,46.0,3.0,3.0
Bihar,Bhagalpur,Bhagalpur Block-3,BR043009,Govt. School BHA-309,2026-08,552,Yes,427.0,84.0,56.0,44.0,3.0,2.0
Bihar,Bhagalpur,Bhagalpur Block-3,BR043009,Govt. School BHA-309,2026-09,552,Yes,430.0,91.0,60.0,37.0,4.0,1.0
Bihar,Bhagalpur,Bhagalpur Block-3,BR043010,Govt. School BHA-310,2026-04,769,No,,,,,,
Bihar,Bhagalpur,Bhagalpur Block-3,BR043010,Govt. School BHA-310,2026-05,769,Yes,599.0,112.0,67.0,43.0,2.0,2.0
Bihar,Bhagalpur,Bhagalpur Block-3,BR043010,Govt. School BHA-310,2026-06,769,Yes,563.0,121.0,81.0,39.0,2.0,1.0
Bihar,Bhagalpur,Bhagalpur Block-3,BR043010,Govt. School BHA-310,2026-07,769,Yes,610.0,121.0,69.0,44.0,4.0,2.0
Bihar,Bhagalpur,Bhagalpur Block-3,BR043010,Govt. School BHA-310,2026-08,769,Yes,636.0,101.0,76.0,57.0,4.0,1.0
Bihar,Bhagalpur,Bhagalpur Block-3,BR043010,Govt. School BHA-310,2026-09,769,Yes,629.0,130.0,93.0,77.0,2.0,1.0
Bihar,Bhagalpur,Bhagalpur Block-3,BR043011,Govt. School BHA-311,2026-04,206,Yes,152.0,32.0,18.0,11.0,2.0,2.0
Bihar,Bhagalpur,Bhagalpur Block-3,BR043011,Govt. School BHA-311,2026-05,206,No,,,,,,
Bihar,Bhagalpur,Bhagalpur Block-3,BR043011,Govt. School BHA-311,2026-06,206,Yes,143.0,32.0,20.0,10.0,2.0,1.0
Bihar,Bhagalpur,Bhagalpur Block-3,BR043011,Govt. School BHA-311,2026-07,206,Yes,150.0,33.0,23.0,13.0,3.0,2.0
Bihar,Bhagalpur,Bhagalpur Block-3,BR043011,Govt. School BHA-311,2026-08,206,Yes,147.0,32.0,19.0,12.0,2.0,1.0
Bihar,Bhagalpur,Bhagalpur Block-3,BR043011,Govt. School BHA-311,2026-09,206,Yes,152.0,28.0,19.0,11.0,2.0,1.0
Bihar,Bhagalpur,Bhagalpur Block-3,BR043012,Govt. School BHA-312,2026-04,575,No,,,,,,
Bihar,Bhagalpur,Bhagalpur Block-3,BR043012,Govt. School BHA-312,2026-05,575,Yes,488.0,103.0,71.0,59.0,4.0,2.0
Bihar,Bhagalpur,Bhagalpur Block-3,BR043012,Govt. School BHA-312,2026-06,575,Yes,432.0,90.0,59.0,39.0,3.0,2.0
Bihar,Bhagalpur,Bhagalpur Block-3,BR043012,Govt. School BHA-312,2026-07,575,Yes,430.0,83.0,45.0,25.0,3.0,2.0
Bihar,Bhagalpur,Bhagalpur Block-3,BR043012,Govt. School BHA-312,2026-08,575,No,,,,,,
Bihar,Bhagalpur,Bhagalpur Block-3,BR043012,Govt. School BHA-312,2026-09,575,Yes,440.0,94.0,67.0,49.0,3.0,1.0
Bihar,Darbhanga,Darbhanga Block-1,BR051001,Govt. School DAR-101,2026-04,583,Yes,446.0,82.0,53.0,36.0,3.0,1.0
Bihar,Darbhanga,Darbhanga Block-1,BR051001,Govt. School DAR-101,2026-05,583,Yes,453.0,90.0,58.0,35.0,4.0,2.0
Bihar,Darbhanga,Darbhanga Block-1,BR051001,Govt. School DAR-101,2026-06,583,Yes,456.0,83.0,59.0,41.0,3.0,2.0
Bihar,Darbhanga,Darbhanga Block-1,BR051001,Govt. School DAR-101,2026-07,583,Yes,458.0,94.0,56.0,38.0,3.0,1.0
Bihar,Darbhanga,Darbhanga Block-1,BR051001,Govt. School DAR-101,2026-08,583,Yes,448.0,97.0,59.0,39.0,2.0,1.0
Bihar,Darbhanga,Darbhanga Block-1,BR051001,Govt. School DAR-101,2026-09,583,Yes,441.0,79.0,54.0,30.0,3.0,1.0
Bihar,Darbhanga,Darbhanga Block-1,BR051002,Govt. School DAR-102,2026-04,347,Yes,229.0,51.0,33.0,20.0,2.0,2.0
Bihar,Darbhanga,Darbhanga Block-1,BR051002,Govt. School DAR-102,2026-05,347,Yes,256.0,50.0,32.0,20.0,3.0,2.0
Bihar,Darbhanga,Darbhanga Block-1,BR051002,Govt. School DAR-102,2026-06,347,No,,,,,,
Bihar,Darbhanga,Darbhanga Block-1,BR051002,Govt. School DAR-102,2026-07,347,Yes,233.0,41.0,23.0,11.0,3.0,1.0
Bihar,Darbhanga,Darbhanga Block-1,BR051002,Govt. School DAR-102,2026-08,347,Yes,230.0,47.0,34.0,20.0,2.0,1.0
Bihar,Darbhanga,Darbhanga Block-1,BR051002,Govt. School DAR-102,2026-09,347,Yes,262.0,65.0,34.0,20.0,3.0,1.0
Bihar,Darbhanga,Darbhanga Block-1,BR051003,Govt. School DAR-103,2026-04,861,Yes,502.0,115.0,78.0,43.0,3.0,1.0
Bihar,Darbhanga,Darbhanga Block-1,BR051003,Govt. School DAR-103,2026-05,861,Yes,558.0,132.0,83.0,43.0,3.0,0.0
Bihar,Darbhanga,Darbhanga Block-1,BR051003,Govt. School DAR-103,2026-06,861,Yes,540.0,138.0,72.0,44.0,3.0,1.0
Bihar,Darbhanga,Darbhanga Block-1,BR051003,Govt. School DAR-103,2026-07,861,Yes,510.0,141.0,81.0,42.0,3.0,1.0
Bihar,Darbhanga,Darbhanga Block-1,BR051003,Govt. School DAR-103,2026-08,861,Yes,567.0,113.0,73.0,36.0,2.0,1.0
Bihar,Darbhanga,Darbhanga Block-1,BR051003,Govt. School DAR-103,2026-09,861,Yes,528.0,117.0,77.0,45.0,3.0,1.0
Bihar,Darbhanga,Darbhanga Block-1,BR051004,Govt. School DAR-104,2026-04,808,Yes,484.0,119.0,72.0,36.0,3.0,1.0
Bihar,Darbhanga,Darbhanga Block-1,BR051004,Govt. School DAR-104,2026-05,808,No,,,,,,
Bihar,Darbhanga,Darbhanga Block-1,BR051004,Govt. School DAR-104,2026-06,808,Yes,513.0,123.0,82.0,39.0,2.0,1.0
Bihar,Darbhanga,Darbhanga Block-1,BR051004,Govt. School DAR-104,2026-07,808,Yes,533.0,96.0,61.0,33.0,2.0,1.0
Bihar,Darbhanga,Darbhanga Block-1,BR051004,Govt. School DAR-104,2026-08,808,Yes,510.0,126.0,85.0,48.0,2.0,1.0
Bihar,Darbhanga,Darbhanga Block-1,BR051004,Govt. School DAR-104,2026-09,808,Yes,505.0,123.0,83.0,43.0,3.0,1.0
Bihar,Darbhanga,Darbhanga Block-1,BR051005,Govt. School DAR-105,2026-04,774,Yes,539.0,114.0,72.0,42.0,3.0,1.0
Bihar,Darbhanga,Darbhanga Block-1,BR051005,Govt. School DAR-105,2026-05,774,Yes,551.0,123.0,75.0,48.0,4.0,1.0
Bihar,Darbhanga,Darbhanga Block-1,BR051005,Govt. School DAR-105,2026-06,774,Yes,580.0,147.0,98.0,62.0,2.0,2.0
Bihar,Darbhanga,Darbhanga Block-1,BR051005,Govt. School DAR-105,2026-07,774,Yes,543.0,110.0,67.0,42.0,3.0,1.0
Bihar,Darbhanga,Darbhanga Block-1,BR051005,Govt. School DAR-105,2026-08,774,Yes,555.0,128.0,78.0,51.0,1.0,2.0
Bihar,Darbhanga,Darbhanga Block-1,BR051005,Govt. School DAR-105,2026-09,774,Yes,537.0,108.0,80.0,45.0,4.0,0.0
Bihar,Darbhanga,Darbhanga Block-1,BR051006,Govt. School DAR-106,2026-04,351,Yes,186.0,42.0,25.0,10.0,2.0,1.0
Bihar,Darbhanga,Darbhanga Block-1,BR051006,Govt. School DAR-106,2026-05,351,Yes,196.0,41.0,25.0,13.0,2.0,2.0
Bihar,Darbhanga,Darbhanga Block-1,BR051006,Govt. School DAR-106,2026-06,351,No,,,,,,
Bihar,Darbhanga,Darbhanga Block-1,BR051006,Govt. School DAR-106,2026-07,351,Yes,208.0,52.0,32.0,14.0,3.0,1.0
Bihar,Darbhanga,Darbhanga Block-1,BR051006,Govt. School DAR-106,2026-08,351,Yes,207.0,44.0,30.0,15.0,2.0,1.0
Bihar,Darbhanga,Darbhanga Block-1,BR051006,Govt. School DAR-106,2026-09,351,Yes,229.0,49.0,33.0,17.0,2.0,2.0
Bihar,Darbhanga,Darbhanga Block-1,BR051007,Govt. School DAR-107,2026-04,879,Yes,663.0,131.0,91.0,65.0,3.0,1.0
Bihar,Darbhanga,Darbhanga Block-1,BR051007,Govt. School DAR-107,2026-05,879,Yes,757.0,164.0,95.0,68.0,3.0,2.0
Bihar,Darbhanga,Darbhanga Block-1,BR051007,Govt. School DAR-107,2026-06,879,Yes,630.0,127.0,88.0,56.0,2.0,1.0
Bihar,Darbhanga,Darbhanga Block-1,BR051007,Govt. School DAR-107,2026-07,879,Yes,651.0,161.0,96.0,61.0,4.0,2.0
Bihar,Darbhanga,Darbhanga Block-1,BR051007,Govt. School DAR-107,2026-08,879,Yes,661.0,139.0,80.0,55.0,4.0,1.0
Bihar,Darbhanga,Darbhanga Block-1,BR051007,Govt. School DAR-107,2026-09,879,Yes,690.0,103.0,65.0,53.0,3.0,1.0
Bihar,Darbhanga,Darbhanga Block-1,BR051008,Govt. School DAR-108,2026-04,733,Yes,571.0,103.0,72.0,52.0,4.0,2.0
Bihar,Darbhanga,Darbhanga Block-1,BR051008,Govt. School DAR-108,2026-05,733,Yes,539.0,134.0,84.0,57.0,2.0,2.0
Bihar,Darbhanga,Darbhanga Block-1,BR051008,Govt. School DAR-108,2026-06,733,No,,,,,,
Bihar,Darbhanga,Darbhanga Block-1,BR051008,Govt. School DAR-108,2026-07,733,Yes,618.0,90.0,64.0,47.0,2.0,1.0
Bihar,Darbhanga,Darbhanga Block-1,BR051008,Govt. School DAR-108,2026-08,733,Yes,630.0,117.0,77.0,59.0,4.0,2.0
Bihar,Darbhanga,Darbhanga Block-1,BR051008,Govt. School DAR-108,2026-09,733,Yes,566.0,111.0,69.0,50.0,3.0,2.0
Bihar,Darbhanga,Darbhanga Block-1,BR051009,Govt. School DAR-109,2026-04,228,No,,,,,,
Bihar,Darbhanga,Darbhanga Block-1,BR051009,Govt. School DAR-109,2026-05,228,Yes,181.0,38.0,28.0,19.0,3.0,1.0
Bihar,Darbhanga,Darbhanga Block-1,BR051009,Govt. School DAR-109,2026-06,228,No,,,,,,
Bihar,Darbhanga,Darbhanga Block-1,BR051009,Govt. School DAR-109,2026-07,228,Yes,173.0,30.0,16.0,10.0,4.0,2.0
Bihar,Darbhanga,Darbhanga Block-1,BR051009,Govt. School DAR-109,2026-08,228,Yes,173.0,36.0,23.0,15.0,4.0,2.0
Bihar,Darbhanga,Darbhanga Block-1,BR051009,Govt. School DAR-109,2026-09,228,Yes,181.0,35.0,25.0,16.0,4.0,1.0
Bihar,Darbhanga,Darbhanga Block-1,BR051010,Govt. School DAR-110,2026-04,559,Yes,369.0,88.0,47.0,23.0,3.0,0.0
Bihar,Darbhanga,Darbhanga Block-1,BR051010,Govt. School DAR-110,2026-05,559,Yes,421.0,75.0,51.0,34.0,3.0,1.0
Bihar,Darbhanga,Darbhanga Block-1,BR051010,Govt. School DAR-110,2026-06,559,Yes,387.0,79.0,47.0,30.0,2.0,1.0
Bihar,Darbhanga,Darbhanga Block-1,BR051010,Govt. School DAR-110,2026-07,559,Yes,406.0,87.0,58.0,33.0,4.0,1.0
Bihar,Darbhanga,Darbhanga Block-1,BR051010,Govt. School DAR-110,2026-08,559,Yes,354.0,81.0,50.0,20.0,3.0,1.0
Bihar,Darbhanga,Darbhanga Block-1,BR051010,Govt. School DAR-110,2026-09,559,Yes,381.0,91.0,53.0,32.0,3.0,1.0
Bihar,Darbhanga,Darbhanga Block-1,BR051011,Govt. School DAR-111,2026-04,558,Yes,400.0,84.0,51.0,34.0,3.0,1.0
Bihar,Darbhanga,Darbhanga Block-1,BR051011,Govt. School DAR-111,2026-05,558,No,,,,,,
Bihar,Darbhanga,Darbhanga Block-1,BR051011,Govt. School DAR-111,2026-06,558,Yes,432.0,74.0,50.0,35.0,3.0,2.0
Bihar,Darbhanga,Darbhanga Block-1,BR051011,Govt. School DAR-111,2026-07,558,Yes,425.0,92.0,59.0,38.0,4.0,1.0
Bihar,Darbhanga,Darbhanga Block-1,BR051011,Govt. School DAR-111,2026-08,558,Yes,463.0,102.0,64.0,46.0,3.0,1.0
Bihar,Darbhanga,Darbhanga Block-1,BR051011,Govt. School DAR-111,2026-09,558,Yes,467.0,94.0,60.0,45.0,3.0,2.0
Bihar,Darbhanga,Darbhanga Block-1,BR051012,Govt. School DAR-112,2026-04,255,Yes,196.0,37.0,24.0,16.0,2.0,2.0
Bihar,Darbhanga,Darbhanga Block-1,BR051012,Govt. School DAR-112,2026-05,255,No,,,,,,
Bihar,Darbhanga,Darbhanga Block-1,BR051012,Govt. School DAR-112,2026-06,255,Yes,190.0,40.0,29.0,17.0,3.0,1.0
Bihar,Darbhanga,Darbhanga Block-1,BR051012,Govt. School DAR-112,2026-07,255,No,,,,,,
Bihar,Darbhanga,Darbhanga Block-1,BR051012,Govt. School DAR-112,2026-08,255,Yes,215.0,35.0,23.0,16.0,4.0,2.0
Bihar,Darbhanga,Darbhanga Block-1,BR051012,Govt. School DAR-112,2026-09,255,Yes,185.0,38.0,26.0,16.0,3.0,1.0
Bihar,Darbhanga,Darbhanga Block-2,BR052001,Govt. School DAR-201,2026-04,551,Yes,389.0,66.0,46.0,32.0,2.0,2.0
Bihar,Darbhanga,Darbhanga Block-2,BR052001,Govt. School DAR-201,2026-05,551,Yes,419.0,85.0,53.0,42.0,3.0,1.0
Bihar,Darbhanga,Darbhanga Block-2,BR052001,Govt. School DAR-201,2026-06,551,No,,,,,,
Bihar,Darbhanga,Darbhanga Block-2,BR052001,Govt. School DAR-201,2026-07,551,Yes,405.0,68.0,50.0,27.0,3.0,2.0
Bihar,Darbhanga,Darbhanga Block-2,BR052001,Govt. School DAR-201,2026-08,551,No,,,,,,
Bihar,Darbhanga,Darbhanga Block-2,BR052001,Govt. School DAR-201,2026-09,551,Yes,415.0,78.0,48.0,32.0,3.0,1.0
Bihar,Darbhanga,Darbhanga Block-2,BR052002,Govt. School DAR-202,2026-04,887,Yes,656.0,137.0,93.0,60.0,3.0,1.0
Bihar,Darbhanga,Darbhanga Block-2,BR052002,Govt. School DAR-202,2026-05,887,Yes,665.0,128.0,89.0,51.0,3.0,1.0
Bihar,Darbhanga,Darbhanga Block-2,BR052002,Govt. School DAR-202,2026-06,887,Yes,608.0,124.0,82.0,41.0,2.0,2.0
Bihar,Darbhanga,Darbhanga Block-2,BR052002,Govt. School DAR-202,2026-07,887,No,,,,,,
Bihar,Darbhanga,Darbhanga Block-2,BR052002,Govt. School DAR-202,2026-08,887,No,,,,,,
Bihar,Darbhanga,Darbhanga Block-2,BR052002,Govt. School DAR-202,2026-09,887,Yes,670.0,145.0,102.0,58.0,3.0,2.0
Bihar,Darbhanga,Darbhanga Block-2,BR052003,Govt. School DAR-203,2026-04,309,Yes,194.0,36.0,22.0,11.0,2.0,1.0
Bihar,Darbhanga,Darbhanga Block-2,BR052003,Govt. School DAR-203,2026-05,309,Yes,181.0,41.0,24.0,12.0,2.0,2.0
Bihar,Darbhanga,Darbhanga Block-2,BR052003,Govt. School DAR-203,2026-06,309,Yes,186.0,52.0,35.0,19.0,2.0,1.0
Bihar,Darbhanga,Darbhanga Block-2,BR052003,Govt. School DAR-203,2026-07,309,Yes,177.0,48.0,28.0,11.0,3.0,1.0
Bihar,Darbhanga,Darbhanga Block-2,BR052003,Govt. School DAR-203,2026-08,309,Yes,178.0,38.0,25.0,12.0,2.0,2.0
Bihar,Darbhanga,Darbhanga Block-2,BR052003,Govt. School DAR-203,2026-09,309,Yes,198.0,47.0,30.0,16.0,3.0,1.0
Bihar,Darbhanga,Darbhanga Block-2,BR052004,Govt. School DAR-204,2026-04,515,No,,,,,,
Bihar,Darbhanga,Darbhanga Block-2,BR052004,Govt. School DAR-204,2026-05,515,Yes,327.0,76.0,53.0,33.0,1.0,1.0
Bihar,Darbhanga,Darbhanga Block-2,BR052004,Govt. School DAR-204,2026-06,515,Yes,337.0,84.0,47.0,25.0,3.0,1.0
Bihar,Darbhanga,Darbhanga Block-2,BR052004,Govt. School DAR-204,2026-07,515,No,,,,,,
Bihar,Darbhanga,Darbhanga Block-2,BR052004,Govt. School DAR-204,2026-08,515,Yes,348.0,84.0,55.0,30.0,2.0,1.0
Bihar,Darbhanga,Darbhanga Block-2,BR052004,Govt. School DAR-204,2026-09,515,Yes,322.0,66.0,39.0,20.0,2.0,1.0
Bihar,Darbhanga,Darbhanga Block-2,BR052005,Govt. School DAR-205,2026-04,885,Yes,689.0,124.0,86.0,60.0,3.0,2.0
Bihar,Darbhanga,Darbhanga Block-2,BR052005,Govt. School DAR-205,2026-05,885,Yes,691.0,113.0,77.0,50.0,4.0,2.0
Bihar,Darbhanga,Darbhanga Block-2,BR052005,Govt. School DAR-205,2026-06,885,Yes,652.0,125.0,74.0,45.0,3.0,2.0
Bihar,Darbhanga,Darbhanga Block-2,BR052005,Govt. School DAR-205,2026-07,885,No,,,,,,
Bihar,Darbhanga,Darbhanga Block-2,BR052005,Govt. School DAR-205,2026-08,885,Yes,707.0,119.0,79.0,60.0,3.0,2.0
Bihar,Darbhanga,Darbhanga Block-2,BR052005,Govt. School DAR-205,2026-09,885,Yes,687.0,149.0,81.0,49.0,3.0,3.0
Bihar,Darbhanga,Darbhanga Block-2,BR052006,Govt. School DAR-206,2026-04,754,Yes,573.0,106.0,70.0,51.0,3.0,2.0
Bihar,Darbhanga,Darbhanga Block-2,BR052006,Govt. School DAR-206,2026-05,754,Yes,554.0,129.0,82.0,58.0,2.0,1.0
Bihar,Darbhanga,Darbhanga Block-2,BR052006,Govt. School DAR-206,2026-06,754,Yes,557.0,106.0,61.0,43.0,4.0,1.0
Bihar,Darbhanga,Darbhanga Block-2,BR052006,Govt. School DAR-206,2026-07,754,Yes,502.0,106.0,65.0,36.0,3.0,1.0
Bihar,Darbhanga,Darbhanga Block-2,BR052006,Govt. School DAR-206,2026-08,754,Yes,563.0,138.0,81.0,53.0,3.0,2.0
Bihar,Darbhanga,Darbhanga Block-2,BR052006,Govt. School DAR-206,2026-09,754,Yes,521.0,120.0,74.0,44.0,3.0,1.0
Bihar,Darbhanga,Darbhanga Block-2,BR052007,Govt. School DAR-207,2026-04,504,Yes,370.0,89.0,60.0,39.0,3.0,2.0
Bihar,Darbhanga,Darbhanga Block-2,BR052007,Govt. School DAR-207,2026-05,504,Yes,376.0,68.0,46.0,29.0,3.0,1.0
Bihar,Darbhanga,Darbhanga Block-2,BR052007,Govt. School DAR-207,2026-06,504,Yes,395.0,74.0,48.0,32.0,3.0,2.0
Bihar,Darbhanga,Darbhanga Block-2,BR052007,Govt. School DAR-207,2026-07,504,Yes,400.0,77.0,49.0,39.0,3.0,1.0
Bihar,Darbhanga,Darbhanga Block-2,BR052007,Govt. School DAR-207,2026-08,504,No,,,,,,
Bihar,Darbhanga,Darbhanga Block-2,BR052007,Govt. School DAR-207,2026-09,504,No,,,,,,
Bihar,Darbhanga,Darbhanga Block-2,BR052008,Govt. School DAR-208,2026-04,479,Yes,287.0,66.0,47.0,24.0,3.0,2.0
Bihar,Darbhanga,Darbhanga Block-2,BR052008,Govt. School DAR-208,2026-05,479,Yes,322.0,70.0,42.0,20.0,3.0,2.0
Bihar,Darbhanga,Darbhanga Block-2,BR052008,Govt. School DAR-208,2026-06,479,Yes,290.0,57.0,35.0,14.0,2.0,1.0
Bihar,Darbhanga,Darbhanga Block-2,BR052008,Govt. School DAR-208,2026-07,479,No,,,,,,
Bihar,Darbhanga,Darbhanga Block-2,BR052008,Govt. School DAR-208,2026-08,479,Yes,294.0,71.0,43.0,25.0,2.0,2.0
Bihar,Darbhanga,Darbhanga Block-2,BR052008,Govt. School DAR-208,2026-09,479,Yes,283.0,68.0,38.0,21.0,2.0,2.0
Bihar,Darbhanga,Darbhanga Block-2,BR052009,Govt. School DAR-209,2026-04,284,Yes,196.0,33.0,23.0,13.0,3.0,1.0
Bihar,Darbhanga,Darbhanga Block-2,BR052009,Govt. School DAR-209,2026-05,284,Yes,178.0,39.0,21.0,12.0,3.0,2.0
Bihar,Darbhanga,Darbhanga Block-2,BR052009,Govt. School DAR-209,2026-06,284,Yes,198.0,52.0,28.0,14.0,2.0,1.0
Bihar,Darbhanga,Darbhanga Block-2,BR052009,Govt. School DAR-209,2026-07,284,Yes,193.0,38.0,21.0,11.0,3.0,1.0
Bihar,Darbhanga,Darbhanga Block-2,BR052009,Govt. School DAR-209,2026-08,284,Yes,203.0,46.0,27.0,16.0,2.0,0.0
Bihar,Darbhanga,Darbhanga Block-2,BR052009,Govt. School DAR-209,2026-09,284,Yes,193.0,44.0,24.0,13.0,3.0,1.0
Bihar,Darbhanga,Darbhanga Block-2,BR052010,Govt. School DAR-210,2026-04,420,Yes,300.0,75.0,40.0,23.0,4.0,0.0
Bihar,Darbhanga,Darbhanga Block-2,BR052010,Govt. School DAR-210,2026-05,420,Yes,318.0,75.0,48.0,30.0,4.0,2.0
Bihar,Darbhanga,Darbhanga Block-2,BR052010,Govt. School DAR-210,2026-06,420,Yes,301.0,66.0,46.0,30.0,3.0,2.0
Bihar,Darbhanga,Darbhanga Block-2,BR052010,Govt. School DAR-210,2026-07,420,Yes,304.0,61.0,40.0,26.0,3.0,2.0
Bihar,Darbhanga,Darbhanga Block-2,BR052010,Govt. School DAR-210,2026-08,420,Yes,266.0,60.0,43.0,23.0,4.0,2.0
Bihar,Darbhanga,Darbhanga Block-2,BR052010,Govt. School DAR-210,2026-09,420,Yes,298.0,63.0,40.0,22.0,4.0,1.0
Bihar,Darbhanga,Darbhanga Block-2,BR052011,Govt. School DAR-211,2026-04,338,Yes,213.0,49.0,28.0,16.0,1.0,2.0
Bihar,Darbhanga,Darbhanga Block-2,BR052011,Govt. School DAR-211,2026-05,338,Yes,218.0,46.0,31.0,17.0,4.0,1.0
Bihar,Darbhanga,Darbhanga Block-2,BR052011,Govt. School DAR-211,2026-06,338,Yes,237.0,53.0,31.0,15.0,3.0,2.0
Bihar,Darbhanga,Darbhanga Block-2,BR052011,Govt. School DAR-211,2026-07,338,Yes,216.0,42.0,26.0,15.0,2.0,2.0
Bihar,Darbhanga,Darbhanga Block-2,BR052011,Govt. School DAR-211,2026-08,338,Yes,223.0,43.0,24.0,14.0,2.0,1.0
Bihar,Darbhanga,Darbhanga Block-2,BR052011,Govt. School DAR-211,2026-09,338,Yes,204.0,42.0,27.0,14.0,3.0,1.0
Bihar,Darbhanga,Darbhanga Block-2,BR052012,Govt. School DAR-212,2026-04,866,Yes,614.0,134.0,89.0,47.0,3.0,2.0
Bihar,Darbhanga,Darbhanga Block-2,BR052012,Govt. School DAR-212,2026-05,866,Yes,641.0,138.0,95.0,55.0,3.0,2.0
Bihar,Darbhanga,Darbhanga Block-2,BR052012,Govt. School DAR-212,2026-06,866,Yes,623.0,116.0,71.0,46.0,2.0,2.0
Bihar,Darbhanga,Darbhanga Block-2,BR052012,Govt. School DAR-212,2026-07,866,Yes,631.0,149.0,98.0,67.0,4.0,1.0
Bihar,Darbhanga,Darbhanga Block-2,BR052012,Govt. School DAR-212,2026-08,866,Yes,626.0,120.0,69.0,41.0,2.0,1.0
Bihar,Darbhanga,Darbhanga Block-2,BR052012,Govt. School DAR-212,2026-09,866,No,,,,,,
Bihar,Darbhanga,Darbhanga Block-3,BR053001,Govt. School DAR-301,2026-04,551,No,,,,,,
Bihar,Darbhanga,Darbhanga Block-3,BR053001,Govt. School DAR-301,2026-05,551,Yes,411.0,71.0,43.0,28.0,2.0,1.0
Bihar,Darbhanga,Darbhanga Block-3,BR053001,Govt. School DAR-301,2026-06,551,Yes,411.0,93.0,58.0,36.0,4.0,1.0
Bihar,Darbhanga,Darbhanga Block-3,BR053001,Govt. School DAR-301,2026-07,551,Yes,435.0,86.0,51.0,35.0,3.0,1.0
Bihar,Darbhanga,Darbhanga Block-3,BR053001,Govt. School DAR-301,2026-08,551,Yes,437.0,72.0,44.0,25.0,3.0,2.0
Bihar,Darbhanga,Darbhanga Block-3,BR053001,Govt. School DAR-301,2026-09,551,Yes,464.0,85.0,51.0,38.0,2.0,0.0
Bihar,Darbhanga,Darbhanga Block-3,BR053002,Govt. School DAR-302,2026-04,649,Yes,470.0,96.0,64.0,38.0,2.0,1.0
Bihar,Darbhanga,Darbhanga Block-3,BR053002,Govt. School DAR-302,2026-05,649,Yes,462.0,72.0,43.0,26.0,2.0,1.0
Bihar,Darbhanga,Darbhanga Block-3,BR053002,Govt. School DAR-302,2026-06,649,Yes,507.0,100.0,68.0,44.0,4.0,1.0
Bihar,Darbhanga,Darbhanga Block-3,BR053002,Govt. School DAR-302,2026-07,649,Yes,479.0,105.0,63.0,40.0,2.0,2.0
Bihar,Darbhanga,Darbhanga Block-3,BR053002,Govt. School DAR-302,2026-08,649,Yes,501.0,94.0,64.0,40.0,2.0,2.0
Bihar,Darbhanga,Darbhanga Block-3,BR053002,Govt. School DAR-302,2026-09,649,Yes,505.0,108.0,66.0,45.0,3.0,2.0
Bihar,Darbhanga,Darbhanga Block-3,BR053003,Govt. School DAR-303,2026-04,241,No,,,,,,
Bihar,Darbhanga,Darbhanga Block-3,BR053003,Govt. School DAR-303,2026-05,241,No,,,,,,
Bihar,Darbhanga,Darbhanga Block-3,BR053003,Govt. School DAR-303,2026-06,241,Yes,154.0,32.0,19.0,8.0,2.0,1.0
Bihar,Darbhanga,Darbhanga Block-3,BR053003,Govt. School DAR-303,2026-07,241,Yes,171.0,36.0,23.0,14.0,4.0,2.0
Bihar,Darbhanga,Darbhanga Block-3,BR053003,Govt. School DAR-303,2026-08,241,Yes,160.0,30.0,19.0,11.0,4.0,1.0
Bihar,Darbhanga,Darbhanga Block-3,BR053003,Govt. School DAR-303,2026-09,241,Yes,174.0,39.0,26.0,16.0,3.0,1.0
Bihar,Darbhanga,Darbhanga Block-3,BR053004,Govt. School DAR-304,2026-04,897,No,,,,,,
Bihar,Darbhanga,Darbhanga Block-3,BR053004,Govt. School DAR-304,2026-05,897,Yes,576.0,131.0,73.0,37.0,1.0,1.0
Bihar,Darbhanga,Darbhanga Block-3,BR053004,Govt. School DAR-304,2026-06,897,Yes,628.0,134.0,80.0,44.0,3.0,1.0
Bihar,Darbhanga,Darbhanga Block-3,BR053004,Govt. School DAR-304,2026-07,897,Yes,556.0,140.0,91.0,51.0,1.0,1.0
Bihar,Darbhanga,Darbhanga Block-3,BR053004,Govt. School DAR-304,2026-08,897,Yes,609.0,128.0,84.0,52.0,1.0,1.0
Bihar,Darbhanga,Darbhanga Block-3,BR053004,Govt. School DAR-304,2026-09,897,Yes,533.0,124.0,87.0,39.0,3.0,1.0
Bihar,Darbhanga,Darbhanga Block-3,BR053005,Govt. School DAR-305,2026-04,889,Yes,666.0,119.0,86.0,58.0,2.0,2.0
Bihar,Darbhanga,Darbhanga Block-3,BR053005,Govt. School DAR-305,2026-05,889,No,,,,,,
Bihar,Darbhanga,Darbhanga Block-3,BR053005,Govt. School DAR-305,2026-06,889,No,,,,,,
Bihar,Darbhanga,Darbhanga Block-3,BR053005,Govt. School DAR-305,2026-07,889,Yes,749.0,159.0,107.0,70.0,3.0,2.0
Bihar,Darbhanga,Darbhanga Block-3,BR053005,Govt. School DAR-305,2026-08,889,Yes,673.0,128.0,81.0,56.0,4.0,3.0
Bihar,Darbhanga,Darbhanga Block-3,BR053005,Govt. School DAR-305,2026-09,889,Yes,672.0,107.0,75.0,44.0,3.0,2.0
Bihar,Darbhanga,Darbhanga Block-3,BR053006,Govt. School DAR-306,2026-04,328,Yes,244.0,44.0,30.0,20.0,3.0,2.0
Bihar,Darbhanga,Darbhanga Block-3,BR053006,Govt. School DAR-306,2026-05,328,No,,,,,,
Bihar,Darbhanga,Darbhanga Block-3,BR053006,Govt. School DAR-306,2026-06,328,Yes,252.0,52.0,31.0,22.0,3.0,1.0
Bihar,Darbhanga,Darbhanga Block-3,BR053006,Govt. School DAR-306,2026-07,328,No,,,,,,
Bihar,Darbhanga,Darbhanga Block-3,BR053006,Govt. School DAR-306,2026-08,328,Yes,252.0,54.0,31.0,19.0,2.0,1.0
Bihar,Darbhanga,Darbhanga Block-3,BR053006,Govt. School DAR-306,2026-09,328,No,,,,,,
Bihar,Darbhanga,Darbhanga Block-3,BR053007,Govt. School DAR-307,2026-04,418,Yes,290.0,57.0,36.0,21.0,4.0,2.0
Bihar,Darbhanga,Darbhanga Block-3,BR053007,Govt. School DAR-307,2026-05,418,No,,,,,,
Bihar,Darbhanga,Darbhanga Block-3,BR053007,Govt. School DAR-307,2026-06,418,Yes,284.0,61.0,42.0,26.0,3.0,2.0
Bihar,Darbhanga,Darbhanga Block-3,BR053007,Govt. School DAR-307,2026-07,418,Yes,302.0,68.0,40.0,26.0,3.0,2.0
Bihar,Darbhanga,Darbhanga Block-3,BR053007,Govt. School DAR-307,2026-08,418,Yes,319.0,67.0,40.0,28.0,3.0,1.0
Bihar,Darbhanga,Darbhanga Block-3,BR053007,Govt. School DAR-307,2026-09,418,Yes,314.0,63.0,44.0,31.0,3.0,1.0
Bihar,Darbhanga,Darbhanga Block-3,BR053008,Govt. School DAR-308,2026-04,601,No,,,,,,
Bihar,Darbhanga,Darbhanga Block-3,BR053008,Govt. School DAR-308,2026-05,601,No,,,,,,
Bihar,Darbhanga,Darbhanga Block-3,BR053008,Govt. School DAR-308,2026-06,601,Yes,352.0,93.0,62.0,26.0,3.0,1.0
Bihar,Darbhanga,Darbhanga Block-3,BR053008,Govt. School DAR-308,2026-07,601,Yes,337.0,84.0,58.0,31.0,2.0,1.0
Bihar,Darbhanga,Darbhanga Block-3,BR053008,Govt. School DAR-308,2026-08,601,Yes,395.0,87.0,53.0,25.0,2.0,1.0
Bihar,Darbhanga,Darbhanga Block-3,BR053008,Govt. School DAR-308,2026-09,601,Yes,326.0,89.0,55.0,23.0,1.0,2.0
Bihar,Darbhanga,Darbhanga Block-3,BR053009,Govt. School DAR-309,2026-04,672,Yes,423.0,104.0,62.0,38.0,2.0,2.0
Bihar,Darbhanga,Darbhanga Block-3,BR053009,Govt. School DAR-309,2026-05,672,Yes,494.0,101.0,60.0,36.0,2.0,1.0
Bihar,Darbhanga,Darbhanga Block-3,BR053009,Govt. School DAR-309,2026-06,672,No,,,,,,
Bihar,Darbhanga,Darbhanga Block-3,BR053009,Govt. School DAR-309,2026-07,672,Yes,475.0,102.0,66.0,37.0,4.0,1.0
Bihar,Darbhanga,Darbhanga Block-3,BR053009,Govt. School DAR-309,2026-08,672,Yes,473.0,89.0,56.0,36.0,3.0,2.0
Bihar,Darbhanga,Darbhanga Block-3,BR053009,Govt. School DAR-309,2026-09,672,Yes,494.0,117.0,76.0,43.0,3.0,1.0
Bihar,Darbhanga,Darbhanga Block-3,BR053010,Govt. School DAR-310,2026-04,650,No,,,,,,
Bihar,Darbhanga,Darbhanga Block-3,BR053010,Govt. School DAR-310,2026-05,650,Yes,432.0,102.0,64.0,43.0,2.0,1.0
Bihar,Darbhanga,Darbhanga Block-3,BR053010,Govt. School DAR-310,2026-06,650,Yes,445.0,95.0,66.0,40.0,2.0,1.0
Bihar,Darbhanga,Darbhanga Block-3,BR053010,Govt. School DAR-310,2026-07,650,Yes,466.0,101.0,63.0,38.0,2.0,1.0
Bihar,Darbhanga,Darbhanga Block-3,BR053010,Govt. School DAR-310,2026-08,650,Yes,466.0,114.0,86.0,43.0,4.0,2.0
Bihar,Darbhanga,Darbhanga Block-3,BR053010,Govt. School DAR-310,2026-09,650,Yes,441.0,102.0,67.0,35.0,2.0,1.0
Bihar,Darbhanga,Darbhanga Block-3,BR053011,Govt. School DAR-311,2026-04,685,No,,,,,,
Bihar,Darbhanga,Darbhanga Block-3,BR053011,Govt. School DAR-311,2026-05,685,No,,,,,,
Bihar,Darbhanga,Darbhanga Block-3,BR053011,Govt. School DAR-311,2026-06,685,Yes,405.0,91.0,49.0,27.0,3.0,1.0
Bihar,Darbhanga,Darbhanga Block-3,BR053011,Govt. School DAR-311,2026-07,685,No,,,,,,
Bihar,Darbhanga,Darbhanga Block-3,BR053011,Govt. School DAR-311,2026-08,685,Yes,475.0,104.0,68.0,40.0,3.0,1.0
Bihar,Darbhanga,Darbhanga Block-3,BR053011,Govt. School DAR-311,2026-09,685,Yes,446.0,95.0,60.0,33.0,3.0,1.0
Bihar,Darbhanga,Darbhanga Block-3,BR053012,Govt. School DAR-312,2026-04,657,Yes,472.0,88.0,65.0,42.0,2.0,2.0
Bihar,Darbhanga,Darbhanga Block-3,BR053012,Govt. School DAR-312,2026-05,657,Yes,488.0,89.0,52.0,33.0,2.0,1.0
Bihar,Darbhanga,Darbhanga Block-3,BR053012,Govt. School DAR-312,2026-06,657,No,,,,,,
Bihar,Darbhanga,Darbhanga Block-3,BR053012,Govt. School DAR-312,2026-07,657,Yes,478.0,104.0,67.0,44.0,3.0,2.0
Bihar,Darbhanga,Darbhanga Block-3,BR053012,Govt. School DAR-312,2026-08,657,Yes,497.0,103.0,66.0,42.0,3.0,1.0
Bihar,Darbhanga,Darbhanga Block-3,BR053012,Govt. School DAR-312,2026-09,657,Yes,458.0,95.0,63.0,42.0,3.0,0.0
Bihar,Purnia,Purnia Block-1,BR061001,Govt. School PUR-101,2026-04,490,Yes,389.0,78.0,50.0,34.0,6.0,2.0
Bihar,Purnia,Purnia Block-1,BR061001,Govt. School PUR-101,2026-05,490,No,,,,,,
Bihar,Purnia,Purnia Block-1,BR061001,Govt. School PUR-101,2026-06,490,No,,,,,,
Bihar,Purnia,Purnia Block-1,BR061001,Govt. School PUR-101,2026-07,490,No,,,,,,
Bihar,Purnia,Purnia Block-1,BR061001,Govt. School PUR-101,2026-08,490,No,,,,,,
Bihar,Purnia,Purnia Block-1,BR061001,Govt. School PUR-101,2026-09,490,Yes,311.0,65.0,41.0,18.0,3.0,1.0
Bihar,Purnia,Purnia Block-1,BR061002,Govt. School PUR-102,2026-04,659,Yes,440.0,89.0,56.0,35.0,4.0,0.0
Bihar,Purnia,Purnia Block-1,BR061002,Govt. School PUR-102,2026-05,659,Yes,469.0,104.0,69.0,45.0,3.0,2.0
Bihar,Purnia,Purnia Block-1,BR061002,Govt. School PUR-102,2026-06,659,Yes,415.0,99.0,56.0,34.0,3.0,0.0
Bihar,Purnia,Purnia Block-1,BR061002,Govt. School PUR-102,2026-07,659,Yes,426.0,106.0,72.0,37.0,3.0,2.0
Bihar,Purnia,Purnia Block-1,BR061002,Govt. School PUR-102,2026-08,659,Yes,395.0,91.0,62.0,29.0,1.0,1.0
Bihar,Purnia,Purnia Block-1,BR061002,Govt. School PUR-102,2026-09,659,Yes,343.0,86.0,50.0,16.0,2.0,1.0
Bihar,Purnia,Purnia Block-1,BR061003,Govt. School PUR-103,2026-04,720,No,,,,,,
Bihar,Purnia,Purnia Block-1,BR061003,Govt. School PUR-103,2026-05,720,Yes,521.0,93.0,51.0,30.0,2.0,1.0
Bihar,Purnia,Purnia Block-1,BR061003,Govt. School PUR-103,2026-06,720,Yes,494.0,104.0,65.0,46.0,2.0,1.0
Bihar,Purnia,Purnia Block-1,BR061003,Govt. School PUR-103,2026-07,720,No,,,,,,
Bihar,Purnia,Purnia Block-1,BR061003,Govt. School PUR-103,2026-08,720,Yes,416.0,95.0,54.0,28.0,2.0,1.0
Bihar,Purnia,Purnia Block-1,BR061003,Govt. School PUR-103,2026-09,720,Yes,468.0,109.0,64.0,34.0,2.0,1.0
Bihar,Purnia,Purnia Block-1,BR061004,Govt. School PUR-104,2026-04,673,Yes,501.0,122.0,75.0,46.0,2.0,2.0
Bihar,Purnia,Purnia Block-1,BR061004,Govt. School PUR-104,2026-05,673,Yes,402.0,80.0,51.0,24.0,3.0,1.0
Bihar,Purnia,Purnia Block-1,BR061004,Govt. School PUR-104,2026-06,673,Yes,406.0,90.0,61.0,32.0,4.0,0.0
Bihar,Purnia,Purnia Block-1,BR061004,Govt. School PUR-104,2026-07,673,Yes,420.0,87.0,59.0,35.0,3.0,2.0
Bihar,Purnia,Purnia Block-1,BR061004,Govt. School PUR-104,2026-08,673,No,,,,,,
Bihar,Purnia,Purnia Block-1,BR061004,Govt. School PUR-104,2026-09,673,Yes,329.0,79.0,54.0,28.0,2.0,0.0
Bihar,Purnia,Purnia Block-1,BR061005,Govt. School PUR-105,2026-04,539,No,,,,,,
Bihar,Purnia,Purnia Block-1,BR061005,Govt. School PUR-105,2026-05,539,Yes,401.0,86.0,56.0,34.0,3.0,1.0
Bihar,Purnia,Purnia Block-1,BR061005,Govt. School PUR-105,2026-06,539,Yes,336.0,81.0,47.0,26.0,2.0,1.0
Bihar,Purnia,Purnia Block-1,BR061005,Govt. School PUR-105,2026-07,539,Yes,371.0,85.0,57.0,29.0,3.0,1.0
Bihar,Purnia,Purnia Block-1,BR061005,Govt. School PUR-105,2026-08,539,Yes,338.0,98.0,58.0,26.0,3.0,2.0
Bihar,Purnia,Purnia Block-1,BR061005,Govt. School PUR-105,2026-09,539,Yes,341.0,74.0,42.0,20.0,3.0,2.0
Bihar,Purnia,Purnia Block-1,BR061006,Govt. School PUR-106,2026-04,587,Yes,481.0,79.0,48.0,36.0,4.0,1.0
Bihar,Purnia,Purnia Block-1,BR061006,Govt. School PUR-106,2026-05,587,Yes,468.0,83.0,56.0,35.0,4.0,1.0
Bihar,Purnia,Purnia Block-1,BR061006,Govt. School PUR-106,2026-06,587,No,,,,,,
Bihar,Purnia,Purnia Block-1,BR061006,Govt. School PUR-106,2026-07,587,No,,,,,,
Bihar,Purnia,Purnia Block-1,BR061006,Govt. School PUR-106,2026-08,587,Yes,390.0,76.0,51.0,27.0,4.0,2.0
Bihar,Purnia,Purnia Block-1,BR061006,Govt. School PUR-106,2026-09,587,No,,,,,,
Bihar,Purnia,Purnia Block-1,BR061007,Govt. School PUR-107,2026-04,529,No,,,,,,
Bihar,Purnia,Purnia Block-1,BR061007,Govt. School PUR-107,2026-05,529,Yes,384.0,77.0,48.0,29.0,3.0,2.0
Bihar,Purnia,Purnia Block-1,BR061007,Govt. School PUR-107,2026-06,529,Yes,370.0,90.0,59.0,30.0,3.0,1.0
Bihar,Purnia,Purnia Block-1,BR061007,Govt. School PUR-107,2026-07,529,Yes,348.0,89.0,54.0,33.0,3.0,1.0
Bihar,Purnia,Purnia Block-1,BR061007,Govt. School PUR-107,2026-08,529,Yes,330.0,71.0,42.0,21.0,2.0,1.0
Bihar,Purnia,Purnia Block-1,BR061007,Govt. School PUR-107,2026-09,529,Yes,330.0,75.0,53.0,26.0,3.0,2.0
Bihar,Purnia,Purnia Block-1,BR061008,Govt. School PUR-108,2026-04,680,Yes,534.0,119.0,75.0,55.0,4.0,1.0
Bihar,Purnia,Purnia Block-1,BR061008,Govt. School PUR-108,2026-05,680,Yes,469.0,83.0,55.0,35.0,3.0,0.0
Bihar,Purnia,Purnia Block-1,BR061008,Govt. School PUR-108,2026-06,680,Yes,509.0,112.0,76.0,42.0,3.0,1.0
Bihar,Purnia,Purnia Block-1,BR061008,Govt. School PUR-108,2026-07,680,Yes,459.0,94.0,63.0,35.0,2.0,1.0
Bihar,Purnia,Purnia Block-1,BR061008,Govt. School PUR-108,2026-08,680,Yes,417.0,85.0,55.0,25.0,2.0,1.0
Bihar,Purnia,Purnia Block-1,BR061008,Govt. School PUR-108,2026-09,680,Yes,429.0,88.0,51.0,28.0,3.0,1.0
Bihar,Purnia,Purnia Block-1,BR061009,Govt. School PUR-109,2026-04,894,Yes,734.0,145.0,99.0,63.0,4.0,2.0
Bihar,Purnia,Purnia Block-1,BR061009,Govt. School PUR-109,2026-05,894,No,,,,,,
Bihar,Purnia,Purnia Block-1,BR061009,Govt. School PUR-109,2026-06,894,No,,,,,,
Bihar,Purnia,Purnia Block-1,BR061009,Govt. School PUR-109,2026-07,894,Yes,596.0,138.0,78.0,43.0,2.0,1.0
Bihar,Purnia,Purnia Block-1,BR061009,Govt. School PUR-109,2026-08,894,No,,,,,,
Bihar,Purnia,Purnia Block-1,BR061009,Govt. School PUR-109,2026-09,894,Yes,545.0,127.0,80.0,42.0,2.0,1.0
Bihar,Purnia,Purnia Block-1,BR061010,Govt. School PUR-110,2026-04,731,Yes,538.0,111.0,69.0,36.0,3.0,1.0
Bihar,Purnia,Purnia Block-1,BR061010,Govt. School PUR-110,2026-05,731,Yes,487.0,111.0,65.0,33.0,2.0,1.0
Bihar,Purnia,Purnia Block-1,BR061010,Govt. School PUR-110,2026-06,731,Yes,534.0,110.0,69.0,45.0,3.0,1.0
Bihar,Purnia,Purnia Block-1,BR061010,Govt. School PUR-110,2026-07,731,Yes,472.0,131.0,80.0,44.0,3.0,1.0
Bihar,Purnia,Purnia Block-1,BR061010,Govt. School PUR-110,2026-08,731,Yes,429.0,94.0,62.0,30.0,2.0,2.0
Bihar,Purnia,Purnia Block-1,BR061010,Govt. School PUR-110,2026-09,731,No,,,,,,
Bihar,Purnia,Purnia Block-1,BR061011,Govt. School PUR-111,2026-04,429,Yes,342.0,72.0,47.0,31.0,3.0,1.0
Bihar,Purnia,Purnia Block-1,BR061011,Govt. School PUR-111,2026-05,429,Yes,335.0,68.0,41.0,26.0,3.0,2.0
Bihar,Purnia,Purnia Block-1,BR061011,Govt. School PUR-111,2026-06,429,No,,,,,,
Bihar,Purnia,Purnia Block-1,BR061011,Govt. School PUR-111,2026-07,429,Yes,297.0,61.0,41.0,23.0,3.0,2.0
Bihar,Purnia,Purnia Block-1,BR061011,Govt. School PUR-111,2026-08,429,No,,,,,,
Bihar,Purnia,Purnia Block-1,BR061011,Govt. School PUR-111,2026-09,429,No,,,,,,
Bihar,Purnia,Purnia Block-1,BR061012,Govt. School PUR-112,2026-04,328,Yes,206.0,40.0,25.0,12.0,3.0,1.0
Bihar,Purnia,Purnia Block-1,BR061012,Govt. School PUR-112,2026-05,328,Yes,209.0,44.0,31.0,14.0,3.0,2.0
Bihar,Purnia,Purnia Block-1,BR061012,Govt. School PUR-112,2026-06,328,Yes,194.0,44.0,29.0,17.0,2.0,1.0
Bihar,Purnia,Purnia Block-1,BR061012,Govt. School PUR-112,2026-07,328,No,,,,,,
Bihar,Purnia,Purnia Block-1,BR061012,Govt. School PUR-112,2026-08,328,Yes,175.0,44.0,26.0,14.0,2.0,0.0
Bihar,Purnia,Purnia Block-1,BR061012,Govt. School PUR-112,2026-09,328,Yes,159.0,38.0,23.0,7.0,2.0,0.0
Bihar,Purnia,Purnia Block-2,BR062001,Govt. School PUR-201,2026-04,754,Yes,584.0,114.0,78.0,52.0,3.0,1.0
Bihar,Purnia,Purnia Block-2,BR062001,Govt. School PUR-201,2026-05,754,Yes,541.0,119.0,78.0,46.0,3.0,1.0
Bihar,Purnia,Purnia Block-2,BR062001,Govt. School PUR-201,2026-06,754,No,,,,,,
Bihar,Purnia,Purnia Block-2,BR062001,Govt. School PUR-201,2026-07,754,Yes,512.0,105.0,63.0,37.0,3.0,1.0
Bihar,Purnia,Purnia Block-2,BR062001,Govt. School PUR-201,2026-08,754,Yes,499.0,89.0,59.0,28.0,3.0,1.0
Bihar,Purnia,Purnia Block-2,BR062001,Govt. School PUR-201,2026-09,754,Yes,455.0,111.0,75.0,44.0,3.0,1.0
Bihar,Purnia,Purnia Block-2,BR062002,Govt. School PUR-202,2026-04,346,Yes,245.0,47.0,34.0,20.0,3.0,1.0
Bihar,Purnia,Purnia Block-2,BR062002,Govt. School PUR-202,2026-05,346,Yes,239.0,51.0,31.0,16.0,3.0,1.0
Bihar,Purnia,Purnia Block-2,BR062002,Govt. School PUR-202,2026-06,346,No,,,,,,
Bihar,Purnia,Purnia Block-2,BR062002,Govt. School PUR-202,2026-07,346,Yes,203.0,50.0,29.0,15.0,3.0,1.0
Bihar,Purnia,Purnia Block-2,BR062002,Govt. School PUR-202,2026-08,346,Yes,197.0,50.0,25.0,12.0,1.0,1.0
Bihar,Purnia,Purnia Block-2,BR062002,Govt. School PUR-202,2026-09,346,Yes,162.0,38.0,20.0,7.0,2.0,1.0
Bihar,Purnia,Purnia Block-2,BR062003,Govt. School PUR-203,2026-04,815,Yes,687.0,143.0,90.0,66.0,3.0,2.0
Bihar,Purnia,Purnia Block-2,BR062003,Govt. School PUR-203,2026-05,815,No,,,,,,
Bihar,Purnia,Purnia Block-2,BR062003,Govt. School PUR-203,2026-06,815,Yes,610.0,116.0,71.0,44.0,3.0,2.0
Bihar,Purnia,Purnia Block-2,BR062003,Govt. School PUR-203,2026-07,815,No,,,,,,
Bihar,Purnia,Purnia Block-2,BR062003,Govt. School PUR-203,2026-08,815,Yes,570.0,132.0,76.0,41.0,3.0,1.0
Bihar,Purnia,Purnia Block-2,BR062003,Govt. School PUR-203,2026-09,815,Yes,511.0,126.0,78.0,39.0,3.0,1.0
Bihar,Purnia,Purnia Block-2,BR062004,Govt. School PUR-204,2026-04,524,Yes,382.0,88.0,50.0,28.0,4.0,2.0
Bihar,Purnia,Purnia Block-2,BR062004,Govt. School PUR-204,2026-05,524,Yes,349.0,80.0,52.0,33.0,3.0,1.0
Bihar,Purnia,Purnia Block-2,BR062004,Govt. School PUR-204,2026-06,524,No,,,,,,
Bihar,Purnia,Purnia Block-2,BR062004,Govt. School PUR-204,2026-07,524,Yes,329.0,66.0,43.0,23.0,2.0,1.0
Bihar,Purnia,Purnia Block-2,BR062004,Govt. School PUR-204,2026-08,524,Yes,310.0,78.0,51.0,23.0,2.0,1.0
Bihar,Purnia,Purnia Block-2,BR062004,Govt. School PUR-204,2026-09,524,Yes,313.0,73.0,41.0,22.0,3.0,2.0
Bihar,Purnia,Purnia Block-2,BR062005,Govt. School PUR-205,2026-04,413,No,,,,,,
Bihar,Purnia,Purnia Block-2,BR062005,Govt. School PUR-205,2026-05,413,No,,,,,,
Bihar,Purnia,Purnia Block-2,BR062005,Govt. School PUR-205,2026-06,413,Yes,306.0,62.0,37.0,22.0,2.0,1.0
Bihar,Purnia,Purnia Block-2,BR062005,Govt. School PUR-205,2026-07,413,Yes,272.0,61.0,43.0,23.0,2.0,1.0
Bihar,Purnia,Purnia Block-2,BR062005,Govt. School PUR-205,2026-08,413,Yes,288.0,56.0,34.0,19.0,3.0,2.0
Bihar,Purnia,Purnia Block-2,BR062005,Govt. School PUR-205,2026-09,413,Yes,247.0,58.0,41.0,18.0,2.0,1.0
Bihar,Purnia,Purnia Block-2,BR062006,Govt. School PUR-206,2026-04,632,Yes,478.0,98.0,67.0,45.0,4.0,2.0
Bihar,Purnia,Purnia Block-2,BR062006,Govt. School PUR-206,2026-05,632,No,,,,,,
Bihar,Purnia,Purnia Block-2,BR062006,Govt. School PUR-206,2026-06,632,No,,,,,,
Bihar,Purnia,Purnia Block-2,BR062006,Govt. School PUR-206,2026-07,632,Yes,350.0,94.0,53.0,19.0,3.0,2.0
Bihar,Purnia,Purnia Block-2,BR062006,Govt. School PUR-206,2026-08,632,Yes,361.0,93.0,52.0,25.0,0.0,1.0
Bihar,Purnia,Purnia Block-2,BR062006,Govt. School PUR-206,2026-09,632,Yes,360.0,95.0,61.0,27.0,1.0,1.0
Bihar,Purnia,Purnia Block-2,BR062007,Govt. School PUR-207,2026-04,874,No,,,,,,
Bihar,Purnia,Purnia Block-2,BR062007,Govt. School PUR-207,2026-05,874,Yes,615.0,107.0,76.0,44.0,3.0,2.0
Bihar,Purnia,Purnia Block-2,BR062007,Govt. School PUR-207,2026-06,874,Yes,618.0,140.0,96.0,42.0,3.0,2.0
Bihar,Purnia,Purnia Block-2,BR062007,Govt. School PUR-207,2026-07,874,Yes,583.0,133.0,83.0,43.0,3.0,1.0
Bihar,Purnia,Purnia Block-2,BR062007,Govt. School PUR-207,2026-08,874,Yes,555.0,118.0,74.0,30.0,3.0,0.0
Bihar,Purnia,Purnia Block-2,BR062007,Govt. School PUR-207,2026-09,874,Yes,498.0,123.0,79.0,31.0,3.0,2.0
Bihar,Purnia,Purnia Block-2,BR062008,Govt. School PUR-208,2026-04,866,Yes,500.0,127.0,74.0,26.0,1.0,0.0
Bihar,Purnia,Purnia Block-2,BR062008,Govt. School PUR-208,2026-05,866,Yes,498.0,121.0,64.0,30.0,2.0,1.0
Bihar,Purnia,Purnia Block-2,BR062008,Govt. School PUR-208,2026-06,866,No,,,,,,
Bihar,Purnia,Purnia Block-2,BR062008,Govt. School PUR-208,2026-07,866,No,,,,,,
Bihar,Purnia,Purnia Block-2,BR062008,Govt. School PUR-208,2026-08,866,No,,,,,,
Bihar,Purnia,Purnia Block-2,BR062008,Govt. School PUR-208,2026-09,866,Yes,393.0,100.0,59.0,25.0,3.0,1.0
Bihar,Purnia,Purnia Block-2,BR062009,Govt. School PUR-209,2026-04,753,No,,,,,,
Bihar,Purnia,Purnia Block-2,BR062009,Govt. School PUR-209,2026-05,753,Yes,526.0,117.0,69.0,37.0,2.0,1.0
Bihar,Purnia,Purnia Block-2,BR062009,Govt. School PUR-209,2026-06,753,Yes,503.0,107.0,68.0,32.0,3.0,1.0
Bihar,Purnia,Purnia Block-2,BR062009,Govt. School PUR-209,2026-07,753,Yes,470.0,106.0,75.0,43.0,4.0,1.0
Bihar,Purnia,Purnia Block-2,BR062009,Govt. School PUR-209,2026-08,753,Yes,397.0,104.0,67.0,21.0,2.0,1.0
Bihar,Purnia,Purnia Block-2,BR062009,Govt. School PUR-209,2026-09,753,Yes,404.0,97.0,60.0,27.0,1.0,1.0
Bihar,Purnia,Purnia Block-2,BR062010,Govt. School PUR-210,2026-04,189,Yes,146.0,30.0,17.0,12.0,2.0,2.0
Bihar,Purnia,Purnia Block-2,BR062010,Govt. School PUR-210,2026-05,189,Yes,136.0,31.0,20.0,12.0,4.0,0.0
Bihar,Purnia,Purnia Block-2,BR062010,Govt. School PUR-210,2026-06,189,Yes,120.0,28.0,17.0,9.0,3.0,2.0
Bihar,Purnia,Purnia Block-2,BR062010,Govt. School PUR-210,2026-07,189,Yes,113.0,25.0,15.0,7.0,2.0,0.0
Bihar,Purnia,Purnia Block-2,BR062010,Govt. School PUR-210,2026-08,189,Yes,134.0,28.0,22.0,11.0,2.0,1.0
Bihar,Purnia,Purnia Block-2,BR062010,Govt. School PUR-210,2026-09,189,No,,,,,,
Bihar,Purnia,Purnia Block-2,BR062011,Govt. School PUR-211,2026-04,744,No,,,,,,
Bihar,Purnia,Purnia Block-2,BR062011,Govt. School PUR-211,2026-05,744,Yes,485.0,113.0,61.0,38.0,2.0,2.0
Bihar,Purnia,Purnia Block-2,BR062011,Govt. School PUR-211,2026-06,744,No,,,,,,
Bihar,Purnia,Purnia Block-2,BR062011,Govt. School PUR-211,2026-07,744,Yes,431.0,80.0,49.0,22.0,2.0,2.0
Bihar,Purnia,Purnia Block-2,BR062011,Govt. School PUR-211,2026-08,744,Yes,418.0,107.0,68.0,29.0,2.0,0.0
Bihar,Purnia,Purnia Block-2,BR062011,Govt. School PUR-211,2026-09,744,No,,,,,,
Bihar,Purnia,Purnia Block-2,BR062012,Govt. School PUR-212,2026-04,622,Yes,471.0,97.0,58.0,37.0,2.0,2.0
Bihar,Purnia,Purnia Block-2,BR062012,Govt. School PUR-212,2026-05,622,Yes,436.0,89.0,59.0,33.0,3.0,1.0
Bihar,Purnia,Purnia Block-2,BR062012,Govt. School PUR-212,2026-06,622,Yes,383.0,88.0,62.0,40.0,4.0,1.0
Bihar,Purnia,Purnia Block-2,BR062012,Govt. School PUR-212,2026-07,622,Yes,410.0,86.0,48.0,23.0,3.0,1.0
Bihar,Purnia,Purnia Block-2,BR062012,Govt. School PUR-212,2026-08,622,Yes,371.0,91.0,58.0,28.0,2.0,2.0
Bihar,Purnia,Purnia Block-2,BR062012,Govt. School PUR-212,2026-09,622,No,,,,,,
Bihar,Purnia,Purnia Block-3,BR063001,Govt. School PUR-301,2026-04,336,Yes,263.0,52.0,34.0,22.0,4.0,2.0
Bihar,Purnia,Purnia Block-3,BR063001,Govt. School PUR-301,2026-05,336,No,,,,,,
Bihar,Purnia,Purnia Block-3,BR063001,Govt. School PUR-301,2026-06,336,No,,,,,,
Bihar,Purnia,Purnia Block-3,BR063001,Govt. School PUR-301,2026-07,336,Yes,210.0,47.0,28.0,17.0,2.0,1.0
Bihar,Purnia,Purnia Block-3,BR063001,Govt. School PUR-301,2026-08,336,Yes,226.0,57.0,37.0,18.0,3.0,1.0
Bihar,Purnia,Purnia Block-3,BR063001,Govt. School PUR-301,2026-09,336,Yes,225.0,45.0,30.0,17.0,2.0,2.0
Bihar,Purnia,Purnia Block-3,BR063002,Govt. School PUR-302,2026-04,651,Yes,463.0,99.0,63.0,39.0,3.0,2.0
Bihar,Purnia,Purnia Block-3,BR063002,Govt. School PUR-302,2026-05,651,No,,,,,,
Bihar,Purnia,Purnia Block-3,BR063002,Govt. School PUR-302,2026-06,651,Yes,372.0,86.0,56.0,24.0,3.0,1.0
Bihar,Purnia,Purnia Block-3,BR063002,Govt. School PUR-302,2026-07,651,Yes,398.0,82.0,46.0,22.0,2.0,2.0
Bihar,Purnia,Purnia Block-3,BR063002,Govt. School PUR-302,2026-08,651,Yes,369.0,76.0,45.0,26.0,3.0,1.0
Bihar,Purnia,Purnia Block-3,BR063002,Govt. School PUR-302,2026-09,651,Yes,336.0,87.0,54.0,21.0,3.0,1.0
Bihar,Purnia,Purnia Block-3,BR063003,Govt. School PUR-303,2026-04,586,Yes,369.0,83.0,54.0,33.0,3.0,0.0
Bihar,Purnia,Purnia Block-3,BR063003,Govt. School PUR-303,2026-05,586,No,,,,,,
Bihar,Purnia,Purnia Block-3,BR063003,Govt. School PUR-303,2026-06,586,No,,,,,,
Bihar,Purnia,Purnia Block-3,BR063003,Govt. School PUR-303,2026-07,586,No,,,,,,
Bihar,Purnia,Purnia Block-3,BR063003,Govt. School PUR-303,2026-08,586,Yes,311.0,83.0,50.0,19.0,3.0,1.0
Bihar,Purnia,Purnia Block-3,BR063003,Govt. School PUR-303,2026-09,586,Yes,326.0,76.0,46.0,20.0,2.0,1.0
Bihar,Purnia,Purnia Block-3,BR063004,Govt. School PUR-304,2026-04,214,Yes,136.0,31.0,17.0,10.0,3.0,2.0
Bihar,Purnia,Purnia Block-3,BR063004,Govt. School PUR-304,2026-05,214,Yes,136.0,30.0,21.0,9.0,3.0,1.0
Bihar,Purnia,Purnia Block-3,BR063004,Govt. School PUR-304,2026-06,214,No,,,,,,
Bihar,Purnia,Purnia Block-3,BR063004,Govt. School PUR-304,2026-07,214,Yes,122.0,32.0,21.0,10.0,1.0,1.0
Bihar,Purnia,Purnia Block-3,BR063004,Govt. School PUR-304,2026-08,214,No,,,,,,
Bihar,Purnia,Purnia Block-3,BR063004,Govt. School PUR-304,2026-09,214,Yes,114.0,26.0,15.0,7.0,3.0,2.0
Bihar,Purnia,Purnia Block-3,BR063005,Govt. School PUR-305,2026-04,321,Yes,243.0,49.0,29.0,20.0,4.0,0.0
Bihar,Purnia,Purnia Block-3,BR063005,Govt. School PUR-305,2026-05,321,Yes,253.0,51.0,30.0,22.0,3.0,2.0
Bihar,Purnia,Purnia Block-3,BR063005,Govt. School PUR-305,2026-06,321,No,,,,,,
Bihar,Purnia,Purnia Block-3,BR063005,Govt. School PUR-305,2026-07,321,Yes,225.0,49.0,30.0,18.0,2.0,1.0
Bihar,Purnia,Purnia Block-3,BR063005,Govt. School PUR-305,2026-08,321,Yes,207.0,46.0,24.0,13.0,2.0,1.0
Bihar,Purnia,Purnia Block-3,BR063005,Govt. School PUR-305,2026-09,321,Yes,193.0,38.0,25.0,13.0,3.0,1.0
Bihar,Purnia,Purnia Block-3,BR063006,Govt. School PUR-306,2026-04,893,Yes,587.0,110.0,74.0,37.0,2.0,2.0
Bihar,Purnia,Purnia Block-3,BR063006,Govt. School PUR-306,2026-05,893,Yes,516.0,115.0,74.0,39.0,2.0,2.0
Bihar,Purnia,Purnia Block-3,BR063006,Govt. School PUR-306,2026-06,893,Yes,491.0,111.0,81.0,41.0,2.0,1.0
Bihar,Purnia,Purnia Block-3,BR063006,Govt. School PUR-306,2026-07,893,Yes,448.0,136.0,82.0,31.0,1.0,0.0
Bihar,Purnia,Purnia Block-3,BR063006,Govt. School PUR-306,2026-08,893,Yes,450.0,108.0,67.0,28.0,3.0,1.0
Bihar,Purnia,Purnia Block-3,BR063006,Govt. School PUR-306,2026-09,893,No,,,,,,
Bihar,Purnia,Purnia Block-3,BR063007,Govt. School PUR-307,2026-04,818,Yes,504.0,121.0,77.0,42.0,2.0,1.0
Bihar,Purnia,Purnia Block-3,BR063007,Govt. School PUR-307,2026-05,818,Yes,530.0,115.0,77.0,41.0,4.0,1.0
Bihar,Purnia,Purnia Block-3,BR063007,Govt. School PUR-307,2026-06,818,Yes,476.0,114.0,79.0,34.0,3.0,1.0
Bihar,Purnia,Purnia Block-3,BR063007,Govt. School PUR-307,2026-07,818,Yes,424.0,94.0,58.0,26.0,2.0,0.0
Bihar,Purnia,Purnia Block-3,BR063007,Govt. School PUR-307,2026-08,818,Yes,466.0,106.0,68.0,35.0,3.0,0.0
Bihar,Purnia,Purnia Block-3,BR063007,Govt. School PUR-307,2026-09,818,Yes,313.0,82.0,47.0,17.0,2.0,0.0
Bihar,Purnia,Purnia Block-3,BR063008,Govt. School PUR-308,2026-04,760,Yes,597.0,156.0,93.0,56.0,4.0,1.0
Bihar,Purnia,Purnia Block-3,BR063008,Govt. School PUR-308,2026-05,760,Yes,509.0,108.0,59.0,37.0,2.0,1.0
Bihar,Purnia,Purnia Block-3,BR063008,Govt. School PUR-308,2026-06,760,Yes,574.0,115.0,76.0,48.0,3.0,0.0
Bihar,Purnia,Purnia Block-3,BR063008,Govt. School PUR-308,2026-07,760,Yes,492.0,110.0,73.0,41.0,3.0,1.0
Bihar,Purnia,Purnia Block-3,BR063008,Govt. School PUR-308,2026-08,760,Yes,518.0,111.0,72.0,38.0,3.0,2.0
Bihar,Purnia,Purnia Block-3,BR063008,Govt. School PUR-308,2026-09,760,Yes,470.0,94.0,64.0,35.0,2.0,1.0
Bihar,Purnia,Purnia Block-3,BR063009,Govt. School PUR-309,2026-04,886,Yes,588.0,112.0,77.0,47.0,3.0,2.0
Bihar,Purnia,Purnia Block-3,BR063009,Govt. School PUR-309,2026-05,886,No,,,,,,
Bihar,Purnia,Purnia Block-3,BR063009,Govt. School PUR-309,2026-06,886,Yes,592.0,131.0,81.0,50.0,2.0,2.0
Bihar,Purnia,Purnia Block-3,BR063009,Govt. School PUR-309,2026-07,886,Yes,514.0,112.0,77.0,26.0,3.0,1.0
Bihar,Purnia,Purnia Block-3,BR063009,Govt. School PUR-309,2026-08,886,Yes,561.0,138.0,88.0,42.0,3.0,1.0
Bihar,Purnia,Purnia Block-3,BR063009,Govt. School PUR-309,2026-09,886,No,,,,,,
Bihar,Purnia,Purnia Block-3,BR063010,Govt. School PUR-310,2026-04,675,Yes,539.0,120.0,84.0,54.0,4.0,2.0
Bihar,Purnia,Purnia Block-3,BR063010,Govt. School PUR-310,2026-05,675,Yes,536.0,99.0,72.0,48.0,3.0,1.0
Bihar,Purnia,Purnia Block-3,BR063010,Govt. School PUR-310,2026-06,675,No,,,,,,
Bihar,Purnia,Purnia Block-3,BR063010,Govt. School PUR-310,2026-07,675,Yes,447.0,102.0,59.0,34.0,3.0,1.0
Bihar,Purnia,Purnia Block-3,BR063010,Govt. School PUR-310,2026-08,675,Yes,448.0,96.0,60.0,36.0,2.0,1.0
Bihar,Purnia,Purnia Block-3,BR063010,Govt. School PUR-310,2026-09,675,No,,,,,,
Bihar,Purnia,Purnia Block-3,BR063011,Govt. School PUR-311,2026-04,454,Yes,343.0,73.0,47.0,28.0,3.0,2.0
Bihar,Purnia,Purnia Block-3,BR063011,Govt. School PUR-311,2026-05,454,Yes,283.0,53.0,28.0,14.0,2.0,1.0
Bihar,Purnia,Purnia Block-3,BR063011,Govt. School PUR-311,2026-06,454,Yes,272.0,60.0,41.0,21.0,2.0,2.0
Bihar,Purnia,Purnia Block-3,BR063011,Govt. School PUR-311,2026-07,454,No,,,,,,
Bihar,Purnia,Purnia Block-3,BR063011,Govt. School PUR-311,2026-08,454,No,,,,,,
Bihar,Purnia,Purnia Block-3,BR063011,Govt. School PUR-311,2026-09,454,Yes,242.0,59.0,37.0,15.0,2.0,1.0
Bihar,Purnia,Purnia Block-3,BR063012,Govt. School PUR-312,2026-04,511,Yes,393.0,79.0,49.0,33.0,2.0,2.0
Bihar,Purnia,Purnia Block-3,BR063012,Govt. School PUR-312,2026-05,511,Yes,383.0,84.0,53.0,30.0,3.0,0.0
Bihar,Purnia,Purnia Block-3,BR063012,Govt. School PUR-312,2026-06,511,No,,,,,,
Bihar,Purnia,Purnia Block-3,BR063012,Govt. School PUR-312,2026-07,511,Yes,346.0,69.0,45.0,29.0,3.0,2.0
Bihar,Purnia,Purnia Block-3,BR063012,Govt. School PUR-312,2026-08,511,Yes,328.0,91.0,53.0,30.0,3.0,0.0
Bihar,Purnia,Purnia Block-3,BR063012,Govt. School PUR-312,2026-09,511,No,,,,,,
Bihar,Nalanda,Nalanda Block-1,BR071001,Govt. School NAL-101,2026-04,711,Yes,478.0,119.0,87.0,46.0,2.0,1.0
Bihar,Nalanda,Nalanda Block-1,BR071001,Govt. School NAL-101,2026-05,711,Yes,511.0,104.0,60.0,37.0,2.0,1.0
Bihar,Nalanda,Nalanda Block-1,BR071001,Govt. School NAL-101,2026-06,711,Yes,532.0,109.0,72.0,46.0,5.0,2.0
Bihar,Nalanda,Nalanda Block-1,BR071001,Govt. School NAL-101,2026-07,711,Yes,590.0,109.0,73.0,54.0,3.0,1.0
Bihar,Nalanda,Nalanda Block-1,BR071001,Govt. School NAL-101,2026-08,711,Yes,580.0,99.0,67.0,47.0,3.0,2.0
Bihar,Nalanda,Nalanda Block-1,BR071001,Govt. School NAL-101,2026-09,711,Yes,600.0,111.0,73.0,56.0,3.0,2.0
Bihar,Nalanda,Nalanda Block-1,BR071002,Govt. School NAL-102,2026-04,613,No,,,,,,
Bihar,Nalanda,Nalanda Block-1,BR071002,Govt. School NAL-102,2026-05,613,Yes,460.0,98.0,64.0,39.0,2.0,1.0
Bihar,Nalanda,Nalanda Block-1,BR071002,Govt. School NAL-102,2026-06,613,Yes,479.0,83.0,58.0,39.0,3.0,2.0
Bihar,Nalanda,Nalanda Block-1,BR071002,Govt. School NAL-102,2026-07,613,Yes,475.0,106.0,75.0,47.0,3.0,1.0
Bihar,Nalanda,Nalanda Block-1,BR071002,Govt. School NAL-102,2026-08,613,Yes,482.0,100.0,58.0,46.0,4.0,2.0
Bihar,Nalanda,Nalanda Block-1,BR071002,Govt. School NAL-102,2026-09,613,Yes,570.0,96.0,67.0,55.0,4.0,2.0
Bihar,Nalanda,Nalanda Block-1,BR071003,Govt. School NAL-103,2026-04,889,Yes,603.0,121.0,78.0,47.0,2.0,2.0
Bihar,Nalanda,Nalanda Block-1,BR071003,Govt. School NAL-103,2026-05,889,Yes,610.0,126.0,78.0,51.0,2.0,2.0
Bihar,Nalanda,Nalanda Block-1,BR071003,Govt. School NAL-103,2026-06,889,Yes,656.0,144.0,101.0,72.0,1.0,1.0
Bihar,Nalanda,Nalanda Block-1,BR071003,Govt. School NAL-103,2026-07,889,Yes,704.0,142.0,95.0,61.0,4.0,2.0
Bihar,Nalanda,Nalanda Block-1,BR071003,Govt. School NAL-103,2026-08,889,Yes,721.0,162.0,98.0,74.0,3.0,2.0
Bihar,Nalanda,Nalanda Block-1,BR071003,Govt. School NAL-103,2026-09,889,Yes,757.0,138.0,89.0,71.0,3.0,1.0
Bihar,Nalanda,Nalanda Block-1,BR071004,Govt. School NAL-104,2026-04,730,Yes,423.0,80.0,55.0,31.0,3.0,2.0
Bihar,Nalanda,Nalanda Block-1,BR071004,Govt. School NAL-104,2026-05,730,Yes,463.0,111.0,68.0,24.0,2.0,1.0
Bihar,Nalanda,Nalanda Block-1,BR071004,Govt. School NAL-104,2026-06,730,Yes,491.0,103.0,70.0,41.0,2.0,1.0
Bihar,Nalanda,Nalanda Block-1,BR071004,Govt. School NAL-104,2026-07,730,Yes,547.0,142.0,84.0,50.0,3.0,2.0
Bihar,Nalanda,Nalanda Block-1,BR071004,Govt. School NAL-104,2026-08,730,Yes,580.0,102.0,63.0,45.0,4.0,1.0
Bihar,Nalanda,Nalanda Block-1,BR071004,Govt. School NAL-104,2026-09,730,Yes,606.0,107.0,71.0,46.0,3.0,3.0
Bihar,Nalanda,Nalanda Block-1,BR071005,Govt. School NAL-105,2026-04,435,Yes,265.0,73.0,51.0,27.0,2.0,2.0
Bihar,Nalanda,Nalanda Block-1,BR071005,Govt. School NAL-105,2026-05,435,Yes,271.0,69.0,42.0,23.0,2.0,1.0
Bihar,Nalanda,Nalanda Block-1,BR071005,Govt. School NAL-105,2026-06,435,Yes,288.0,54.0,34.0,18.0,2.0,1.0
Bihar,Nalanda,Nalanda Block-1,BR071005,Govt. School NAL-105,2026-07,435,Yes,353.0,77.0,46.0,32.0,3.0,2.0
Bihar,Nalanda,Nalanda Block-1,BR071005,Govt. School NAL-105,2026-08,435,Yes,345.0,67.0,39.0,25.0,4.0,2.0
Bihar,Nalanda,Nalanda Block-1,BR071005,Govt. School NAL-105,2026-09,435,Yes,378.0,56.0,39.0,26.0,4.0,2.0
Bihar,Nalanda,Nalanda Block-1,BR071006,Govt. School NAL-106,2026-04,514,Yes,302.0,78.0,42.0,21.0,2.0,1.0
Bihar,Nalanda,Nalanda Block-1,BR071006,Govt. School NAL-106,2026-05,514,Yes,365.0,78.0,52.0,31.0,3.0,2.0
Bihar,Nalanda,Nalanda Block-1,BR071006,Govt. School NAL-106,2026-06,514,Yes,378.0,80.0,52.0,29.0,3.0,2.0
Bihar,Nalanda,Nalanda Block-1,BR071006,Govt. School NAL-106,2026-07,514,Yes,397.0,83.0,55.0,37.0,3.0,1.0
Bihar,Nalanda,Nalanda Block-1,BR071006,Govt. School NAL-106,2026-08,514,Yes,443.0,86.0,61.0,43.0,5.0,2.0
Bihar,Nalanda,Nalanda Block-1,BR071006,Govt. School NAL-106,2026-09,514,Yes,454.0,82.0,54.0,44.0,3.0,1.0
Bihar,Nalanda,Nalanda Block-1,BR071007,Govt. School NAL-107,2026-04,879,Yes,551.0,114.0,72.0,40.0,4.0,0.0
Bihar,Nalanda,Nalanda Block-1,BR071007,Govt. School NAL-107,2026-05,879,Yes,606.0,112.0,69.0,44.0,3.0,1.0
Bihar,Nalanda,Nalanda Block-1,BR071007,Govt. School NAL-107,2026-06,879,Yes,690.0,138.0,91.0,68.0,3.0,2.0
Bihar,Nalanda,Nalanda Block-1,BR071007,Govt. School NAL-107,2026-07,879,Yes,674.0,129.0,91.0,59.0,3.0,2.0
Bihar,Nalanda,Nalanda Block-1,BR071007,Govt. School NAL-107,2026-08,879,Yes,679.0,130.0,90.0,60.0,3.0,2.0
Bihar,Nalanda,Nalanda Block-1,BR071007,Govt. School NAL-107,2026-09,879,Yes,773.0,144.0,106.0,84.0,3.0,2.0
Bihar,Nalanda,Nalanda Block-1,BR071008,Govt. School NAL-108,2026-04,224,Yes,137.0,35.0,23.0,10.0,2.0,1.0
Bihar,Nalanda,Nalanda Block-1,BR071008,Govt. School NAL-108,2026-05,224,Yes,152.0,38.0,20.0,13.0,4.0,1.0
Bihar,Nalanda,Nalanda Block-1,BR071008,Govt. School NAL-108,2026-06,224,Yes,162.0,36.0,26.0,15.0,3.0,0.0
Bihar,Nalanda,Nalanda Block-1,BR071008,Govt. School NAL-108,2026-07,224,Yes,146.0,36.0,24.0,12.0,2.0,2.0
Bihar,Nalanda,Nalanda Block-1,BR071008,Govt. School NAL-108,2026-08,224,Yes,165.0,33.0,22.0,13.0,5.0,1.0
Bihar,Nalanda,Nalanda Block-1,BR071008,Govt. School NAL-108,2026-09,224,Yes,192.0,31.0,20.0,15.0,4.0,2.0
Bihar,Nalanda,Nalanda Block-1,BR071009,Govt. School NAL-109,2026-04,800,Yes,454.0,110.0,67.0,28.0,3.0,2.0
Bihar,Nalanda,Nalanda Block-1,BR071009,Govt. School NAL-109,2026-05,800,Yes,474.0,109.0,72.0,32.0,2.0,1.0
Bihar,Nalanda,Nalanda Block-1,BR071009,Govt. School NAL-109,2026-06,800,Yes,524.0,115.0,67.0,38.0,3.0,2.0
Bihar,Nalanda,Nalanda Block-1,BR071009,Govt. School NAL-109,2026-07,800,Yes,563.0,119.0,78.0,47.0,3.0,1.0
Bihar,Nalanda,Nalanda Block-1,BR071009,Govt. School NAL-109,2026-08,800,Yes,591.0,115.0,67.0,41.0,3.0,2.0
Bihar,Nalanda,Nalanda Block-1,BR071009,Govt. School NAL-109,2026-09,800,Yes,664.0,115.0,71.0,48.0,3.0,2.0
Bihar,Nalanda,Nalanda Block-1,BR071010,Govt. School NAL-110,2026-04,753,Yes,521.0,128.0,84.0,49.0,3.0,1.0
Bihar,Nalanda,Nalanda Block-1,BR071010,Govt. School NAL-110,2026-05,753,Yes,529.0,112.0,80.0,48.0,3.0,1.0
Bihar,Nalanda,Nalanda Block-1,BR071010,Govt. School NAL-110,2026-06,753,Yes,594.0,116.0,89.0,57.0,3.0,1.0
Bihar,Nalanda,Nalanda Block-1,BR071010,Govt. School NAL-110,2026-07,753,Yes,615.0,117.0,72.0,51.0,4.0,1.0
Bihar,Nalanda,Nalanda Block-1,BR071010,Govt. School NAL-110,2026-08,753,Yes,664.0,123.0,80.0,63.0,3.0,2.0
Bihar,Nalanda,Nalanda Block-1,BR071010,Govt. School NAL-110,2026-09,753,Yes,699.0,115.0,81.0,64.0,3.0,2.0
Bihar,Nalanda,Nalanda Block-1,BR071011,Govt. School NAL-111,2026-04,329,Yes,243.0,56.0,38.0,24.0,5.0,2.0
Bihar,Nalanda,Nalanda Block-1,BR071011,Govt. School NAL-111,2026-05,329,Yes,247.0,55.0,37.0,29.0,4.0,2.0
Bihar,Nalanda,Nalanda Block-1,BR071011,Govt. School NAL-111,2026-06,329,Yes,287.0,56.0,33.0,24.0,3.0,2.0
Bihar,Nalanda,Nalanda Block-1,BR071011,Govt. School NAL-111,2026-07,329,Yes,282.0,62.0,38.0,28.0,4.0,2.0
Bihar,Nalanda,Nalanda Block-1,BR071011,Govt. School NAL-111,2026-08,329,Yes,296.0,43.0,30.0,27.0,4.0,1.0
Bihar,Nalanda,Nalanda Block-1,BR071011,Govt. School NAL-111,2026-09,329,Yes,313.0,54.0,39.0,33.0,3.0,2.0
Bihar,Nalanda,Nalanda Block-1,BR071012,Govt. School NAL-112,2026-04,259,Yes,146.0,36.0,19.0,8.0,2.0,1.0
Bihar,Nalanda,Nalanda Block-1,BR071012,Govt. School NAL-112,2026-05,259,Yes,147.0,32.0,20.0,9.0,2.0,1.0
Bihar,Nalanda,Nalanda Block-1,BR071012,Govt. School NAL-112,2026-06,259,Yes,157.0,35.0,21.0,10.0,2.0,2.0
Bihar,Nalanda,Nalanda Block-1,BR071012,Govt. School NAL-112,2026-07,259,Yes,174.0,41.0,26.0,15.0,2.0,1.0
Bihar,Nalanda,Nalanda Block-1,BR071012,Govt. School NAL-112,2026-08,259,Yes,199.0,42.0,25.0,14.0,3.0,1.0
Bihar,Nalanda,Nalanda Block-1,BR071012,Govt. School NAL-112,2026-09,259,Yes,194.0,31.0,18.0,11.0,2.0,1.0
Bihar,Nalanda,Nalanda Block-2,BR072001,Govt. School NAL-201,2026-04,812,Yes,590.0,123.0,65.0,33.0,4.0,1.0
Bihar,Nalanda,Nalanda Block-2,BR072001,Govt. School NAL-201,2026-05,812,Yes,565.0,109.0,75.0,41.0,4.0,1.0
Bihar,Nalanda,Nalanda Block-2,BR072001,Govt. School NAL-201,2026-06,812,Yes,626.0,107.0,77.0,52.0,2.0,2.0
Bihar,Nalanda,Nalanda Block-2,BR072001,Govt. School NAL-201,2026-07,812,Yes,641.0,144.0,86.0,70.0,3.0,1.0
Bihar,Nalanda,Nalanda Block-2,BR072001,Govt. School NAL-201,2026-08,812,Yes,704.0,139.0,92.0,69.0,2.0,2.0
Bihar,Nalanda,Nalanda Block-2,BR072001,Govt. School NAL-201,2026-09,812,Yes,773.0,141.0,91.0,74.0,2.0,2.0
Bihar,Nalanda,Nalanda Block-2,BR072002,Govt. School NAL-202,2026-04,841,Yes,605.0,120.0,75.0,45.0,3.0,0.0
Bihar,Nalanda,Nalanda Block-2,BR072002,Govt. School NAL-202,2026-05,841,Yes,618.0,157.0,80.0,53.0,3.0,1.0
Bihar,Nalanda,Nalanda Block-2,BR072002,Govt. School NAL-202,2026-06,841,Yes,660.0,165.0,98.0,61.0,2.0,1.0
Bihar,Nalanda,Nalanda Block-2,BR072002,Govt. School NAL-202,2026-07,841,Yes,606.0,122.0,72.0,49.0,3.0,1.0
Bihar,Nalanda,Nalanda Block-2,BR072002,Govt. School NAL-202,2026-08,841,Yes,717.0,132.0,77.0,54.0,4.0,2.0
Bihar,Nalanda,Nalanda Block-2,BR072002,Govt. School NAL-202,2026-09,841,Yes,780.0,135.0,84.0,75.0,4.0,2.0
Bihar,Nalanda,Nalanda Block-2,BR072003,Govt. School NAL-203,2026-04,841,Yes,449.0,109.0,77.0,36.0,3.0,1.0
Bihar,Nalanda,Nalanda Block-2,BR072003,Govt. School NAL-203,2026-05,841,Yes,487.0,108.0,67.0,26.0,2.0,1.0
Bihar,Nalanda,Nalanda Block-2,BR072003,Govt. School NAL-203,2026-06,841,Yes,578.0,129.0,75.0,45.0,1.0,2.0
Bihar,Nalanda,Nalanda Block-2,BR072003,Govt. School NAL-203,2026-07,841,Yes,652.0,114.0,68.0,38.0,3.0,1.0
Bihar,Nalanda,Nalanda Block-2,BR072003,Govt. School NAL-203,2026-08,841,Yes,652.0,128.0,73.0,53.0,3.0,2.0
Bihar,Nalanda,Nalanda Block-2,BR072003,Govt. School NAL-203,2026-09,841,Yes,681.0,135.0,97.0,62.0,4.0,1.0
Bihar,Nalanda,Nalanda Block-2,BR072004,Govt. School NAL-204,2026-04,303,Yes,201.0,49.0,34.0,21.0,2.0,1.0
Bihar,Nalanda,Nalanda Block-2,BR072004,Govt. School NAL-204,2026-05,303,Yes,201.0,43.0,28.0,16.0,3.0,1.0
Bihar,Nalanda,Nalanda Block-2,BR072004,Govt. School NAL-204,2026-06,303,Yes,208.0,46.0,27.0,17.0,2.0,2.0
Bihar,Nalanda,Nalanda Block-2,BR072004,Govt. School NAL-204,2026-07,303,Yes,232.0,53.0,39.0,25.0,3.0,1.0
Bihar,Nalanda,Nalanda Block-2,BR072004,Govt. School NAL-204,2026-08,303,Yes,256.0,32.0,19.0,16.0,4.0,2.0
Bihar,Nalanda,Nalanda Block-2,BR072004,Govt. School NAL-204,2026-09,303,Yes,257.0,40.0,25.0,19.0,3.0,2.0
Bihar,Nalanda,Nalanda Block-2,BR072005,Govt. School NAL-205,2026-04,620,Yes,420.0,79.0,52.0,27.0,2.0,2.0
Bihar,Nalanda,Nalanda Block-2,BR072005,Govt. School NAL-205,2026-05,620,Yes,436.0,105.0,55.0,30.0,2.0,1.0
Bihar,Nalanda,Nalanda Block-2,BR072005,Govt. School NAL-205,2026-06,620,Yes,452.0,107.0,62.0,38.0,4.0,1.0
Bihar,Nalanda,Nalanda Block-2,BR072005,Govt. School NAL-205,2026-07,620,Yes,446.0,79.0,48.0,31.0,3.0,1.0
Bihar,Nalanda,Nalanda Block-2,BR072005,Govt. School NAL-205,2026-08,620,Yes,460.0,102.0,61.0,43.0,2.0,2.0
Bihar,Nalanda,Nalanda Block-2,BR072005,Govt. School NAL-205,2026-09,620,Yes,539.0,112.0,70.0,52.0,3.0,1.0
Bihar,Nalanda,Nalanda Block-2,BR072006,Govt. School NAL-206,2026-04,535,Yes,399.0,82.0,51.0,33.0,3.0,2.0
Bihar,Nalanda,Nalanda Block-2,BR072006,Govt. School NAL-206,2026-05,535,Yes,398.0,91.0,55.0,38.0,0.0,2.0
Bihar,Nalanda,Nalanda Block-2,BR072006,Govt. School NAL-206,2026-06,535,Yes,430.0,94.0,58.0,36.0,2.0,1.0
Bihar,Nalanda,Nalanda Block-2,BR072006,Govt. School NAL-206,2026-07,535,Yes,446.0,78.0,52.0,35.0,3.0,1.0
Bihar,Nalanda,Nalanda Block-2,BR072006,Govt. School NAL-206,2026-08,535,Yes,489.0,83.0,57.0,45.0,4.0,2.0
Bihar,Nalanda,Nalanda Block-2,BR072006,Govt. School NAL-206,2026-09,535,Yes,507.0,82.0,49.0,40.0,4.0,3.0
Bihar,Nalanda,Nalanda Block-2,BR072007,Govt. School NAL-207,2026-04,713,Yes,456.0,109.0,66.0,37.0,1.0,1.0
Bihar,Nalanda,Nalanda Block-2,BR072007,Govt. School NAL-207,2026-05,713,Yes,402.0,95.0,50.0,23.0,3.0,0.0
Bihar,Nalanda,Nalanda Block-2,BR072007,Govt. School NAL-207,2026-06,713,Yes,533.0,83.0,58.0,33.0,3.0,2.0
Bihar,Nalanda,Nalanda Block-2,BR072007,Govt. School NAL-207,2026-07,713,No,,,,,,
Bihar,Nalanda,Nalanda Block-2,BR072007,Govt. School NAL-207,2026-08,713,Yes,530.0,103.0,69.0,45.0,3.0,2.0
Bihar,Nalanda,Nalanda Block-2,BR072007,Govt. School NAL-207,2026-09,713,Yes,613.0,100.0,63.0,49.0,3.0,2.0
Bihar,Nalanda,Nalanda Block-2,BR072008,Govt. School NAL-208,2026-04,190,Yes,113.0,26.0,14.0,6.0,3.0,1.0
Bihar,Nalanda,Nalanda Block-2,BR072008,Govt. School NAL-208,2026-05,190,Yes,122.0,29.0,17.0,8.0,3.0,0.0
Bihar,Nalanda,Nalanda Block-2,BR072008,Govt. School NAL-208,2026-06,190,Yes,119.0,30.0,19.0,9.0,1.0,1.0
Bihar,Nalanda,Nalanda Block-2,BR072008,Govt. School NAL-208,2026-07,190,Yes,129.0,27.0,15.0,9.0,3.0,2.0
Bihar,Nalanda,Nalanda Block-2,BR072008,Govt. School NAL-208,2026-08,190,Yes,140.0,30.0,19.0,12.0,2.0,1.0
Bihar,Nalanda,Nalanda Block-2,BR072008,Govt. School NAL-208,2026-09,190,Yes,144.0,23.0,15.0,10.0,1.0,1.0
Bihar,Nalanda,Nalanda Block-2,BR072009,Govt. School NAL-209,2026-04,603,Yes,415.0,89.0,51.0,27.0,2.0,1.0
Bihar,Nalanda,Nalanda Block-2,BR072009,Govt. School NAL-209,2026-05,603,Yes,428.0,94.0,58.0,39.0,3.0,2.0
Bihar,Nalanda,Nalanda Block-2,BR072009,Govt. School NAL-209,2026-06,603,No,,,,,,
Bihar,Nalanda,Nalanda Block-2,BR072009,Govt. School NAL-209,2026-07,603,Yes,515.0,87.0,58.0,43.0,3.0,2.0
Bihar,Nalanda,Nalanda Block-2,BR072009,Govt. School NAL-209,2026-08,603,Yes,524.0,105.0,70.0,56.0,3.0,1.0
Bihar,Nalanda,Nalanda Block-2,BR072009,Govt. School NAL-209,2026-09,603,Yes,539.0,88.0,55.0,46.0,4.0,3.0
Bihar,Nalanda,Nalanda Block-2,BR072010,Govt. School NAL-210,2026-04,298,Yes,169.0,40.0,24.0,11.0,3.0,1.0
Bihar,Nalanda,Nalanda Block-2,BR072010,Govt. School NAL-210,2026-05,298,No,,,,,,
Bihar,Nalanda,Nalanda Block-2,BR072010,Govt. School NAL-210,2026-06,298,No,,,,,,
Bihar,Nalanda,Nalanda Block-2,BR072010,Govt. School NAL-210,2026-07,298,Yes,214.0,46.0,31.0,21.0,2.0,1.0
Bihar,Nalanda,Nalanda Block-2,BR072010,Govt. School NAL-210,2026-08,298,Yes,228.0,41.0,28.0,20.0,4.0,2.0
Bihar,Nalanda,Nalanda Block-2,BR072010,Govt. School NAL-210,2026-09,298,Yes,251.0,41.0,26.0,18.0,2.0,3.0
Bihar,Nalanda,Nalanda Block-2,BR072011,Govt. School NAL-211,2026-04,259,Yes,193.0,39.0,25.0,15.0,3.0,1.0
Bihar,Nalanda,Nalanda Block-2,BR072011,Govt. School NAL-211,2026-05,259,Yes,195.0,41.0,26.0,16.0,3.0,2.0
Bihar,Nalanda,Nalanda Block-2,BR072011,Govt. School NAL-211,2026-06,259,Yes,202.0,36.0,25.0,15.0,4.0,2.0
Bihar,Nalanda,Nalanda Block-2,BR072011,Govt. School NAL-211,2026-07,259,Yes,191.0,31.0,20.0,13.0,3.0,2.0
Bihar,Nalanda,Nalanda Block-2,BR072011,Govt. School NAL-211,2026-08,259,Yes,216.0,37.0,22.0,17.0,3.0,1.0
Bihar,Nalanda,Nalanda Block-2,BR072011,Govt. School NAL-211,2026-09,259,Yes,213.0,45.0,30.0,22.0,3.0,2.0
Bihar,Nalanda,Nalanda Block-2,BR072012,Govt. School NAL-212,2026-04,840,Yes,609.0,114.0,75.0,43.0,2.0,1.0
Bihar,Nalanda,Nalanda Block-2,BR072012,Govt. School NAL-212,2026-05,840,Yes,597.0,132.0,81.0,49.0,2.0,2.0
Bihar,Nalanda,Nalanda Block-2,BR072012,Govt. School NAL-212,2026-06,840,Yes,586.0,125.0,73.0,51.0,2.0,1.0
Bihar,Nalanda,Nalanda Block-2,BR072012,Govt. School NAL-212,2026-07,840,Yes,645.0,145.0,85.0,49.0,5.0,1.0
Bihar,Nalanda,Nalanda Block-2,BR072012,Govt. School NAL-212,2026-08,840,Yes,715.0,122.0,85.0,63.0,5.0,2.0
Bihar,Nalanda,Nalanda Block-2,BR072012,Govt. School NAL-212,2026-09,840,Yes,770.0,134.0,87.0,76.0,4.0,2.0
Bihar,Nalanda,Nalanda Block-3,BR073001,Govt. School NAL-301,2026-04,583,Yes,345.0,78.0,55.0,20.0,2.0,1.0
Bihar,Nalanda,Nalanda Block-3,BR073001,Govt. School NAL-301,2026-05,583,Yes,384.0,86.0,53.0,34.0,2.0,1.0
Bihar,Nalanda,Nalanda Block-3,BR073001,Govt. School NAL-301,2026-06,583,Yes,391.0,85.0,54.0,28.0,3.0,2.0
Bihar,Nalanda,Nalanda Block-3,BR073001,Govt. School NAL-301,2026-07,583,Yes,441.0,79.0,56.0,39.0,3.0,2.0
Bihar,Nalanda,Nalanda Block-3,BR073001,Govt. School NAL-301,2026-08,583,Yes,457.0,80.0,45.0,31.0,2.0,3.0
Bihar,Nalanda,Nalanda Block-3,BR073001,Govt. School NAL-301,2026-09,583,Yes,457.0,105.0,73.0,52.0,2.0,2.0
Bihar,Nalanda,Nalanda Block-3,BR073002,Govt. School NAL-302,2026-04,451,Yes,236.0,51.0,28.0,12.0,2.0,1.0
Bihar,Nalanda,Nalanda Block-3,BR073002,Govt. School NAL-302,2026-05,451,No,,,,,,
Bihar,Nalanda,Nalanda Block-3,BR073002,Govt. School NAL-302,2026-06,451,Yes,324.0,68.0,45.0,26.0,2.0,1.0
Bihar,Nalanda,Nalanda Block-3,BR073002,Govt. School NAL-302,2026-07,451,Yes,290.0,60.0,39.0,20.0,2.0,1.0
Bihar,Nalanda,Nalanda Block-3,BR073002,Govt. School NAL-302,2026-08,451,Yes,310.0,66.0,45.0,30.0,2.0,1.0
Bihar,Nalanda,Nalanda Block-3,BR073002,Govt. School NAL-302,2026-09,451,Yes,354.0,75.0,48.0,31.0,4.0,1.0
Bihar,Nalanda,Nalanda Block-3,BR073003,Govt. School NAL-303,2026-04,646,Yes,398.0,98.0,65.0,35.0,2.0,1.0
Bihar,Nalanda,Nalanda Block-3,BR073003,Govt. School NAL-303,2026-05,646,No,,,,,,
Bihar,Nalanda,Nalanda Block-3,BR073003,Govt. School NAL-303,2026-06,646,No,,,,,,
Bihar,Nalanda,Nalanda Block-3,BR073003,Govt. School NAL-303,2026-07,646,Yes,536.0,100.0,65.0,47.0,5.0,2.0
Bihar,Nalanda,Nalanda Block-3,BR073003,Govt. School NAL-303,2026-08,646,Yes,521.0,89.0,57.0,41.0,3.0,1.0
Bihar,Nalanda,Nalanda Block-3,BR073003,Govt. School NAL-303,2026-09,646,Yes,557.0,93.0,65.0,48.0,3.0,2.0
Bihar,Nalanda,Nalanda Block-3,BR073004,Govt. School NAL-304,2026-04,663,Yes,388.0,96.0,67.0,31.0,3.0,2.0
Bihar,Nalanda,Nalanda Block-3,BR073004,Govt. School NAL-304,2026-05,663,Yes,416.0,106.0,61.0,34.0,2.0,2.0
Bihar,Nalanda,Nalanda Block-3,BR073004,Govt. School NAL-304,2026-06,663,Yes,428.0,86.0,53.0,32.0,2.0,1.0
Bihar,Nalanda,Nalanda Block-3,BR073004,Govt. School NAL-304,2026-07,663,Yes,496.0,104.0,60.0,47.0,2.0,2.0
Bihar,Nalanda,Nalanda Block-3,BR073004,Govt. School NAL-304,2026-08,663,Yes,487.0,99.0,63.0,38.0,3.0,0.0
Bihar,Nalanda,Nalanda Block-3,BR073004,Govt. School NAL-304,2026-09,663,Yes,562.0,99.0,62.0,44.0,3.0,2.0
Bihar,Nalanda,Nalanda Block-3,BR073005,Govt. School NAL-305,2026-04,218,Yes,147.0,31.0,19.0,10.0,4.0,2.0
Bihar,Nalanda,Nalanda Block-3,BR073005,Govt. School NAL-305,2026-05,218,Yes,145.0,30.0,19.0,9.0,3.0,1.0
Bihar,Nalanda,Nalanda Block-3,BR073005,Govt. School NAL-305,2026-06,218,Yes,162.0,37.0,25.0,18.0,4.0,2.0
Bihar,Nalanda,Nalanda Block-3,BR073005,Govt. School NAL-305,2026-07,218,Yes,168.0,33.0,22.0,15.0,3.0,3.0
Bihar,Nalanda,Nalanda Block-3,BR073005,Govt. School NAL-305,2026-08,218,Yes,153.0,29.0,17.0,9.0,3.0,2.0
Bihar,Nalanda,Nalanda Block-3,BR073005,Govt. School NAL-305,2026-09,218,Yes,191.0,33.0,20.0,15.0,3.0,2.0
Bihar,Nalanda,Nalanda Block-3,BR073006,Govt. School NAL-306,2026-04,580,No,,,,,,
Bihar,Nalanda,Nalanda Block-3,BR073006,Govt. School NAL-306,2026-05,580,Yes,374.0,68.0,41.0,24.0,3.0,2.0
Bihar,Nalanda,Nalanda Block-3,BR073006,Govt. School NAL-306,2026-06,580,Yes,373.0,81.0,53.0,29.0,3.0,1.0
Bihar,Nalanda,Nalanda Block-3,BR073006,Govt. School NAL-306,2026-07,580,Yes,476.0,105.0,77.0,51.0,4.0,2.0
Bihar,Nalanda,Nalanda Block-3,BR073006,Govt. School NAL-306,2026-08,580,Yes,491.0,90.0,60.0,50.0,4.0,1.0
Bihar,Nalanda,Nalanda Block-3,BR073006,Govt. School NAL-306,2026-09,580,Yes,509.0,104.0,70.0,51.0,4.0,1.0
Bihar,Nalanda,Nalanda Block-3,BR073007,Govt. School NAL-307,2026-04,756,Yes,543.0,107.0,72.0,46.0,3.0,1.0
Bihar,Nalanda,Nalanda Block-3,BR073007,Govt. School NAL-307,2026-05,756,Yes,601.0,110.0,73.0,50.0,2.0,1.0
Bihar,Nalanda,Nalanda Block-3,BR073007,Govt. School NAL-307,2026-06,756,Yes,685.0,135.0,79.0,66.0,4.0,2.0
Bihar,Nalanda,Nalanda Block-3,BR073007,Govt. School NAL-307,2026-07,756,Yes,672.0,110.0,73.0,59.0,3.0,2.0
Bihar,Nalanda,Nalanda Block-3,BR073007,Govt. School NAL-307,2026-08,756,Yes,658.0,113.0,73.0,48.0,4.0,2.0
Bihar,Nalanda,Nalanda Block-3,BR073007,Govt. School NAL-307,2026-09,756,Yes,661.0,145.0,93.0,73.0,4.0,2.0
Bihar,Nalanda,Nalanda Block-3,BR073008,Govt. School NAL-308,2026-04,563,Yes,374.0,83.0,51.0,26.0,3.0,1.0
Bihar,Nalanda,Nalanda Block-3,BR073008,Govt. School NAL-308,2026-05,563,Yes,412.0,88.0,57.0,34.0,4.0,2.0
Bihar,Nalanda,Nalanda Block-3,BR073008,Govt. School NAL-308,2026-06,563,Yes,404.0,82.0,52.0,35.0,2.0,1.0
Bihar,Nalanda,Nalanda Block-3,BR073008,Govt. School NAL-308,2026-07,563,Yes,414.0,89.0,60.0,36.0,3.0,2.0
Bihar,Nalanda,Nalanda Block-3,BR073008,Govt. School NAL-308,2026-08,563,Yes,467.0,99.0,57.0,45.0,3.0,2.0
Bihar,Nalanda,Nalanda Block-3,BR073008,Govt. School NAL-308,2026-09,563,Yes,486.0,96.0,69.0,49.0,2.0,2.0
Bihar,Nalanda,Nalanda Block-3,BR073009,Govt. School NAL-309,2026-04,648,Yes,421.0,104.0,59.0,31.0,2.0,2.0
Bihar,Nalanda,Nalanda Block-3,BR073009,Govt. School NAL-309,2026-05,648,Yes,477.0,102.0,60.0,38.0,4.0,2.0
Bihar,Nalanda,Nalanda Block-3,BR073009,Govt. School NAL-309,2026-06,648,Yes,463.0,98.0,77.0,45.0,2.0,1.0
Bihar,Nalanda,Nalanda Block-3,BR073009,Govt. School NAL-309,2026-07,648,Yes,538.0,118.0,75.0,53.0,5.0,2.0
Bihar,Nalanda,Nalanda Block-3,BR073009,Govt. School NAL-309,2026-08,648,Yes,544.0,90.0,62.0,43.0,4.0,2.0
Bihar,Nalanda,Nalanda Block-3,BR073009,Govt. School NAL-309,2026-09,648,Yes,564.0,106.0,71.0,57.0,4.0,2.0
Bihar,Nalanda,Nalanda Block-3,BR073010,Govt. School NAL-310,2026-04,811,Yes,577.0,94.0,67.0,46.0,2.0,2.0
Bihar,Nalanda,Nalanda Block-3,BR073010,Govt. School NAL-310,2026-05,811,Yes,642.0,147.0,94.0,71.0,3.0,2.0
Bihar,Nalanda,Nalanda Block-3,BR073010,Govt. School NAL-310,2026-06,811,Yes,630.0,122.0,87.0,54.0,3.0,0.0
Bihar,Nalanda,Nalanda Block-3,BR073010,Govt. School NAL-310,2026-07,811,Yes,649.0,125.0,83.0,57.0,4.0,2.0
Bihar,Nalanda,Nalanda Block-3,BR073010,Govt. School NAL-310,2026-08,811,Yes,658.0,134.0,83.0,59.0,2.0,1.0
Bihar,Nalanda,Nalanda Block-3,BR073010,Govt. School NAL-310,2026-09,811,Yes,674.0,119.0,78.0,59.0,4.0,2.0
Bihar,Nalanda,Nalanda Block-3,BR073011,Govt. School NAL-311,2026-04,777,Yes,588.0,132.0,83.0,50.0,2.0,1.0
Bihar,Nalanda,Nalanda Block-3,BR073011,Govt. School NAL-311,2026-05,777,Yes,577.0,107.0,74.0,45.0,5.0,2.0
Bihar,Nalanda,Nalanda Block-3,BR073011,Govt. School NAL-311,2026-06,777,Yes,593.0,125.0,78.0,50.0,2.0,2.0
Bihar,Nalanda,Nalanda Block-3,BR073011,Govt. School NAL-311,2026-07,777,Yes,656.0,129.0,78.0,57.0,3.0,2.0
Bihar,Nalanda,Nalanda Block-3,BR073011,Govt. School NAL-311,2026-08,777,Yes,644.0,122.0,80.0,56.0,3.0,1.0
Bihar,Nalanda,Nalanda Block-3,BR073011,Govt. School NAL-311,2026-09,777,Yes,753.0,134.0,87.0,70.0,4.0,4.0
Bihar,Nalanda,Nalanda Block-3,BR073012,Govt. School NAL-312,2026-04,735,Yes,518.0,116.0,69.0,35.0,2.0,2.0
Bihar,Nalanda,Nalanda Block-3,BR073012,Govt. School NAL-312,2026-05,735,Yes,499.0,122.0,78.0,44.0,3.0,2.0
Bihar,Nalanda,Nalanda Block-3,BR073012,Govt. School NAL-312,2026-06,735,No,,,,,,
Bihar,Nalanda,Nalanda Block-3,BR073012,Govt. School NAL-312,2026-07,735,Yes,600.0,105.0,70.0,52.0,3.0,1.0
Bihar,Nalanda,Nalanda Block-3,BR073012,Govt. School NAL-312,2026-08,735,Yes,605.0,118.0,84.0,56.0,2.0,2.0
Bihar,Nalanda,Nalanda Block-3,BR073012,Govt. School NAL-312,2026-09,735,Yes,606.0,103.0,74.0,53.0,3.0,1.0
Bihar,Saran,Saran Block-1,BR081001,Govt. School SAR-101,2026-04,693,Yes,536.0,102.0,71.0,46.0,3.0,1.0
Bihar,Saran,Saran Block-1,BR081001,Govt. School SAR-101,2026-05,693,Yes,553.0,108.0,63.0,41.0,3.0,2.0
Bihar,Saran,Saran Block-1,BR081001,Govt. School SAR-101,2026-06,693,Yes,545.0,113.0,72.0,49.0,4.0,1.0
Bihar,Saran,Saran Block-1,BR081001,Govt. School SAR-101,2026-07,693,Yes,579.0,101.0,62.0,45.0,3.0,2.0
Bihar,Saran,Saran Block-1,BR081001,Govt. School SAR-101,2026-08,693,Yes,581.0,94.0,60.0,42.0,3.0,1.0
Bihar,Saran,Saran Block-1,BR081001,Govt. School SAR-101,2026-09,693,Yes,557.0,97.0,61.0,45.0,3.0,1.0
Bihar,Saran,Saran Block-1,BR081002,Govt. School SAR-102,2026-04,286,Yes,221.0,38.0,24.0,17.0,3.0,2.0
Bihar,Saran,Saran Block-1,BR081002,Govt. School SAR-102,2026-05,286,Yes,200.0,43.0,23.0,13.0,3.0,2.0
Bihar,Saran,Saran Block-1,BR081002,Govt. School SAR-102,2026-06,286,No,,,,,,
Bihar,Saran,Saran Block-1,BR081002,Govt. School SAR-102,2026-07,286,Yes,215.0,51.0,28.0,21.0,3.0,2.0
Bihar,Saran,Saran Block-1,BR081002,Govt. School SAR-102,2026-08,286,Yes,207.0,41.0,28.0,19.0,3.0,2.0
Bihar,Saran,Saran Block-1,BR081002,Govt. School SAR-102,2026-09,286,Yes,216.0,46.0,28.0,17.0,2.0,1.0
Bihar,Saran,Saran Block-1,BR081003,Govt. School SAR-103,2026-04,553,Yes,431.0,106.0,64.0,44.0,3.0,1.0
Bihar,Saran,Saran Block-1,BR081003,Govt. School SAR-103,2026-05,553,Yes,446.0,76.0,55.0,38.0,4.0,1.0
Bihar,Saran,Saran Block-1,BR081003,Govt. School SAR-103,2026-06,553,Yes,442.0,83.0,55.0,41.0,3.0,2.0
Bihar,Saran,Saran Block-1,BR081003,Govt. School SAR-103,2026-07,553,Yes,466.0,85.0,52.0,36.0,3.0,1.0
Bihar,Saran,Saran Block-1,BR081003,Govt. School SAR-103,2026-08,553,Yes,431.0,98.0,61.0,44.0,2.0,1.0
Bihar,Saran,Saran Block-1,BR081003,Govt. School SAR-103,2026-09,553,Yes,483.0,88.0,54.0,42.0,5.0,2.0
Bihar,Saran,Saran Block-1,BR081004,Govt. School SAR-104,2026-04,868,Yes,752.0,178.0,105.0,74.0,3.0,2.0
Bihar,Saran,Saran Block-1,BR081004,Govt. School SAR-104,2026-05,868,Yes,784.0,155.0,93.0,78.0,4.0,2.0
Bihar,Saran,Saran Block-1,BR081004,Govt. School SAR-104,2026-06,868,Yes,771.0,132.0,79.0,69.0,3.0,2.0
Bihar,Saran,Saran Block-1,BR081004,Govt. School SAR-104,2026-07,868,No,,,,,,
Bihar,Saran,Saran Block-1,BR081004,Govt. School SAR-104,2026-08,868,Yes,801.0,155.0,105.0,79.0,3.0,1.0
Bihar,Saran,Saran Block-1,BR081004,Govt. School SAR-104,2026-09,868,Yes,753.0,131.0,88.0,62.0,3.0,1.0
Bihar,Saran,Saran Block-1,BR081005,Govt. School SAR-105,2026-04,482,Yes,378.0,68.0,34.0,26.0,4.0,2.0
Bihar,Saran,Saran Block-1,BR081005,Govt. School SAR-105,2026-05,482,Yes,396.0,74.0,46.0,30.0,4.0,2.0
Bihar,Saran,Saran Block-1,BR081005,Govt. School SAR-105,2026-06,482,Yes,414.0,67.0,42.0,28.0,4.0,2.0
Bihar,Saran,Saran Block-1,BR081005,Govt. School SAR-105,2026-07,482,Yes,386.0,78.0,52.0,41.0,4.0,2.0
Bihar,Saran,Saran Block-1,BR081005,Govt. School SAR-105,2026-08,482,Yes,382.0,79.0,57.0,42.0,4.0,1.0
Bihar,Saran,Saran Block-1,BR081005,Govt. School SAR-105,2026-09,482,Yes,402.0,68.0,43.0,26.0,4.0,2.0
Bihar,Saran,Saran Block-1,BR081006,Govt. School SAR-106,2026-04,180,Yes,140.0,30.0,17.0,10.0,3.0,2.0
Bihar,Saran,Saran Block-1,BR081006,Govt. School SAR-106,2026-05,180,Yes,141.0,26.0,16.0,10.0,2.0,2.0
Bihar,Saran,Saran Block-1,BR081006,Govt. School SAR-106,2026-06,180,Yes,128.0,27.0,18.0,10.0,3.0,2.0
Bihar,Saran,Saran Block-1,BR081006,Govt. School SAR-106,2026-07,180,Yes,144.0,21.0,13.0,9.0,3.0,2.0
Bihar,Saran,Saran Block-1,BR081006,Govt. School SAR-106,2026-08,180,Yes,124.0,23.0,14.0,9.0,3.0,2.0
Bihar,Saran,Saran Block-1,BR081006,Govt. School SAR-106,2026-09,180,Yes,143.0,24.0,16.0,11.0,4.0,1.0
Bihar,Saran,Saran Block-1,BR081007,Govt. School SAR-107,2026-04,223,Yes,206.0,33.0,21.0,18.0,5.0,2.0
Bihar,Saran,Saran Block-1,BR081007,Govt. School SAR-107,2026-05,223,Yes,203.0,36.0,23.0,19.0,4.0,1.0
Bihar,Saran,Saran Block-1,BR081007,Govt. School SAR-107,2026-06,223,Yes,185.0,31.0,20.0,15.0,3.0,2.0
Bihar,Saran,Saran Block-1,BR081007,Govt. School SAR-107,2026-07,223,No,,,,,,
Bihar,Saran,Saran Block-1,BR081007,Govt. School SAR-107,2026-08,223,Yes,202.0,31.0,21.0,19.0,4.0,1.0
Bihar,Saran,Saran Block-1,BR081007,Govt. School SAR-107,2026-09,223,Yes,194.0,32.0,21.0,15.0,4.0,2.0
Bihar,Saran,Saran Block-1,BR081008,Govt. School SAR-108,2026-04,507,Yes,432.0,79.0,50.0,40.0,5.0,2.0
Bihar,Saran,Saran Block-1,BR081008,Govt. School SAR-108,2026-05,507,Yes,434.0,89.0,58.0,44.0,3.0,1.0
Bihar,Saran,Saran Block-1,BR081008,Govt. School SAR-108,2026-06,507,Yes,451.0,70.0,43.0,39.0,3.0,2.0
Bihar,Saran,Saran Block-1,BR081008,Govt. School SAR-108,2026-07,507,Yes,448.0,70.0,48.0,39.0,4.0,1.0
Bihar,Saran,Saran Block-1,BR081008,Govt. School SAR-108,2026-08,507,Yes,446.0,84.0,57.0,46.0,4.0,1.0
Bihar,Saran,Saran Block-1,BR081008,Govt. School SAR-108,2026-09,507,Yes,424.0,82.0,59.0,46.0,3.0,2.0
Bihar,Saran,Saran Block-1,BR081009,Govt. School SAR-109,2026-04,537,Yes,469.0,73.0,54.0,41.0,5.0,2.0
Bihar,Saran,Saran Block-1,BR081009,Govt. School SAR-109,2026-05,537,Yes,458.0,101.0,66.0,46.0,2.0,2.0
Bihar,Saran,Saran Block-1,BR081009,Govt. School SAR-109,2026-06,537,Yes,462.0,102.0,63.0,47.0,3.0,1.0
Bihar,Saran,Saran Block-1,BR081009,Govt. School SAR-109,2026-07,537,Yes,451.0,87.0,59.0,47.0,4.0,1.0
Bihar,Saran,Saran Block-1,BR081009,Govt. School SAR-109,2026-08,537,Yes,416.0,77.0,48.0,31.0,3.0,2.0
Bihar,Saran,Saran Block-1,BR081009,Govt. School SAR-109,2026-09,537,Yes,494.0,98.0,60.0,48.0,4.0,2.0
Bihar,Saran,Saran Block-1,BR081010,Govt. School SAR-110,2026-04,810,Yes,719.0,116.0,74.0,54.0,5.0,2.0
Bihar,Saran,Saran Block-1,BR081010,Govt. School SAR-110,2026-05,810,Yes,742.0,116.0,71.0,56.0,3.0,2.0
Bihar,Saran,Saran Block-1,BR081010,Govt. School SAR-110,2026-06,810,Yes,699.0,113.0,82.0,58.0,3.0,2.0
Bihar,Saran,Saran Block-1,BR081010,Govt. School SAR-110,2026-07,810,Yes,690.0,126.0,85.0,62.0,3.0,2.0
Bihar,Saran,Saran Block-1,BR081010,Govt. School SAR-110,2026-08,810,Yes,709.0,134.0,91.0,71.0,4.0,2.0
Bihar,Saran,Saran Block-1,BR081010,Govt. School SAR-110,2026-09,810,Yes,697.0,149.0,94.0,64.0,4.0,1.0
Bihar,Saran,Saran Block-1,BR081011,Govt. School SAR-111,2026-04,583,Yes,450.0,92.0,60.0,38.0,4.0,2.0
Bihar,Saran,Saran Block-1,BR081011,Govt. School SAR-111,2026-05,583,Yes,403.0,87.0,58.0,32.0,3.0,1.0
Bihar,Saran,Saran Block-1,BR081011,Govt. School SAR-111,2026-06,583,Yes,397.0,94.0,66.0,32.0,3.0,1.0
Bihar,Saran,Saran Block-1,BR081011,Govt. School SAR-111,2026-07,583,Yes,437.0,86.0,56.0,37.0,3.0,1.0
Bihar,Saran,Saran Block-1,BR081011,Govt. School SAR-111,2026-08,583,Yes,429.0,81.0,56.0,39.0,3.0,2.0
Bihar,Saran,Saran Block-1,BR081011,Govt. School SAR-111,2026-09,583,Yes,450.0,77.0,52.0,35.0,2.0,2.0
Bihar,Saran,Saran Block-1,BR081012,Govt. School SAR-112,2026-04,218,Yes,179.0,35.0,24.0,18.0,4.0,2.0
Bihar,Saran,Saran Block-1,BR081012,Govt. School SAR-112,2026-05,218,Yes,194.0,32.0,21.0,17.0,4.0,2.0
Bihar,Saran,Saran Block-1,BR081012,Govt. School SAR-112,2026-06,218,Yes,190.0,40.0,25.0,18.0,4.0,2.0
Bihar,Saran,Saran Block-1,BR081012,Govt. School SAR-112,2026-07,218,Yes,191.0,39.0,22.0,15.0,3.0,1.0
Bihar,Saran,Saran Block-1,BR081012,Govt. School SAR-112,2026-08,218,Yes,186.0,34.0,22.0,18.0,3.0,1.0
Bihar,Saran,Saran Block-1,BR081012,Govt. School SAR-112,2026-09,218,Yes,167.0,30.0,21.0,16.0,3.0,2.0
Bihar,Saran,Saran Block-2,BR082001,Govt. School SAR-201,2026-04,576,Yes,498.0,84.0,52.0,36.0,4.0,2.0
Bihar,Saran,Saran Block-2,BR082001,Govt. School SAR-201,2026-05,576,Yes,456.0,83.0,55.0,38.0,2.0,2.0
Bihar,Saran,Saran Block-2,BR082001,Govt. School SAR-201,2026-06,576,Yes,490.0,78.0,46.0,30.0,4.0,1.0
Bihar,Saran,Saran Block-2,BR082001,Govt. School SAR-201,2026-07,576,Yes,471.0,85.0,56.0,43.0,3.0,1.0
Bihar,Saran,Saran Block-2,BR082001,Govt. School SAR-201,2026-08,576,Yes,500.0,98.0,67.0,52.0,5.0,1.0
Bihar,Saran,Saran Block-2,BR082001,Govt. School SAR-201,2026-09,576,Yes,459.0,108.0,70.0,55.0,3.0,2.0
Bihar,Saran,Saran Block-2,BR082002,Govt. School SAR-202,2026-04,511,Yes,417.0,61.0,38.0,33.0,4.0,1.0
Bihar,Saran,Saran Block-2,BR082002,Govt. School SAR-202,2026-05,511,Yes,386.0,60.0,42.0,26.0,5.0,2.0
Bihar,Saran,Saran Block-2,BR082002,Govt. School SAR-202,2026-06,511,Yes,411.0,79.0,50.0,37.0,4.0,2.0
Bihar,Saran,Saran Block-2,BR082002,Govt. School SAR-202,2026-07,511,Yes,423.0,60.0,39.0,26.0,3.0,2.0
Bihar,Saran,Saran Block-2,BR082002,Govt. School SAR-202,2026-08,511,Yes,389.0,78.0,52.0,38.0,5.0,2.0
Bihar,Saran,Saran Block-2,BR082002,Govt. School SAR-202,2026-09,511,Yes,402.0,79.0,56.0,40.0,2.0,1.0
Bihar,Saran,Saran Block-2,BR082003,Govt. School SAR-203,2026-04,594,Yes,472.0,96.0,60.0,40.0,2.0,2.0
Bihar,Saran,Saran Block-2,BR082003,Govt. School SAR-203,2026-05,594,Yes,499.0,114.0,77.0,58.0,3.0,2.0
Bihar,Saran,Saran Block-2,BR082003,Govt. School SAR-203,2026-06,594,Yes,478.0,97.0,62.0,44.0,3.0,1.0
Bihar,Saran,Saran Block-2,BR082003,Govt. School SAR-203,2026-07,594,Yes,499.0,95.0,63.0,42.0,3.0,2.0
Bihar,Saran,Saran Block-2,BR082003,Govt. School SAR-203,2026-08,594,Yes,482.0,90.0,59.0,43.0,3.0,2.0
Bihar,Saran,Saran Block-2,BR082003,Govt. School SAR-203,2026-09,594,Yes,463.0,78.0,49.0,32.0,4.0,2.0
Bihar,Saran,Saran Block-2,BR082004,Govt. School SAR-204,2026-04,636,Yes,606.0,93.0,58.0,49.0,4.0,2.0
Bihar,Saran,Saran Block-2,BR082004,Govt. School SAR-204,2026-05,636,Yes,584.0,110.0,75.0,63.0,3.0,1.0
Bihar,Saran,Saran Block-2,BR082004,Govt. School SAR-204,2026-06,636,Yes,570.0,103.0,67.0,52.0,3.0,3.0
Bihar,Saran,Saran Block-2,BR082004,Govt. School SAR-204,2026-07,636,Yes,585.0,99.0,72.0,56.0,4.0,2.0
Bihar,Saran,Saran Block-2,BR082004,Govt. School SAR-204,2026-08,636,Yes,554.0,102.0,67.0,47.0,4.0,1.0
Bihar,Saran,Saran Block-2,BR082004,Govt. School SAR-204,2026-09,636,Yes,597.0,114.0,76.0,59.0,5.0,2.0
Bihar,Saran,Saran Block-2,BR082005,Govt. School SAR-205,2026-04,827,Yes,735.0,160.0,103.0,74.0,3.0,2.0
Bihar,Saran,Saran Block-2,BR082005,Govt. School SAR-205,2026-05,827,Yes,671.0,147.0,86.0,61.0,3.0,1.0
Bihar,Saran,Saran Block-2,BR082005,Govt. School SAR-205,2026-06,827,Yes,736.0,169.0,108.0,79.0,4.0,2.0
Bihar,Saran,Saran Block-2,BR082005,Govt. School SAR-205,2026-07,827,Yes,720.0,137.0,92.0,61.0,4.0,1.0
Bihar,Saran,Saran Block-2,BR082005,Govt. School SAR-205,2026-08,827,Yes,638.0,131.0,83.0,63.0,3.0,1.0
Bihar,Saran,Saran Block-2,BR082005,Govt. School SAR-205,2026-09,827,Yes,736.0,131.0,90.0,68.0,4.0,1.0
Bihar,Saran,Saran Block-2,BR082006,Govt. School SAR-206,2026-04,305,No,,,,,,
Bihar,Saran,Saran Block-2,BR082006,Govt. School SAR-206,2026-05,305,Yes,210.0,42.0,30.0,20.0,2.0,1.0
Bihar,Saran,Saran Block-2,BR082006,Govt. School SAR-206,2026-06,305,Yes,210.0,45.0,31.0,18.0,2.0,1.0
Bihar,Saran,Saran Block-2,BR082006,Govt. School SAR-206,2026-07,305,Yes,224.0,40.0,24.0,14.0,2.0,2.0
Bihar,Saran,Saran Block-2,BR082006,Govt. School SAR-206,2026-08,305,Yes,224.0,51.0,34.0,22.0,2.0,1.0
Bihar,Saran,Saran Block-2,BR082006,Govt. School SAR-206,2026-09,305,Yes,226.0,44.0,29.0,19.0,3.0,2.0
Bihar,Saran,Saran Block-2,BR082007,Govt. School SAR-207,2026-04,547,Yes,441.0,95.0,60.0,44.0,4.0,2.0
Bihar,Saran,Saran Block-2,BR082007,Govt. School SAR-207,2026-05,547,Yes,398.0,87.0,50.0,30.0,2.0,1.0
Bihar,Saran,Saran Block-2,BR082007,Govt. School SAR-207,2026-06,547,Yes,437.0,87.0,59.0,40.0,3.0,1.0
Bihar,Saran,Saran Block-2,BR082007,Govt. School SAR-207,2026-07,547,No,,,,,,
Bihar,Saran,Saran Block-2,BR082007,Govt. School SAR-207,2026-08,547,Yes,410.0,88.0,66.0,36.0,2.0,2.0
Bihar,Saran,Saran Block-2,BR082007,Govt. School SAR-207,2026-09,547,Yes,438.0,92.0,63.0,44.0,2.0,2.0
Bihar,Saran,Saran Block-2,BR082008,Govt. School SAR-208,2026-04,693,Yes,481.0,80.0,55.0,33.0,3.0,1.0
Bihar,Saran,Saran Block-2,BR082008,Govt. School SAR-208,2026-05,693,Yes,519.0,103.0,74.0,51.0,4.0,1.0
Bihar,Saran,Saran Block-2,BR082008,Govt. School SAR-208,2026-06,693,No,,,,,,
Bihar,Saran,Saran Block-2,BR082008,Govt. School SAR-208,2026-07,693,Yes,532.0,101.0,55.0,37.0,2.0,2.0
Bihar,Saran,Saran Block-2,BR082008,Govt. School SAR-208,2026-08,693,Yes,570.0,113.0,74.0,50.0,4.0,2.0
Bihar,Saran,Saran Block-2,BR082008,Govt. School SAR-208,2026-09,693,Yes,537.0,101.0,62.0,41.0,3.0,1.0
Bihar,Saran,Saran Block-2,BR082009,Govt. School SAR-209,2026-04,851,Yes,763.0,123.0,78.0,67.0,4.0,2.0
Bihar,Saran,Saran Block-2,BR082009,Govt. School SAR-209,2026-05,851,Yes,704.0,126.0,79.0,52.0,3.0,1.0
Bihar,Saran,Saran Block-2,BR082009,Govt. School SAR-209,2026-06,851,Yes,739.0,145.0,86.0,65.0,3.0,1.0
Bihar,Saran,Saran Block-2,BR082009,Govt. School SAR-209,2026-07,851,Yes,745.0,145.0,105.0,95.0,3.0,3.0
Bihar,Saran,Saran Block-2,BR082009,Govt. School SAR-209,2026-08,851,Yes,736.0,157.0,95.0,77.0,4.0,2.0
Bihar,Saran,Saran Block-2,BR082009,Govt. School SAR-209,2026-09,851,Yes,773.0,148.0,97.0,76.0,5.0,2.0
Bihar,Saran,Saran Block-2,BR082010,Govt. School SAR-210,2026-04,500,Yes,379.0,79.0,47.0,33.0,3.0,1.0
Bihar,Saran,Saran Block-2,BR082010,Govt. School SAR-210,2026-05,500,Yes,406.0,84.0,54.0,42.0,3.0,2.0
Bihar,Saran,Saran Block-2,BR082010,Govt. School SAR-210,2026-06,500,Yes,389.0,82.0,50.0,32.0,2.0,2.0
Bihar,Saran,Saran Block-2,BR082010,Govt. School SAR-210,2026-07,500,Yes,379.0,92.0,51.0,36.0,2.0,2.0
Bihar,Saran,Saran Block-2,BR082010,Govt. School SAR-210,2026-08,500,Yes,410.0,76.0,54.0,36.0,4.0,2.0
Bihar,Saran,Saran Block-2,BR082010,Govt. School SAR-210,2026-09,500,Yes,359.0,78.0,52.0,32.0,2.0,1.0
Bihar,Saran,Saran Block-2,BR082011,Govt. School SAR-211,2026-04,720,Yes,523.0,102.0,69.0,43.0,4.0,2.0
Bihar,Saran,Saran Block-2,BR082011,Govt. School SAR-211,2026-05,720,Yes,533.0,125.0,71.0,44.0,3.0,1.0
Bihar,Saran,Saran Block-2,BR082011,Govt. School SAR-211,2026-06,720,Yes,526.0,95.0,55.0,36.0,1.0,1.0
Bihar,Saran,Saran Block-2,BR082011,Govt. School SAR-211,2026-07,720,Yes,533.0,114.0,67.0,45.0,3.0,1.0
Bihar,Saran,Saran Block-2,BR082011,Govt. School SAR-211,2026-08,720,Yes,534.0,104.0,63.0,41.0,2.0,1.0
Bihar,Saran,Saran Block-2,BR082011,Govt. School SAR-211,2026-09,720,Yes,571.0,108.0,79.0,48.0,3.0,2.0
Bihar,Saran,Saran Block-2,BR082012,Govt. School SAR-212,2026-04,406,Yes,313.0,60.0,38.0,27.0,2.0,2.0
Bihar,Saran,Saran Block-2,BR082012,Govt. School SAR-212,2026-05,406,Yes,307.0,67.0,37.0,24.0,2.0,2.0
Bihar,Saran,Saran Block-2,BR082012,Govt. School SAR-212,2026-06,406,Yes,310.0,64.0,42.0,28.0,2.0,1.0
Bihar,Saran,Saran Block-2,BR082012,Govt. School SAR-212,2026-07,406,Yes,305.0,62.0,43.0,28.0,4.0,1.0
Bihar,Saran,Saran Block-2,BR082012,Govt. School SAR-212,2026-08,406,Yes,327.0,75.0,44.0,32.0,5.0,1.0
Bihar,Saran,Saran Block-2,BR082012,Govt. School SAR-212,2026-09,406,Yes,300.0,53.0,40.0,25.0,4.0,2.0
Bihar,Saran,Saran Block-3,BR083001,Govt. School SAR-301,2026-04,430,Yes,324.0,64.0,37.0,24.0,3.0,1.0
Bihar,Saran,Saran Block-3,BR083001,Govt. School SAR-301,2026-05,430,Yes,320.0,57.0,35.0,22.0,2.0,2.0
Bihar,Saran,Saran Block-3,BR083001,Govt. School SAR-301,2026-06,430,Yes,325.0,83.0,54.0,36.0,3.0,1.0
Bihar,Saran,Saran Block-3,BR083001,Govt. School SAR-301,2026-07,430,Yes,329.0,59.0,39.0,26.0,2.0,1.0
Bihar,Saran,Saran Block-3,BR083001,Govt. School SAR-301,2026-08,430,Yes,328.0,56.0,34.0,23.0,2.0,1.0
Bihar,Saran,Saran Block-3,BR083001,Govt. School SAR-301,2026-09,430,Yes,316.0,52.0,37.0,24.0,3.0,1.0
Bihar,Saran,Saran Block-3,BR083002,Govt. School SAR-302,2026-04,329,Yes,278.0,48.0,31.0,21.0,3.0,0.0
Bihar,Saran,Saran Block-3,BR083002,Govt. School SAR-302,2026-05,329,Yes,267.0,45.0,30.0,19.0,5.0,2.0
Bihar,Saran,Saran Block-3,BR083002,Govt. School SAR-302,2026-06,329,Yes,285.0,58.0,33.0,24.0,4.0,2.0
Bihar,Saran,Saran Block-3,BR083002,Govt. School SAR-302,2026-07,329,Yes,276.0,43.0,30.0,22.0,4.0,1.0
Bihar,Saran,Saran Block-3,BR083002,Govt. School SAR-302,2026-08,329,Yes,265.0,48.0,35.0,22.0,4.0,2.0
Bihar,Saran,Saran Block-3,BR083002,Govt. School SAR-302,2026-09,329,Yes,267.0,38.0,25.0,20.0,3.0,2.0
Bihar,Saran,Saran Block-3,BR083003,Govt. School SAR-303,2026-04,777,Yes,599.0,123.0,79.0,55.0,1.0,1.0
Bihar,Saran,Saran Block-3,BR083003,Govt. School SAR-303,2026-05,777,Yes,630.0,135.0,96.0,64.0,4.0,2.0
Bihar,Saran,Saran Block-3,BR083003,Govt. School SAR-303,2026-06,777,Yes,596.0,99.0,61.0,40.0,5.0,2.0
Bihar,Saran,Saran Block-3,BR083003,Govt. School SAR-303,2026-07,777,Yes,617.0,127.0,76.0,43.0,4.0,1.0
Bihar,Saran,Saran Block-3,BR083003,Govt. School SAR-303,2026-08,777,Yes,588.0,105.0,64.0,38.0,4.0,2.0
Bihar,Saran,Saran Block-3,BR083003,Govt. School SAR-303,2026-09,777,Yes,634.0,120.0,70.0,52.0,4.0,2.0
Bihar,Saran,Saran Block-3,BR083004,Govt. School SAR-304,2026-04,474,No,,,,,,
Bihar,Saran,Saran Block-3,BR083004,Govt. School SAR-304,2026-05,474,Yes,354.0,68.0,45.0,34.0,3.0,1.0
Bihar,Saran,Saran Block-3,BR083004,Govt. School SAR-304,2026-06,474,Yes,349.0,79.0,48.0,27.0,4.0,2.0
Bihar,Saran,Saran Block-3,BR083004,Govt. School SAR-304,2026-07,474,Yes,359.0,67.0,42.0,26.0,2.0,1.0
Bihar,Saran,Saran Block-3,BR083004,Govt. School SAR-304,2026-08,474,Yes,352.0,72.0,48.0,33.0,3.0,2.0
Bihar,Saran,Saran Block-3,BR083004,Govt. School SAR-304,2026-09,474,Yes,350.0,63.0,43.0,26.0,2.0,2.0
Bihar,Saran,Saran Block-3,BR083005,Govt. School SAR-305,2026-04,375,Yes,351.0,65.0,39.0,32.0,3.0,2.0
Bihar,Saran,Saran Block-3,BR083005,Govt. School SAR-305,2026-05,375,Yes,371.0,44.0,32.0,30.0,4.0,2.0
Bihar,Saran,Saran Block-3,BR083005,Govt. School SAR-305,2026-06,375,Yes,341.0,52.0,33.0,25.0,5.0,2.0
Bihar,Saran,Saran Block-3,BR083005,Govt. School SAR-305,2026-07,375,Yes,330.0,55.0,33.0,27.0,3.0,2.0
Bihar,Saran,Saran Block-3,BR083005,Govt. School SAR-305,2026-08,375,Yes,320.0,56.0,36.0,28.0,3.0,2.0
Bihar,Saran,Saran Block-3,BR083005,Govt. School SAR-305,2026-09,375,Yes,354.0,76.0,52.0,43.0,5.0,2.0
Bihar,Saran,Saran Block-3,BR083006,Govt. School SAR-306,2026-04,452,Yes,345.0,60.0,42.0,23.0,2.0,0.0
Bihar,Saran,Saran Block-3,BR083006,Govt. School SAR-306,2026-05,452,Yes,375.0,76.0,44.0,36.0,3.0,2.0
Bihar,Saran,Saran Block-3,BR083006,Govt. School SAR-306,2026-06,452,Yes,322.0,80.0,49.0,31.0,2.0,2.0
Bihar,Saran,Saran Block-3,BR083006,Govt. School SAR-306,2026-07,452,Yes,369.0,67.0,44.0,31.0,4.0,1.0
Bihar,Saran,Saran Block-3,BR083006,Govt. School SAR-306,2026-08,452,Yes,366.0,70.0,45.0,28.0,3.0,1.0
Bihar,Saran,Saran Block-3,BR083006,Govt. School SAR-306,2026-09,452,Yes,333.0,60.0,34.0,22.0,3.0,2.0
Bihar,Saran,Saran Block-3,BR083007,Govt. School SAR-307,2026-04,742,Yes,612.0,108.0,73.0,56.0,2.0,1.0
Bihar,Saran,Saran Block-3,BR083007,Govt. School SAR-307,2026-05,742,Yes,605.0,118.0,75.0,58.0,4.0,2.0
Bihar,Saran,Saran Block-3,BR083007,Govt. School SAR-307,2026-06,742,Yes,632.0,120.0,76.0,56.0,5.0,1.0
Bihar,Saran,Saran Block-3,BR083007,Govt. School SAR-307,2026-07,742,Yes,621.0,102.0,66.0,50.0,3.0,3.0
Bihar,Saran,Saran Block-3,BR083007,Govt. School SAR-307,2026-08,742,Yes,584.0,103.0,71.0,48.0,3.0,2.0
Bihar,Saran,Saran Block-3,BR083007,Govt. School SAR-307,2026-09,742,Yes,620.0,118.0,75.0,56.0,2.0,2.0
Bihar,Saran,Saran Block-3,BR083008,Govt. School SAR-308,2026-04,807,No,,,,,,
Bihar,Saran,Saran Block-3,BR083008,Govt. School SAR-308,2026-05,807,Yes,595.0,105.0,71.0,48.0,3.0,2.0
Bihar,Saran,Saran Block-3,BR083008,Govt. School SAR-308,2026-06,807,Yes,653.0,135.0,87.0,62.0,2.0,1.0
Bihar,Saran,Saran Block-3,BR083008,Govt. School SAR-308,2026-07,807,Yes,618.0,158.0,99.0,67.0,4.0,2.0
Bihar,Saran,Saran Block-3,BR083008,Govt. School SAR-308,2026-08,807,Yes,665.0,128.0,82.0,57.0,5.0,2.0
Bihar,Saran,Saran Block-3,BR083008,Govt. School SAR-308,2026-09,807,Yes,665.0,136.0,79.0,61.0,2.0,1.0
Bihar,Saran,Saran Block-3,BR083009,Govt. School SAR-309,2026-04,626,Yes,533.0,118.0,87.0,56.0,3.0,3.0
Bihar,Saran,Saran Block-3,BR083009,Govt. School SAR-309,2026-05,626,Yes,547.0,99.0,64.0,50.0,4.0,1.0
Bihar,Saran,Saran Block-3,BR083009,Govt. School SAR-309,2026-06,626,Yes,485.0,92.0,62.0,49.0,4.0,1.0
Bihar,Saran,Saran Block-3,BR083009,Govt. School SAR-309,2026-07,626,Yes,497.0,82.0,54.0,40.0,4.0,1.0
Bihar,Saran,Saran Block-3,BR083009,Govt. School SAR-309,2026-08,626,Yes,503.0,106.0,59.0,44.0,4.0,1.0
Bihar,Saran,Saran Block-3,BR083009,Govt. School SAR-309,2026-09,626,Yes,542.0,111.0,70.0,53.0,4.0,2.0
Bihar,Saran,Saran Block-3,BR083010,Govt. School SAR-310,2026-04,180,Yes,139.0,24.0,15.0,9.0,3.0,2.0
Bihar,Saran,Saran Block-3,BR083010,Govt. School SAR-310,2026-05,180,Yes,134.0,24.0,16.0,12.0,1.0,1.0
Bihar,Saran,Saran Block-3,BR083010,Govt. School SAR-310,2026-06,180,Yes,140.0,30.0,18.0,12.0,3.0,1.0
Bihar,Saran,Saran Block-3,BR083010,Govt. School SAR-310,2026-07,180,Yes,142.0,28.0,18.0,12.0,3.0,2.0
Bihar,Saran,Saran Block-3,BR083010,Govt. School SAR-310,2026-08,180,Yes,140.0,32.0,21.0,13.0,3.0,2.0
Bihar,Saran,Saran Block-3,BR083010,Govt. School SAR-310,2026-09,180,Yes,140.0,30.0,20.0,11.0,3.0,1.0
Bihar,Saran,Saran Block-3,BR083011,Govt. School SAR-311,2026-04,438,Yes,366.0,78.0,47.0,36.0,3.0,2.0
Bihar,Saran,Saran Block-3,BR083011,Govt. School SAR-311,2026-05,438,Yes,335.0,69.0,40.0,27.0,3.0,1.0
Bihar,Saran,Saran Block-3,BR083011,Govt. School SAR-311,2026-06,438,Yes,299.0,56.0,37.0,20.0,3.0,1.0
Bihar,Saran,Saran Block-3,BR083011,Govt. School SAR-311,2026-07,438,Yes,331.0,68.0,49.0,35.0,2.0,1.0
Bihar,Saran,Saran Block-3,BR083011,Govt. School SAR-311,2026-08,438,Yes,343.0,70.0,47.0,34.0,4.0,2.0
Bihar,Saran,Saran Block-3,BR083011,Govt. School SAR-311,2026-09,438,Yes,317.0,66.0,38.0,21.0,3.0,2.0
Bihar,Saran,Saran Block-3,BR083012,Govt. School SAR-312,2026-04,228,Yes,173.0,34.0,19.0,12.0,3.0,1.0
Bihar,Saran,Saran Block-3,BR083012,Govt. School SAR-312,2026-05,228,Yes,180.0,39.0,24.0,14.0,3.0,3.0
Bihar,Saran,Saran Block-3,BR083012,Govt. School SAR-312,2026-06,228,Yes,181.0,34.0,23.0,15.0,4.0,2.0
Bihar,Saran,Saran Block-3,BR083012,Govt. School SAR-312,2026-07,228,Yes,175.0,37.0,23.0,15.0,4.0,1.0
Bihar,Saran,Saran Block-3,BR083012,Govt. School SAR-312,2026-08,228,Yes,172.0,35.0,20.0,11.0,2.0,0.0
Bihar,Saran,Saran Block-3,BR083012,Govt. School SAR-312,2026-09,228,Yes,178.0,29.0,20.0,16.0,4.0,2.0
Bihar,Vaishali,Vaishali Block-1,BR091001,Govt. School VAI-101,2026-04,665,Yes,518.0,112.0,76.0,54.0,4.0,1.0
Bihar,Vaishali,Vaishali Block-1,BR091001,Govt. School VAI-101,2026-05,665,No,,,,,,
Bihar,Vaishali,Vaishali Block-1,BR091001,Govt. School VAI-101,2026-06,665,Yes,498.0,119.0,91.0,49.0,2.0,1.0
Bihar,Vaishali,Vaishali Block-1,BR091001,Govt. School VAI-101,2026-07,665,Yes,520.0,92.0,61.0,39.0,2.0,1.0
Bihar,Vaishali,Vaishali Block-1,BR091001,Govt. School VAI-101,2026-08,665,Yes,513.0,119.0,76.0,54.0,3.0,1.0
Bihar,Vaishali,Vaishali Block-1,BR091001,Govt. School VAI-101,2026-09,665,Yes,506.0,115.0,62.0,41.0,4.0,1.0
Bihar,Vaishali,Vaishali Block-1,BR091002,Govt. School VAI-102,2026-04,506,Yes,409.0,72.0,46.0,31.0,4.0,1.0
Bihar,Vaishali,Vaishali Block-1,BR091002,Govt. School VAI-102,2026-05,506,Yes,408.0,88.0,64.0,45.0,3.0,1.0
Bihar,Vaishali,Vaishali Block-1,BR091002,Govt. School VAI-102,2026-06,506,Yes,416.0,87.0,46.0,36.0,3.0,2.0
Bihar,Vaishali,Vaishali Block-1,BR091002,Govt. School VAI-102,2026-07,506,Yes,429.0,81.0,56.0,44.0,4.0,1.0
Bihar,Vaishali,Vaishali Block-1,BR091002,Govt. School VAI-102,2026-08,506,Yes,411.0,74.0,51.0,33.0,2.0,1.0
Bihar,Vaishali,Vaishali Block-1,BR091002,Govt. School VAI-102,2026-09,506,Yes,470.0,78.0,54.0,47.0,4.0,2.0
Bihar,Vaishali,Vaishali Block-1,BR091003,Govt. School VAI-103,2026-04,598,Yes,417.0,84.0,61.0,35.0,3.0,3.0
Bihar,Vaishali,Vaishali Block-1,BR091003,Govt. School VAI-103,2026-05,598,Yes,427.0,93.0,51.0,27.0,4.0,1.0
Bihar,Vaishali,Vaishali Block-1,BR091003,Govt. School VAI-103,2026-06,598,Yes,414.0,96.0,64.0,35.0,2.0,1.0
Bihar,Vaishali,Vaishali Block-1,BR091003,Govt. School VAI-103,2026-07,598,Yes,441.0,107.0,79.0,45.0,3.0,1.0
Bihar,Vaishali,Vaishali Block-1,BR091003,Govt. School VAI-103,2026-08,598,Yes,465.0,103.0,63.0,37.0,2.0,2.0
Bihar,Vaishali,Vaishali Block-1,BR091003,Govt. School VAI-103,2026-09,598,Yes,426.0,87.0,49.0,33.0,3.0,2.0
Bihar,Vaishali,Vaishali Block-1,BR091004,Govt. School VAI-104,2026-04,481,Yes,380.0,55.0,38.0,28.0,3.0,2.0
Bihar,Vaishali,Vaishali Block-1,BR091004,Govt. School VAI-104,2026-05,481,Yes,387.0,85.0,53.0,41.0,3.0,2.0
Bihar,Vaishali,Vaishali Block-1,BR091004,Govt. School VAI-104,2026-06,481,Yes,374.0,69.0,48.0,32.0,3.0,1.0
Bihar,Vaishali,Vaishali Block-1,BR091004,Govt. School VAI-104,2026-07,481,Yes,429.0,80.0,53.0,41.0,3.0,1.0
Bihar,Vaishali,Vaishali Block-1,BR091004,Govt. School VAI-104,2026-08,481,Yes,383.0,77.0,46.0,33.0,4.0,2.0
Bihar,Vaishali,Vaishali Block-1,BR091004,Govt. School VAI-104,2026-09,481,Yes,428.0,80.0,48.0,36.0,5.0,3.0
Bihar,Vaishali,Vaishali Block-1,BR091005,Govt. School VAI-105,2026-04,246,Yes,222.0,39.0,20.0,15.0,3.0,1.0
Bihar,Vaishali,Vaishali Block-1,BR091005,Govt. School VAI-105,2026-05,246,Yes,230.0,37.0,25.0,19.0,4.0,2.0
Bihar,Vaishali,Vaishali Block-1,BR091005,Govt. School VAI-105,2026-06,246,Yes,220.0,37.0,22.0,15.0,3.0,2.0
Bihar,Vaishali,Vaishali Block-1,BR091005,Govt. School VAI-105,2026-07,246,Yes,218.0,38.0,25.0,18.0,4.0,3.0
Bihar,Vaishali,Vaishali Block-1,BR091005,Govt. School VAI-105,2026-08,246,Yes,212.0,36.0,23.0,18.0,4.0,2.0
Bihar,Vaishali,Vaishali Block-1,BR091005,Govt. School VAI-105,2026-09,246,Yes,216.0,41.0,28.0,22.0,4.0,2.0
Bihar,Vaishali,Vaishali Block-1,BR091006,Govt. School VAI-106,2026-04,702,Yes,514.0,120.0,73.0,44.0,3.0,2.0
Bihar,Vaishali,Vaishali Block-1,BR091006,Govt. School VAI-106,2026-05,702,Yes,555.0,99.0,70.0,49.0,3.0,2.0
Bihar,Vaishali,Vaishali Block-1,BR091006,Govt. School VAI-106,2026-06,702,Yes,597.0,95.0,65.0,46.0,5.0,2.0
Bihar,Vaishali,Vaishali Block-1,BR091006,Govt. School VAI-106,2026-07,702,Yes,569.0,110.0,68.0,52.0,3.0,1.0
Bihar,Vaishali,Vaishali Block-1,BR091006,Govt. School VAI-106,2026-08,702,Yes,541.0,101.0,56.0,40.0,3.0,2.0
Bihar,Vaishali,Vaishali Block-1,BR091006,Govt. School VAI-106,2026-09,702,Yes,585.0,112.0,68.0,50.0,3.0,2.0
Bihar,Vaishali,Vaishali Block-1,BR091007,Govt. School VAI-107,2026-04,446,Yes,334.0,60.0,36.0,24.0,3.0,1.0
Bihar,Vaishali,Vaishali Block-1,BR091007,Govt. School VAI-107,2026-05,446,Yes,359.0,77.0,53.0,34.0,3.0,2.0
Bihar,Vaishali,Vaishali Block-1,BR091007,Govt. School VAI-107,2026-06,446,No,,,,,,
Bihar,Vaishali,Vaishali Block-1,BR091007,Govt. School VAI-107,2026-07,446,Yes,341.0,60.0,39.0,23.0,4.0,2.0
Bihar,Vaishali,Vaishali Block-1,BR091007,Govt. School VAI-107,2026-08,446,Yes,347.0,68.0,41.0,26.0,3.0,2.0
Bihar,Vaishali,Vaishali Block-1,BR091007,Govt. School VAI-107,2026-09,446,Yes,329.0,72.0,54.0,36.0,3.0,1.0
Bihar,Vaishali,Vaishali Block-1,BR091008,Govt. School VAI-108,2026-04,390,No,,,,,,
Bihar,Vaishali,Vaishali Block-1,BR091008,Govt. School VAI-108,2026-05,390,Yes,301.0,58.0,38.0,24.0,3.0,2.0
Bihar,Vaishali,Vaishali Block-1,BR091008,Govt. School VAI-108,2026-06,390,No,,,,,,
Bihar,Vaishali,Vaishali Block-1,BR091008,Govt. School VAI-108,2026-07,390,Yes,309.0,56.0,32.0,24.0,3.0,1.0
Bihar,Vaishali,Vaishali Block-1,BR091008,Govt. School VAI-108,2026-08,390,Yes,327.0,71.0,42.0,34.0,2.0,2.0
Bihar,Vaishali,Vaishali Block-1,BR091008,Govt. School VAI-108,2026-09,390,Yes,296.0,73.0,45.0,29.0,2.0,2.0
Bihar,Vaishali,Vaishali Block-1,BR091009,Govt. School VAI-109,2026-04,430,Yes,325.0,62.0,33.0,24.0,4.0,1.0
Bihar,Vaishali,Vaishali Block-1,BR091009,Govt. School VAI-109,2026-05,430,Yes,344.0,75.0,48.0,32.0,3.0,2.0
Bihar,Vaishali,Vaishali Block-1,BR091009,Govt. School VAI-109,2026-06,430,Yes,325.0,69.0,45.0,30.0,2.0,1.0
Bihar,Vaishali,Vaishali Block-1,BR091009,Govt. School VAI-109,2026-07,430,Yes,325.0,73.0,46.0,32.0,3.0,2.0
Bihar,Vaishali,Vaishali Block-1,BR091009,Govt. School VAI-109,2026-08,430,Yes,348.0,67.0,49.0,31.0,4.0,2.0
Bihar,Vaishali,Vaishali Block-1,BR091009,Govt. School VAI-109,2026-09,430,Yes,363.0,68.0,44.0,33.0,3.0,1.0
Bihar,Vaishali,Vaishali Block-1,BR091010,Govt. School VAI-110,2026-04,282,Yes,226.0,41.0,28.0,17.0,2.0,2.0
Bihar,Vaishali,Vaishali Block-1,BR091010,Govt. School VAI-110,2026-05,282,Yes,221.0,45.0,30.0,23.0,3.0,1.0
Bihar,Vaishali,Vaishali Block-1,BR091010,Govt. School VAI-110,2026-06,282,Yes,224.0,49.0,32.0,20.0,4.0,1.0
Bihar,Vaishali,Vaishali Block-1,BR091010,Govt. School VAI-110,2026-07,282,Yes,225.0,46.0,29.0,19.0,5.0,2.0
Bihar,Vaishali,Vaishali Block-1,BR091010,Govt. School VAI-110,2026-08,282,Yes,227.0,47.0,27.0,19.0,3.0,1.0
Bihar,Vaishali,Vaishali Block-1,BR091010,Govt. School VAI-110,2026-09,282,No,,,,,,
Bihar,Vaishali,Vaishali Block-1,BR091011,Govt. School VAI-111,2026-04,661,Yes,501.0,96.0,57.0,36.0,4.0,1.0
Bihar,Vaishali,Vaishali Block-1,BR091011,Govt. School VAI-111,2026-05,661,Yes,502.0,102.0,60.0,42.0,2.0,2.0
Bihar,Vaishali,Vaishali Block-1,BR091011,Govt. School VAI-111,2026-06,661,Yes,468.0,111.0,57.0,34.0,3.0,2.0
Bihar,Vaishali,Vaishali Block-1,BR091011,Govt. School VAI-111,2026-07,661,Yes,491.0,84.0,52.0,36.0,3.0,2.0
Bihar,Vaishali,Vaishali Block-1,BR091011,Govt. School VAI-111,2026-08,661,Yes,530.0,95.0,71.0,51.0,3.0,2.0
Bihar,Vaishali,Vaishali Block-1,BR091011,Govt. School VAI-111,2026-09,661,Yes,550.0,108.0,67.0,47.0,2.0,2.0
Bihar,Vaishali,Vaishali Block-1,BR091012,Govt. School VAI-112,2026-04,229,Yes,193.0,38.0,21.0,15.0,4.0,2.0
Bihar,Vaishali,Vaishali Block-1,BR091012,Govt. School VAI-112,2026-05,229,Yes,189.0,28.0,17.0,12.0,3.0,1.0
Bihar,Vaishali,Vaishali Block-1,BR091012,Govt. School VAI-112,2026-06,229,No,,,,,,
Bihar,Vaishali,Vaishali Block-1,BR091012,Govt. School VAI-112,2026-07,229,Yes,196.0,40.0,26.0,18.0,3.0,2.0
Bihar,Vaishali,Vaishali Block-1,BR091012,Govt. School VAI-112,2026-08,229,Yes,193.0,40.0,28.0,21.0,3.0,2.0
Bihar,Vaishali,Vaishali Block-1,BR091012,Govt. School VAI-112,2026-09,229,Yes,187.0,34.0,22.0,15.0,4.0,1.0
Bihar,Vaishali,Vaishali Block-2,BR092001,Govt. School VAI-201,2026-04,267,Yes,198.0,39.0,25.0,15.0,3.0,1.0
Bihar,Vaishali,Vaishali Block-2,BR092001,Govt. School VAI-201,2026-05,267,Yes,218.0,35.0,25.0,18.0,4.0,2.0
Bihar,Vaishali,Vaishali Block-2,BR092001,Govt. School VAI-201,2026-06,267,Yes,204.0,46.0,28.0,18.0,4.0,2.0
Bihar,Vaishali,Vaishali Block-2,BR092001,Govt. School VAI-201,2026-07,267,Yes,215.0,43.0,29.0,20.0,3.0,2.0
Bihar,Vaishali,Vaishali Block-2,BR092001,Govt. School VAI-201,2026-08,267,Yes,203.0,41.0,25.0,14.0,3.0,1.0
Bihar,Vaishali,Vaishali Block-2,BR092001,Govt. School VAI-201,2026-09,267,Yes,207.0,39.0,21.0,13.0,2.0,2.0
Bihar,Vaishali,Vaishali Block-2,BR092002,Govt. School VAI-202,2026-04,575,Yes,467.0,83.0,55.0,45.0,3.0,2.0
Bihar,Vaishali,Vaishali Block-2,BR092002,Govt. School VAI-202,2026-05,575,No,,,,,,
Bihar,Vaishali,Vaishali Block-2,BR092002,Govt. School VAI-202,2026-06,575,Yes,498.0,99.0,70.0,53.0,5.0,1.0
Bihar,Vaishali,Vaishali Block-2,BR092002,Govt. School VAI-202,2026-07,575,Yes,451.0,75.0,44.0,31.0,3.0,1.0
Bihar,Vaishali,Vaishali Block-2,BR092002,Govt. School VAI-202,2026-08,575,Yes,487.0,84.0,55.0,41.0,3.0,1.0
Bihar,Vaishali,Vaishali Block-2,BR092002,Govt. School VAI-202,2026-09,575,Yes,504.0,92.0,56.0,37.0,3.0,2.0
Bihar,Vaishali,Vaishali Block-2,BR092003,Govt. School VAI-203,2026-04,823,Yes,665.0,130.0,81.0,60.0,2.0,3.0
Bihar,Vaishali,Vaishali Block-2,BR092003,Govt. School VAI-203,2026-05,823,Yes,719.0,128.0,86.0,59.0,3.0,2.0
Bihar,Vaishali,Vaishali Block-2,BR092003,Govt. School VAI-203,2026-06,823,Yes,628.0,104.0,56.0,37.0,4.0,1.0
Bihar,Vaishali,Vaishali Block-2,BR092003,Govt. School VAI-203,2026-07,823,Yes,671.0,130.0,86.0,61.0,3.0,1.0
Bihar,Vaishali,Vaishali Block-2,BR092003,Govt. School VAI-203,2026-08,823,Yes,666.0,117.0,87.0,71.0,4.0,1.0
Bihar,Vaishali,Vaishali Block-2,BR092003,Govt. School VAI-203,2026-09,823,Yes,691.0,130.0,85.0,67.0,3.0,2.0
Bihar,Vaishali,Vaishali Block-2,BR092004,Govt. School VAI-204,2026-04,783,No,,,,,,
Bihar,Vaishali,Vaishali Block-2,BR092004,Govt. School VAI-204,2026-05,783,Yes,598.0,138.0,94.0,62.0,4.0,1.0
Bihar,Vaishali,Vaishali Block-2,BR092004,Govt. School VAI-204,2026-06,783,Yes,597.0,118.0,84.0,51.0,3.0,1.0
Bihar,Vaishali,Vaishali Block-2,BR092004,Govt. School VAI-204,2026-07,783,Yes,581.0,124.0,73.0,49.0,4.0,2.0
Bihar,Vaishali,Vaishali Block-2,BR092004,Govt. School VAI-204,2026-08,783,Yes,571.0,110.0,76.0,46.0,2.0,2.0
Bihar,Vaishali,Vaishali Block-2,BR092004,Govt. School VAI-204,2026-09,783,Yes,577.0,75.0,51.0,31.0,3.0,2.0
Bihar,Vaishali,Vaishali Block-2,BR092005,Govt. School VAI-205,2026-04,827,Yes,632.0,126.0,90.0,68.0,3.0,2.0
Bihar,Vaishali,Vaishali Block-2,BR092005,Govt. School VAI-205,2026-05,827,No,,,,,,
Bihar,Vaishali,Vaishali Block-2,BR092005,Govt. School VAI-205,2026-06,827,Yes,650.0,138.0,91.0,66.0,2.0,2.0
Bihar,Vaishali,Vaishali Block-2,BR092005,Govt. School VAI-205,2026-07,827,Yes,599.0,114.0,74.0,43.0,3.0,2.0
Bihar,Vaishali,Vaishali Block-2,BR092005,Govt. School VAI-205,2026-08,827,Yes,611.0,145.0,89.0,60.0,3.0,1.0
Bihar,Vaishali,Vaishali Block-2,BR092005,Govt. School VAI-205,2026-09,827,Yes,639.0,126.0,89.0,57.0,4.0,2.0
Bihar,Vaishali,Vaishali Block-2,BR092006,Govt. School VAI-206,2026-04,677,Yes,581.0,118.0,81.0,70.0,4.0,1.0
Bihar,Vaishali,Vaishali Block-2,BR092006,Govt. School VAI-206,2026-05,677,Yes,539.0,92.0,62.0,45.0,3.0,2.0
Bihar,Vaishali,Vaishali Block-2,BR092006,Govt. School VAI-206,2026-06,677,Yes,570.0,95.0,70.0,53.0,4.0,2.0
Bihar,Vaishali,Vaishali Block-2,BR092006,Govt. School VAI-206,2026-07,677,Yes,595.0,102.0,65.0,45.0,4.0,2.0
Bihar,Vaishali,Vaishali Block-2,BR092006,Govt. School VAI-206,2026-08,677,No,,,,,,
Bihar,Vaishali,Vaishali Block-2,BR092006,Govt. School VAI-206,2026-09,677,No,,,,,,
Bihar,Vaishali,Vaishali Block-2,BR092007,Govt. School VAI-207,2026-04,202,Yes,161.0,27.0,16.0,10.0,3.0,2.0
Bihar,Vaishali,Vaishali Block-2,BR092007,Govt. School VAI-207,2026-05,202,Yes,161.0,32.0,22.0,14.0,3.0,1.0
Bihar,Vaishali,Vaishali Block-2,BR092007,Govt. School VAI-207,2026-06,202,Yes,157.0,36.0,21.0,13.0,3.0,2.0
Bihar,Vaishali,Vaishali Block-2,BR092007,Govt. School VAI-207,2026-07,202,Yes,170.0,32.0,20.0,12.0,2.0,2.0
Bihar,Vaishali,Vaishali Block-2,BR092007,Govt. School VAI-207,2026-08,202,Yes,168.0,28.0,20.0,13.0,3.0,2.0
Bihar,Vaishali,Vaishali Block-2,BR092007,Govt. School VAI-207,2026-09,202,Yes,167.0,35.0,24.0,17.0,3.0,2.0
Bihar,Vaishali,Vaishali Block-2,BR092008,Govt. School VAI-208,2026-04,278,Yes,206.0,35.0,24.0,14.0,3.0,2.0
Bihar,Vaishali,Vaishali Block-2,BR092008,Govt. School VAI-208,2026-05,278,No,,,,,,
Bihar,Vaishali,Vaishali Block-2,BR092008,Govt. School VAI-208,2026-06,278,No,,,,,,
Bihar,Vaishali,Vaishali Block-2,BR092008,Govt. School VAI-208,2026-07,278,Yes,222.0,38.0,28.0,19.0,4.0,2.0
Bihar,Vaishali,Vaishali Block-2,BR092008,Govt. School VAI-208,2026-08,278,Yes,217.0,36.0,26.0,17.0,4.0,1.0
Bihar,Vaishali,Vaishali Block-2,BR092008,Govt. School VAI-208,2026-09,278,Yes,228.0,39.0,21.0,15.0,4.0,2.0
Bihar,Vaishali,Vaishali Block-2,BR092009,Govt. School VAI-209,2026-04,257,Yes,196.0,35.0,20.0,13.0,4.0,1.0
Bihar,Vaishali,Vaishali Block-2,BR092009,Govt. School VAI-209,2026-05,257,Yes,180.0,42.0,26.0,16.0,3.0,2.0
Bihar,Vaishali,Vaishali Block-2,BR092009,Govt. School VAI-209,2026-06,257,Yes,198.0,32.0,19.0,12.0,4.0,1.0
Bihar,Vaishali,Vaishali Block-2,BR092009,Govt. School VAI-209,2026-07,257,No,,,,,,
Bihar,Vaishali,Vaishali Block-2,BR092009,Govt. School VAI-209,2026-08,257,Yes,202.0,34.0,20.0,13.0,4.0,2.0
Bihar,Vaishali,Vaishali Block-2,BR092009,Govt. School VAI-209,2026-09,257,Yes,212.0,47.0,32.0,22.0,4.0,2.0
Bihar,Vaishali,Vaishali Block-2,BR092010,Govt. School VAI-210,2026-04,350,Yes,319.0,49.0,29.0,22.0,4.0,1.0
Bihar,Vaishali,Vaishali Block-2,BR092010,Govt. School VAI-210,2026-05,350,Yes,292.0,49.0,33.0,23.0,3.0,2.0
Bihar,Vaishali,Vaishali Block-2,BR092010,Govt. School VAI-210,2026-06,350,Yes,282.0,56.0,40.0,27.0,3.0,1.0
Bihar,Vaishali,Vaishali Block-2,BR092010,Govt. School VAI-210,2026-07,350,Yes,291.0,46.0,32.0,24.0,4.0,2.0
Bihar,Vaishali,Vaishali Block-2,BR092010,Govt. School VAI-210,2026-08,350,Yes,308.0,57.0,36.0,27.0,4.0,2.0
Bihar,Vaishali,Vaishali Block-2,BR092010,Govt. School VAI-210,2026-09,350,Yes,289.0,53.0,31.0,22.0,1.0,1.0
Bihar,Vaishali,Vaishali Block-2,BR092011,Govt. School VAI-211,2026-04,607,Yes,504.0,82.0,55.0,36.0,2.0,1.0
Bihar,Vaishali,Vaishali Block-2,BR092011,Govt. School VAI-211,2026-05,607,Yes,511.0,80.0,54.0,40.0,2.0,1.0
Bihar,Vaishali,Vaishali Block-2,BR092011,Govt. School VAI-211,2026-06,607,No,,,,,,
Bihar,Vaishali,Vaishali Block-2,BR092011,Govt. School VAI-211,2026-07,607,Yes,452.0,92.0,62.0,37.0,3.0,1.0
Bihar,Vaishali,Vaishali Block-2,BR092011,Govt. School VAI-211,2026-08,607,Yes,486.0,69.0,42.0,31.0,3.0,2.0
Bihar,Vaishali,Vaishali Block-2,BR092011,Govt. School VAI-211,2026-09,607,Yes,533.0,90.0,61.0,44.0,4.0,2.0
Bihar,Vaishali,Vaishali Block-2,BR092012,Govt. School VAI-212,2026-04,358,Yes,237.0,58.0,35.0,22.0,3.0,1.0
Bihar,Vaishali,Vaishali Block-2,BR092012,Govt. School VAI-212,2026-05,358,Yes,264.0,64.0,42.0,26.0,2.0,1.0
Bihar,Vaishali,Vaishali Block-2,BR092012,Govt. School VAI-212,2026-06,358,No,,,,,,
Bihar,Vaishali,Vaishali Block-2,BR092012,Govt. School VAI-212,2026-07,358,Yes,272.0,57.0,42.0,30.0,3.0,1.0
Bihar,Vaishali,Vaishali Block-2,BR092012,Govt. School VAI-212,2026-08,358,Yes,267.0,59.0,38.0,23.0,3.0,1.0
Bihar,Vaishali,Vaishali Block-2,BR092012,Govt. School VAI-212,2026-09,358,Yes,243.0,54.0,34.0,17.0,2.0,2.0
Bihar,Vaishali,Vaishali Block-3,BR093001,Govt. School VAI-301,2026-04,344,Yes,269.0,59.0,35.0,26.0,4.0,2.0
Bihar,Vaishali,Vaishali Block-3,BR093001,Govt. School VAI-301,2026-05,344,Yes,249.0,53.0,35.0,25.0,3.0,2.0
Bihar,Vaishali,Vaishali Block-3,BR093001,Govt. School VAI-301,2026-06,344,Yes,277.0,51.0,30.0,21.0,3.0,2.0
Bihar,Vaishali,Vaishali Block-3,BR093001,Govt. School VAI-301,2026-07,344,No,,,,,,
Bihar,Vaishali,Vaishali Block-3,BR093001,Govt. School VAI-301,2026-08,344,No,,,,,,
Bihar,Vaishali,Vaishali Block-3,BR093001,Govt. School VAI-301,2026-09,344,No,,,,,,
Bihar,Vaishali,Vaishali Block-3,BR093002,Govt. School VAI-302,2026-04,485,Yes,337.0,85.0,58.0,38.0,3.0,1.0
Bihar,Vaishali,Vaishali Block-3,BR093002,Govt. School VAI-302,2026-05,485,Yes,374.0,65.0,42.0,33.0,2.0,2.0
Bihar,Vaishali,Vaishali Block-3,BR093002,Govt. School VAI-302,2026-06,485,No,,,,,,
Bihar,Vaishali,Vaishali Block-3,BR093002,Govt. School VAI-302,2026-07,485,Yes,368.0,70.0,42.0,24.0,3.0,2.0
Bihar,Vaishali,Vaishali Block-3,BR093002,Govt. School VAI-302,2026-08,485,Yes,387.0,72.0,48.0,33.0,3.0,2.0
Bihar,Vaishali,Vaishali Block-3,BR093002,Govt. School VAI-302,2026-09,485,Yes,348.0,70.0,48.0,25.0,3.0,1.0
Bihar,Vaishali,Vaishali Block-3,BR093003,Govt. School VAI-303,2026-04,749,Yes,692.0,120.0,89.0,83.0,4.0,2.0
Bihar,Vaishali,Vaishali Block-3,BR093003,Govt. School VAI-303,2026-05,749,No,,,,,,
Bihar,Vaishali,Vaishali Block-3,BR093003,Govt. School VAI-303,2026-06,749,No,,,,,,
Bihar,Vaishali,Vaishali Block-3,BR093003,Govt. School VAI-303,2026-07,749,No,,,,,,
Bihar,Vaishali,Vaishali Block-3,BR093003,Govt. School VAI-303,2026-08,749,No,,,,,,
Bihar,Vaishali,Vaishali Block-3,BR093003,Govt. School VAI-303,2026-09,749,Yes,701.0,133.0,101.0,81.0,3.0,1.0
Bihar,Vaishali,Vaishali Block-3,BR093004,Govt. School VAI-304,2026-04,352,Yes,276.0,56.0,33.0,22.0,4.0,0.0
Bihar,Vaishali,Vaishali Block-3,BR093004,Govt. School VAI-304,2026-05,352,Yes,250.0,49.0,30.0,16.0,2.0,1.0
Bihar,Vaishali,Vaishali Block-3,BR093004,Govt. School VAI-304,2026-06,352,Yes,273.0,58.0,33.0,20.0,3.0,2.0
Bihar,Vaishali,Vaishali Block-3,BR093004,Govt. School VAI-304,2026-07,352,Yes,253.0,56.0,28.0,16.0,3.0,2.0
Bihar,Vaishali,Vaishali Block-3,BR093004,Govt. School VAI-304,2026-08,352,Yes,238.0,48.0,30.0,20.0,2.0,1.0
Bihar,Vaishali,Vaishali Block-3,BR093004,Govt. School VAI-304,2026-09,352,Yes,269.0,56.0,35.0,19.0,2.0,2.0
Bihar,Vaishali,Vaishali Block-3,BR093005,Govt. School VAI-305,2026-04,343,Yes,256.0,48.0,26.0,18.0,2.0,2.0
Bihar,Vaishali,Vaishali Block-3,BR093005,Govt. School VAI-305,2026-05,343,Yes,264.0,47.0,32.0,23.0,3.0,2.0
Bihar,Vaishali,Vaishali Block-3,BR093005,Govt. School VAI-305,2026-06,343,Yes,251.0,57.0,34.0,22.0,2.0,2.0
Bihar,Vaishali,Vaishali Block-3,BR093005,Govt. School VAI-305,2026-07,343,Yes,255.0,59.0,34.0,23.0,3.0,2.0
Bihar,Vaishali,Vaishali Block-3,BR093005,Govt. School VAI-305,2026-08,343,Yes,255.0,40.0,26.0,16.0,3.0,1.0
Bihar,Vaishali,Vaishali Block-3,BR093005,Govt. School VAI-305,2026-09,343,Yes,268.0,48.0,34.0,22.0,3.0,2.0
Bihar,Vaishali,Vaishali Block-3,BR093006,Govt. School VAI-306,2026-04,185,Yes,161.0,35.0,23.0,18.0,4.0,1.0
Bihar,Vaishali,Vaishali Block-3,BR093006,Govt. School VAI-306,2026-05,185,Yes,158.0,25.0,14.0,11.0,3.0,3.0
Bihar,Vaishali,Vaishali Block-3,BR093006,Govt. School VAI-306,2026-06,185,No,,,,,,
Bihar,Vaishali,Vaishali Block-3,BR093006,Govt. School VAI-306,2026-07,185,No,,,,,,
Bihar,Vaishali,Vaishali Block-3,BR093006,Govt. School VAI-306,2026-08,185,No,,,,,,
Bihar,Vaishali,Vaishali Block-3,BR093006,Govt. School VAI-306,2026-09,185,Yes,167.0,27.0,18.0,14.0,3.0,2.0
Bihar,Vaishali,Vaishali Block-3,BR093007,Govt. School VAI-307,2026-04,688,Yes,558.0,117.0,80.0,53.0,3.0,2.0
Bihar,Vaishali,Vaishali Block-3,BR093007,Govt. School VAI-307,2026-05,688,No,,,,,,
Bihar,Vaishali,Vaishali Block-3,BR093007,Govt. School VAI-307,2026-06,688,Yes,602.0,111.0,76.0,54.0,3.0,2.0
Bihar,Vaishali,Vaishali Block-3,BR093007,Govt. School VAI-307,2026-07,688,Yes,603.0,102.0,69.0,50.0,2.0,1.0
Bihar,Vaishali,Vaishali Block-3,BR093007,Govt. School VAI-307,2026-08,688,No,,,,,,
Bihar,Vaishali,Vaishali Block-3,BR093007,Govt. School VAI-307,2026-09,688,Yes,543.0,107.0,72.0,50.0,2.0,1.0
Bihar,Vaishali,Vaishali Block-3,BR093008,Govt. School VAI-308,2026-04,569,Yes,444.0,84.0,51.0,29.0,3.0,1.0
Bihar,Vaishali,Vaishali Block-3,BR093008,Govt. School VAI-308,2026-05,569,Yes,452.0,96.0,63.0,37.0,3.0,3.0
Bihar,Vaishali,Vaishali Block-3,BR093008,Govt. School VAI-308,2026-06,569,Yes,423.0,97.0,62.0,41.0,2.0,1.0
Bihar,Vaishali,Vaishali Block-3,BR093008,Govt. School VAI-308,2026-07,569,Yes,413.0,80.0,56.0,34.0,4.0,1.0
Bihar,Vaishali,Vaishali Block-3,BR093008,Govt. School VAI-308,2026-08,569,Yes,462.0,99.0,59.0,43.0,4.0,1.0
Bihar,Vaishali,Vaishali Block-3,BR093008,Govt. School VAI-308,2026-09,569,Yes,445.0,97.0,64.0,39.0,3.0,1.0
Bihar,Vaishali,Vaishali Block-3,BR093009,Govt. School VAI-309,2026-04,555,Yes,409.0,89.0,61.0,34.0,5.0,2.0
Bihar,Vaishali,Vaishali Block-3,BR093009,Govt. School VAI-309,2026-05,555,No,,,,,,
Bihar,Vaishali,Vaishali Block-3,BR093009,Govt. School VAI-309,2026-06,555,Yes,452.0,86.0,53.0,34.0,3.0,2.0
Bihar,Vaishali,Vaishali Block-3,BR093009,Govt. School VAI-309,2026-07,555,Yes,417.0,78.0,54.0,41.0,4.0,1.0
Bihar,Vaishali,Vaishali Block-3,BR093009,Govt. School VAI-309,2026-08,555,Yes,407.0,83.0,54.0,27.0,3.0,1.0
Bihar,Vaishali,Vaishali Block-3,BR093009,Govt. School VAI-309,2026-09,555,Yes,457.0,83.0,53.0,36.0,3.0,2.0
Bihar,Vaishali,Vaishali Block-3,BR093010,Govt. School VAI-310,2026-04,357,Yes,252.0,53.0,32.0,17.0,3.0,1.0
Bihar,Vaishali,Vaishali Block-3,BR093010,Govt. School VAI-310,2026-05,357,Yes,259.0,58.0,32.0,19.0,3.0,1.0
Bihar,Vaishali,Vaishali Block-3,BR093010,Govt. School VAI-310,2026-06,357,Yes,273.0,47.0,36.0,24.0,3.0,2.0
Bihar,Vaishali,Vaishali Block-3,BR093010,Govt. School VAI-310,2026-07,357,Yes,255.0,56.0,35.0,23.0,4.0,2.0
Bihar,Vaishali,Vaishali Block-3,BR093010,Govt. School VAI-310,2026-08,357,Yes,255.0,52.0,36.0,22.0,3.0,1.0
Bihar,Vaishali,Vaishali Block-3,BR093010,Govt. School VAI-310,2026-09,357,Yes,254.0,58.0,35.0,21.0,2.0,1.0
Bihar,Vaishali,Vaishali Block-3,BR093011,Govt. School VAI-311,2026-04,693,No,,,,,,
Bihar,Vaishali,Vaishali Block-3,BR093011,Govt. School VAI-311,2026-05,693,Yes,532.0,111.0,76.0,42.0,3.0,1.0
Bihar,Vaishali,Vaishali Block-3,BR093011,Govt. School VAI-311,2026-06,693,Yes,484.0,106.0,66.0,46.0,4.0,2.0
Bihar,Vaishali,Vaishali Block-3,BR093011,Govt. School VAI-311,2026-07,693,Yes,530.0,99.0,62.0,42.0,3.0,2.0
Bihar,Vaishali,Vaishali Block-3,BR093011,Govt. School VAI-311,2026-08,693,Yes,483.0,113.0,64.0,34.0,3.0,1.0
Bihar,Vaishali,Vaishali Block-3,BR093011,Govt. School VAI-311,2026-09,693,Yes,504.0,103.0,69.0,38.0,3.0,1.0
Bihar,Vaishali,Vaishali Block-3,BR093012,Govt. School VAI-312,2026-04,689,Yes,589.0,91.0,58.0,43.0,3.0,2.0
Bihar,Vaishali,Vaishali Block-3,BR093012,Govt. School VAI-312,2026-05,689,Yes,552.0,126.0,87.0,60.0,3.0,1.0
Bihar,Vaishali,Vaishali Block-3,BR093012,Govt. School VAI-312,2026-06,689,Yes,549.0,94.0,60.0,39.0,3.0,1.0
Bihar,Vaishali,Vaishali Block-3,BR093012,Govt. School VAI-312,2026-07,689,Yes,512.0,118.0,88.0,55.0,2.0,2.0
Bihar,Vaishali,Vaishali Block-3,BR093012,Govt. School VAI-312,2026-08,689,Yes,550.0,109.0,67.0,52.0,3.0,2.0
Bihar,Vaishali,Vaishali Block-3,BR093012,Govt. School VAI-312,2026-09,689,Yes,538.0,104.0,60.0,43.0,4.0,2.0
Bihar,Begusarai,Begusarai Block-1,BR101001,Govt. School BEG-101,2026-04,526,Yes,453.0,69.0,49.0,36.0,4.0,2.0
Bihar,Begusarai,Begusarai Block-1,BR101001,Govt. School BEG-101,2026-05,526,Yes,431.0,91.0,53.0,36.0,3.0,3.0
Bihar,Begusarai,Begusarai Block-1,BR101001,Govt. School BEG-101,2026-06,526,Yes,456.0,100.0,68.0,52.0,4.0,2.0
Bihar,Begusarai,Begusarai Block-1,BR101001,Govt. School BEG-101,2026-07,526,Yes,460.0,71.0,47.0,39.0,4.0,2.0
Bihar,Begusarai,Begusarai Block-1,BR101001,Govt. School BEG-101,2026-08,526,Yes,442.0,79.0,53.0,40.0,4.0,2.0
Bihar,Begusarai,Begusarai Block-1,BR101001,Govt. School BEG-101,2026-09,526,Yes,450.0,97.0,62.0,49.0,4.0,2.0
Bihar,Begusarai,Begusarai Block-1,BR101002,Govt. School BEG-102,2026-04,409,Yes,336.0,64.0,37.0,26.0,4.0,2.0
Bihar,Begusarai,Begusarai Block-1,BR101002,Govt. School BEG-102,2026-05,409,Yes,314.0,64.0,37.0,25.0,5.0,1.0
Bihar,Begusarai,Begusarai Block-1,BR101002,Govt. School BEG-102,2026-06,409,No,,,,,,
Bihar,Begusarai,Begusarai Block-1,BR101002,Govt. School BEG-102,2026-07,409,Yes,283.0,63.0,37.0,20.0,3.0,2.0
Bihar,Begusarai,Begusarai Block-1,BR101002,Govt. School BEG-102,2026-08,409,Yes,301.0,59.0,41.0,27.0,3.0,2.0
Bihar,Begusarai,Begusarai Block-1,BR101002,Govt. School BEG-102,2026-09,409,Yes,304.0,52.0,36.0,27.0,3.0,1.0
Bihar,Begusarai,Begusarai Block-1,BR101003,Govt. School BEG-103,2026-04,411,Yes,324.0,60.0,42.0,34.0,2.0,1.0
Bihar,Begusarai,Begusarai Block-1,BR101003,Govt. School BEG-103,2026-05,411,Yes,330.0,76.0,44.0,32.0,4.0,2.0
Bihar,Begusarai,Begusarai Block-1,BR101003,Govt. School BEG-103,2026-06,411,Yes,336.0,55.0,36.0,25.0,4.0,2.0
Bihar,Begusarai,Begusarai Block-1,BR101003,Govt. School BEG-103,2026-07,411,Yes,328.0,55.0,35.0,26.0,4.0,2.0
Bihar,Begusarai,Begusarai Block-1,BR101003,Govt. School BEG-103,2026-08,411,Yes,341.0,63.0,42.0,30.0,3.0,3.0
Bihar,Begusarai,Begusarai Block-1,BR101003,Govt. School BEG-103,2026-09,411,Yes,320.0,72.0,44.0,28.0,3.0,2.0
Bihar,Begusarai,Begusarai Block-1,BR101004,Govt. School BEG-104,2026-04,251,Yes,201.0,41.0,24.0,14.0,4.0,1.0
Bihar,Begusarai,Begusarai Block-1,BR101004,Govt. School BEG-104,2026-05,251,Yes,193.0,41.0,29.0,21.0,4.0,2.0
Bihar,Begusarai,Begusarai Block-1,BR101004,Govt. School BEG-104,2026-06,251,Yes,196.0,36.0,23.0,15.0,5.0,1.0
Bihar,Begusarai,Begusarai Block-1,BR101004,Govt. School BEG-104,2026-07,251,Yes,175.0,36.0,24.0,14.0,3.0,0.0
Bihar,Begusarai,Begusarai Block-1,BR101004,Govt. School BEG-104,2026-08,251,Yes,196.0,40.0,26.0,18.0,3.0,2.0
Bihar,Begusarai,Begusarai Block-1,BR101004,Govt. School BEG-104,2026-09,251,Yes,187.0,35.0,26.0,16.0,3.0,2.0
Bihar,Begusarai,Begusarai Block-1,BR101005,Govt. School BEG-105,2026-04,799,Yes,565.0,134.0,82.0,47.0,3.0,2.0
Bihar,Begusarai,Begusarai Block-1,BR101005,Govt. School BEG-105,2026-05,799,No,,,,,,
Bihar,Begusarai,Begusarai Block-1,BR101005,Govt. School BEG-105,2026-06,799,Yes,624.0,110.0,74.0,49.0,2.0,1.0
Bihar,Begusarai,Begusarai Block-1,BR101005,Govt. School BEG-105,2026-07,799,Yes,604.0,128.0,86.0,54.0,3.0,1.0
Bihar,Begusarai,Begusarai Block-1,BR101005,Govt. School BEG-105,2026-08,799,Yes,599.0,114.0,61.0,39.0,4.0,1.0
Bihar,Begusarai,Begusarai Block-1,BR101005,Govt. School BEG-105,2026-09,799,No,,,,,,
Bihar,Begusarai,Begusarai Block-1,BR101006,Govt. School BEG-106,2026-04,792,Yes,639.0,114.0,76.0,53.0,2.0,1.0
Bihar,Begusarai,Begusarai Block-1,BR101006,Govt. School BEG-106,2026-05,792,Yes,669.0,136.0,73.0,44.0,4.0,1.0
Bihar,Begusarai,Begusarai Block-1,BR101006,Govt. School BEG-106,2026-06,792,Yes,632.0,118.0,81.0,48.0,3.0,2.0
Bihar,Begusarai,Begusarai Block-1,BR101006,Govt. School BEG-106,2026-07,792,Yes,605.0,123.0,75.0,47.0,2.0,2.0
Bihar,Begusarai,Begusarai Block-1,BR101006,Govt. School BEG-106,2026-08,792,Yes,580.0,121.0,82.0,55.0,4.0,1.0
Bihar,Begusarai,Begusarai Block-1,BR101006,Govt. School BEG-106,2026-09,792,Yes,619.0,123.0,63.0,43.0,3.0,2.0
Bihar,Begusarai,Begusarai Block-1,BR101007,Govt. School BEG-107,2026-04,408,Yes,330.0,66.0,36.0,25.0,3.0,2.0
Bihar,Begusarai,Begusarai Block-1,BR101007,Govt. School BEG-107,2026-05,408,Yes,293.0,71.0,39.0,25.0,3.0,1.0
Bihar,Begusarai,Begusarai Block-1,BR101007,Govt. School BEG-107,2026-06,408,Yes,311.0,72.0,49.0,30.0,3.0,2.0
Bihar,Begusarai,Begusarai Block-1,BR101007,Govt. School BEG-107,2026-07,408,Yes,300.0,72.0,47.0,25.0,2.0,2.0
Bihar,Begusarai,Begusarai Block-1,BR101007,Govt. School BEG-107,2026-08,408,Yes,285.0,58.0,33.0,21.0,2.0,1.0
Bihar,Begusarai,Begusarai Block-1,BR101007,Govt. School BEG-107,2026-09,408,Yes,313.0,65.0,45.0,30.0,3.0,1.0
Bihar,Begusarai,Begusarai Block-1,BR101008,Govt. School BEG-108,2026-04,502,Yes,424.0,56.0,41.0,29.0,2.0,3.0
Bihar,Begusarai,Begusarai Block-1,BR101008,Govt. School BEG-108,2026-05,502,Yes,410.0,75.0,52.0,36.0,2.0,2.0
Bihar,Begusarai,Begusarai Block-1,BR101008,Govt. School BEG-108,2026-06,502,Yes,385.0,77.0,43.0,27.0,3.0,2.0
Bihar,Begusarai,Begusarai Block-1,BR101008,Govt. School BEG-108,2026-07,502,Yes,389.0,65.0,41.0,29.0,2.0,2.0
Bihar,Begusarai,Begusarai Block-1,BR101008,Govt. School BEG-108,2026-08,502,Yes,391.0,69.0,42.0,29.0,3.0,2.0
Bihar,Begusarai,Begusarai Block-1,BR101008,Govt. School BEG-108,2026-09,502,Yes,391.0,65.0,45.0,30.0,4.0,1.0
Bihar,Begusarai,Begusarai Block-1,BR101009,Govt. School BEG-109,2026-04,797,Yes,506.0,124.0,89.0,50.0,2.0,1.0
Bihar,Begusarai,Begusarai Block-1,BR101009,Govt. School BEG-109,2026-05,797,Yes,591.0,123.0,80.0,52.0,3.0,1.0
Bihar,Begusarai,Begusarai Block-1,BR101009,Govt. School BEG-109,2026-06,797,Yes,605.0,139.0,89.0,63.0,2.0,1.0
Bihar,Begusarai,Begusarai Block-1,BR101009,Govt. School BEG-109,2026-07,797,Yes,580.0,126.0,81.0,54.0,2.0,1.0
Bihar,Begusarai,Begusarai Block-1,BR101009,Govt. School BEG-109,2026-08,797,Yes,593.0,128.0,84.0,55.0,3.0,1.0
Bihar,Begusarai,Begusarai Block-1,BR101009,Govt. School BEG-109,2026-09,797,Yes,601.0,138.0,84.0,48.0,3.0,2.0
Bihar,Begusarai,Begusarai Block-1,BR101010,Govt. School BEG-110,2026-04,856,Yes,645.0,130.0,79.0,42.0,4.0,3.0
Bihar,Begusarai,Begusarai Block-1,BR101010,Govt. School BEG-110,2026-05,856,Yes,659.0,119.0,80.0,60.0,3.0,2.0
Bihar,Begusarai,Begusarai Block-1,BR101010,Govt. School BEG-110,2026-06,856,Yes,580.0,130.0,96.0,59.0,2.0,1.0
Bihar,Begusarai,Begusarai Block-1,BR101010,Govt. School BEG-110,2026-07,856,Yes,649.0,136.0,90.0,54.0,3.0,1.0
Bihar,Begusarai,Begusarai Block-1,BR101010,Govt. School BEG-110,2026-08,856,Yes,650.0,117.0,73.0,44.0,3.0,1.0
Bihar,Begusarai,Begusarai Block-1,BR101010,Govt. School BEG-110,2026-09,856,Yes,676.0,136.0,104.0,73.0,3.0,1.0
Bihar,Begusarai,Begusarai Block-1,BR101011,Govt. School BEG-111,2026-04,314,Yes,228.0,45.0,28.0,16.0,3.0,3.0
Bihar,Begusarai,Begusarai Block-1,BR101011,Govt. School BEG-111,2026-05,314,Yes,249.0,54.0,33.0,20.0,3.0,2.0
Bihar,Begusarai,Begusarai Block-1,BR101011,Govt. School BEG-111,2026-06,314,No,,,,,,
Bihar,Begusarai,Begusarai Block-1,BR101011,Govt. School BEG-111,2026-07,314,Yes,220.0,44.0,27.0,18.0,1.0,2.0
Bihar,Begusarai,Begusarai Block-1,BR101011,Govt. School BEG-111,2026-08,314,Yes,243.0,42.0,23.0,12.0,3.0,0.0
Bihar,Begusarai,Begusarai Block-1,BR101011,Govt. School BEG-111,2026-09,314,Yes,240.0,57.0,35.0,28.0,3.0,1.0
Bihar,Begusarai,Begusarai Block-1,BR101012,Govt. School BEG-112,2026-04,610,No,,,,,,
Bihar,Begusarai,Begusarai Block-1,BR101012,Govt. School BEG-112,2026-05,610,Yes,410.0,86.0,58.0,30.0,3.0,2.0
Bihar,Begusarai,Begusarai Block-1,BR101012,Govt. School BEG-112,2026-06,610,Yes,435.0,90.0,56.0,38.0,3.0,1.0
Bihar,Begusarai,Begusarai Block-1,BR101012,Govt. School BEG-112,2026-07,610,Yes,445.0,80.0,49.0,30.0,3.0,2.0
Bihar,Begusarai,Begusarai Block-1,BR101012,Govt. School BEG-112,2026-08,610,Yes,427.0,95.0,55.0,33.0,3.0,1.0
Bihar,Begusarai,Begusarai Block-1,BR101012,Govt. School BEG-112,2026-09,610,Yes,500.0,106.0,76.0,51.0,4.0,1.0
Bihar,Begusarai,Begusarai Block-2,BR102001,Govt. School BEG-201,2026-04,616,Yes,467.0,99.0,49.0,31.0,3.0,1.0
Bihar,Begusarai,Begusarai Block-2,BR102001,Govt. School BEG-201,2026-05,616,Yes,476.0,88.0,70.0,45.0,3.0,2.0
Bihar,Begusarai,Begusarai Block-2,BR102001,Govt. School BEG-201,2026-06,616,Yes,483.0,95.0,54.0,34.0,3.0,2.0
Bihar,Begusarai,Begusarai Block-2,BR102001,Govt. School BEG-201,2026-07,616,Yes,474.0,117.0,81.0,52.0,4.0,2.0
Bihar,Begusarai,Begusarai Block-2,BR102001,Govt. School BEG-201,2026-08,616,Yes,457.0,95.0,59.0,36.0,3.0,1.0
Bihar,Begusarai,Begusarai Block-2,BR102001,Govt. School BEG-201,2026-09,616,Yes,440.0,82.0,54.0,33.0,3.0,2.0
Bihar,Begusarai,Begusarai Block-2,BR102002,Govt. School BEG-202,2026-04,588,Yes,443.0,84.0,55.0,35.0,4.0,2.0
Bihar,Begusarai,Begusarai Block-2,BR102002,Govt. School BEG-202,2026-05,588,No,,,,,,
Bihar,Begusarai,Begusarai Block-2,BR102002,Govt. School BEG-202,2026-06,588,Yes,438.0,87.0,53.0,32.0,3.0,1.0
Bihar,Begusarai,Begusarai Block-2,BR102002,Govt. School BEG-202,2026-07,588,Yes,441.0,91.0,63.0,43.0,3.0,2.0
Bihar,Begusarai,Begusarai Block-2,BR102002,Govt. School BEG-202,2026-08,588,No,,,,,,
Bihar,Begusarai,Begusarai Block-2,BR102002,Govt. School BEG-202,2026-09,588,Yes,471.0,107.0,68.0,48.0,2.0,2.0
Bihar,Begusarai,Begusarai Block-2,BR102003,Govt. School BEG-203,2026-04,242,Yes,188.0,38.0,22.0,14.0,3.0,2.0
Bihar,Begusarai,Begusarai Block-2,BR102003,Govt. School BEG-203,2026-05,242,Yes,156.0,38.0,24.0,14.0,2.0,2.0
Bihar,Begusarai,Begusarai Block-2,BR102003,Govt. School BEG-203,2026-06,242,Yes,160.0,32.0,22.0,13.0,3.0,1.0
Bihar,Begusarai,Begusarai Block-2,BR102003,Govt. School BEG-203,2026-07,242,Yes,183.0,34.0,21.0,14.0,3.0,2.0
Bihar,Begusarai,Begusarai Block-2,BR102003,Govt. School BEG-203,2026-08,242,Yes,170.0,43.0,23.0,14.0,3.0,2.0
Bihar,Begusarai,Begusarai Block-2,BR102003,Govt. School BEG-203,2026-09,242,Yes,161.0,31.0,21.0,12.0,2.0,1.0
Bihar,Begusarai,Begusarai Block-2,BR102004,Govt. School BEG-204,2026-04,740,Yes,551.0,116.0,73.0,45.0,2.0,1.0
Bihar,Begusarai,Begusarai Block-2,BR102004,Govt. School BEG-204,2026-05,740,Yes,514.0,135.0,81.0,51.0,4.0,1.0
Bihar,Begusarai,Begusarai Block-2,BR102004,Govt. School BEG-204,2026-06,740,No,,,,,,
Bihar,Begusarai,Begusarai Block-2,BR102004,Govt. School BEG-204,2026-07,740,No,,,,,,
Bihar,Begusarai,Begusarai Block-2,BR102004,Govt. School BEG-204,2026-08,740,No,,,,,,
Bihar,Begusarai,Begusarai Block-2,BR102004,Govt. School BEG-204,2026-09,740,No,,,,,,
Bihar,Begusarai,Begusarai Block-2,BR102005,Govt. School BEG-205,2026-04,896,Yes,684.0,116.0,83.0,54.0,4.0,2.0
Bihar,Begusarai,Begusarai Block-2,BR102005,Govt. School BEG-205,2026-05,896,Yes,752.0,161.0,97.0,70.0,3.0,2.0
Bihar,Begusarai,Begusarai Block-2,BR102005,Govt. School BEG-205,2026-06,896,Yes,750.0,156.0,105.0,74.0,3.0,2.0
Bihar,Begusarai,Begusarai Block-2,BR102005,Govt. School BEG-205,2026-07,896,Yes,690.0,140.0,97.0,68.0,3.0,1.0
Bihar,Begusarai,Begusarai Block-2,BR102005,Govt. School BEG-205,2026-08,896,Yes,722.0,144.0,92.0,63.0,2.0,3.0
Bihar,Begusarai,Begusarai Block-2,BR102005,Govt. School BEG-205,2026-09,896,Yes,717.0,145.0,94.0,68.0,5.0,3.0
Bihar,Begusarai,Begusarai Block-2,BR102006,Govt. School BEG-206,2026-04,587,Yes,486.0,86.0,61.0,41.0,4.0,2.0
Bihar,Begusarai,Begusarai Block-2,BR102006,Govt. School BEG-206,2026-05,587,Yes,490.0,103.0,61.0,42.0,2.0,2.0
Bihar,Begusarai,Begusarai Block-2,BR102006,Govt. School BEG-206,2026-06,587,Yes,483.0,114.0,71.0,53.0,4.0,2.0
Bihar,Begusarai,Begusarai Block-2,BR102006,Govt. School BEG-206,2026-07,587,Yes,454.0,91.0,50.0,35.0,5.0,1.0
Bihar,Begusarai,Begusarai Block-2,BR102006,Govt. School BEG-206,2026-08,587,Yes,479.0,92.0,63.0,44.0,2.0,2.0
Bihar,Begusarai,Begusarai Block-2,BR102006,Govt. School BEG-206,2026-09,587,No,,,,,,
Bihar,Begusarai,Begusarai Block-2,BR102007,Govt. School BEG-207,2026-04,483,Yes,308.0,63.0,34.0,16.0,4.0,2.0
Bihar,Begusarai,Begusarai Block-2,BR102007,Govt. School BEG-207,2026-05,483,Yes,309.0,75.0,46.0,27.0,2.0,2.0
Bihar,Begusarai,Begusarai Block-2,BR102007,Govt. School BEG-207,2026-06,483,Yes,341.0,59.0,44.0,23.0,3.0,1.0
Bihar,Begusarai,Begusarai Block-2,BR102007,Govt. School BEG-207,2026-07,483,Yes,318.0,78.0,51.0,31.0,2.0,1.0
Bihar,Begusarai,Begusarai Block-2,BR102007,Govt. School BEG-207,2026-08,483,Yes,341.0,80.0,48.0,23.0,2.0,1.0
Bihar,Begusarai,Begusarai Block-2,BR102007,Govt. School BEG-207,2026-09,483,Yes,290.0,72.0,46.0,27.0,2.0,1.0
Bihar,Begusarai,Begusarai Block-2,BR102008,Govt. School BEG-208,2026-04,352,Yes,286.0,54.0,39.0,28.0,4.0,2.0
Bihar,Begusarai,Begusarai Block-2,BR102008,Govt. School BEG-208,2026-05,352,Yes,268.0,57.0,39.0,23.0,3.0,2.0
Bihar,Begusarai,Begusarai Block-2,BR102008,Govt. School BEG-208,2026-06,352,Yes,275.0,50.0,30.0,19.0,3.0,2.0
Bihar,Begusarai,Begusarai Block-2,BR102008,Govt. School BEG-208,2026-07,352,Yes,267.0,47.0,30.0,20.0,2.0,1.0
Bihar,Begusarai,Begusarai Block-2,BR102008,Govt. School BEG-208,2026-08,352,Yes,271.0,57.0,36.0,27.0,4.0,2.0
Bihar,Begusarai,Begusarai Block-2,BR102008,Govt. School BEG-208,2026-09,352,Yes,276.0,62.0,35.0,23.0,3.0,2.0
Bihar,Begusarai,Begusarai Block-2,BR102009,Govt. School BEG-209,2026-04,899,Yes,677.0,134.0,90.0,63.0,4.0,2.0
Bihar,Begusarai,Begusarai Block-2,BR102009,Govt. School BEG-209,2026-05,899,Yes,682.0,149.0,109.0,78.0,3.0,1.0
Bihar,Begusarai,Begusarai Block-2,BR102009,Govt. School BEG-209,2026-06,899,No,,,,,,
Bihar,Begusarai,Begusarai Block-2,BR102009,Govt. School BEG-209,2026-07,899,Yes,663.0,138.0,87.0,56.0,2.0,2.0
Bihar,Begusarai,Begusarai Block-2,BR102009,Govt. School BEG-209,2026-08,899,Yes,654.0,122.0,91.0,64.0,2.0,2.0
Bihar,Begusarai,Begusarai Block-2,BR102009,Govt. School BEG-209,2026-09,899,Yes,631.0,131.0,78.0,44.0,3.0,1.0
Bihar,Begusarai,Begusarai Block-2,BR102010,Govt. School BEG-210,2026-04,687,Yes,411.0,92.0,54.0,31.0,3.0,2.0
Bihar,Begusarai,Begusarai Block-2,BR102010,Govt. School BEG-210,2026-05,687,Yes,510.0,121.0,84.0,49.0,3.0,2.0
Bihar,Begusarai,Begusarai Block-2,BR102010,Govt. School BEG-210,2026-06,687,Yes,441.0,108.0,81.0,43.0,3.0,2.0
Bihar,Begusarai,Begusarai Block-2,BR102010,Govt. School BEG-210,2026-07,687,Yes,482.0,105.0,64.0,32.0,3.0,1.0
Bihar,Begusarai,Begusarai Block-2,BR102010,Govt. School BEG-210,2026-08,687,Yes,488.0,89.0,60.0,40.0,4.0,1.0
Bihar,Begusarai,Begusarai Block-2,BR102010,Govt. School BEG-210,2026-09,687,Yes,463.0,100.0,67.0,37.0,2.0,2.0
Bihar,Begusarai,Begusarai Block-2,BR102011,Govt. School BEG-211,2026-04,420,No,,,,,,
Bihar,Begusarai,Begusarai Block-2,BR102011,Govt. School BEG-211,2026-05,420,Yes,309.0,63.0,38.0,23.0,4.0,1.0
Bihar,Begusarai,Begusarai Block-2,BR102011,Govt. School BEG-211,2026-06,420,Yes,294.0,63.0,44.0,29.0,3.0,1.0
Bihar,Begusarai,Begusarai Block-2,BR102011,Govt. School BEG-211,2026-07,420,Yes,325.0,65.0,44.0,27.0,5.0,1.0
Bihar,Begusarai,Begusarai Block-2,BR102011,Govt. School BEG-211,2026-08,420,Yes,297.0,67.0,39.0,23.0,2.0,1.0
Bihar,Begusarai,Begusarai Block-2,BR102011,Govt. School BEG-211,2026-09,420,Yes,312.0,67.0,45.0,26.0,3.0,2.0
Bihar,Begusarai,Begusarai Block-2,BR102012,Govt. School BEG-212,2026-04,354,Yes,265.0,52.0,32.0,20.0,3.0,2.0
Bihar,Begusarai,Begusarai Block-2,BR102012,Govt. School BEG-212,2026-05,354,Yes,273.0,57.0,38.0,27.0,4.0,1.0
Bihar,Begusarai,Begusarai Block-2,BR102012,Govt. School BEG-212,2026-06,354,Yes,293.0,49.0,32.0,21.0,4.0,2.0
Bihar,Begusarai,Begusarai Block-2,BR102012,Govt. School BEG-212,2026-07,354,Yes,270.0,54.0,39.0,27.0,2.0,3.0
Bihar,Begusarai,Begusarai Block-2,BR102012,Govt. School BEG-212,2026-08,354,No,,,,,,
Bihar,Begusarai,Begusarai Block-2,BR102012,Govt. School BEG-212,2026-09,354,Yes,275.0,45.0,29.0,18.0,4.0,2.0
Bihar,Begusarai,Begusarai Block-3,BR103001,Govt. School BEG-301,2026-04,211,Yes,158.0,28.0,18.0,10.0,2.0,1.0
Bihar,Begusarai,Begusarai Block-3,BR103001,Govt. School BEG-301,2026-05,211,No,,,,,,
Bihar,Begusarai,Begusarai Block-3,BR103001,Govt. School BEG-301,2026-06,211,No,,,,,,
Bihar,Begusarai,Begusarai Block-3,BR103001,Govt. School BEG-301,2026-07,211,Yes,167.0,36.0,23.0,18.0,2.0,1.0
Bihar,Begusarai,Begusarai Block-3,BR103001,Govt. School BEG-301,2026-08,211,Yes,148.0,24.0,17.0,11.0,2.0,1.0
Bihar,Begusarai,Begusarai Block-3,BR103001,Govt. School BEG-301,2026-09,211,Yes,143.0,30.0,18.0,10.0,3.0,1.0
Bihar,Begusarai,Begusarai Block-3,BR103002,Govt. School BEG-302,2026-04,278,Yes,214.0,40.0,25.0,16.0,3.0,1.0
Bihar,Begusarai,Begusarai Block-3,BR103002,Govt. School BEG-302,2026-05,278,Yes,219.0,43.0,27.0,19.0,3.0,3.0
Bihar,Begusarai,Begusarai Block-3,BR103002,Govt. School BEG-302,2026-06,278,Yes,199.0,46.0,28.0,15.0,4.0,1.0
Bihar,Begusarai,Begusarai Block-3,BR103002,Govt. School BEG-302,2026-07,278,Yes,201.0,43.0,27.0,15.0,3.0,2.0
Bihar,Begusarai,Begusarai Block-3,BR103002,Govt. School BEG-302,2026-08,278,Yes,201.0,43.0,28.0,18.0,2.0,1.0
Bihar,Begusarai,Begusarai Block-3,BR103002,Govt. School BEG-302,2026-09,278,No,,,,,,
Bihar,Begusarai,Begusarai Block-3,BR103003,Govt. School BEG-303,2026-04,612,Yes,447.0,90.0,56.0,36.0,3.0,1.0
Bihar,Begusarai,Begusarai Block-3,BR103003,Govt. School BEG-303,2026-05,612,Yes,418.0,93.0,60.0,34.0,2.0,1.0
Bihar,Begusarai,Begusarai Block-3,BR103003,Govt. School BEG-303,2026-06,612,Yes,473.0,106.0,80.0,48.0,3.0,2.0
Bihar,Begusarai,Begusarai Block-3,BR103003,Govt. School BEG-303,2026-07,612,Yes,456.0,96.0,50.0,32.0,2.0,1.0
Bihar,Begusarai,Begusarai Block-3,BR103003,Govt. School BEG-303,2026-08,612,Yes,451.0,92.0,64.0,39.0,3.0,1.0
Bihar,Begusarai,Begusarai Block-3,BR103003,Govt. School BEG-303,2026-09,612,Yes,477.0,112.0,74.0,52.0,2.0,1.0
Bihar,Begusarai,Begusarai Block-3,BR103004,Govt. School BEG-304,2026-04,294,Yes,200.0,45.0,30.0,15.0,2.0,1.0
Bihar,Begusarai,Begusarai Block-3,BR103004,Govt. School BEG-304,2026-05,294,Yes,228.0,47.0,31.0,23.0,4.0,1.0
Bihar,Begusarai,Begusarai Block-3,BR103004,Govt. School BEG-304,2026-06,294,Yes,210.0,49.0,32.0,18.0,3.0,1.0
Bihar,Begusarai,Begusarai Block-3,BR103004,Govt. School BEG-304,2026-07,294,Yes,230.0,50.0,27.0,17.0,3.0,2.0
Bihar,Begusarai,Begusarai Block-3,BR103004,Govt. School BEG-304,2026-08,294,Yes,205.0,46.0,35.0,22.0,3.0,2.0
Bihar,Begusarai,Begusarai Block-3,BR103004,Govt. School BEG-304,2026-09,294,Yes,215.0,39.0,28.0,16.0,3.0,2.0
Bihar,Begusarai,Begusarai Block-3,BR103005,Govt. School BEG-305,2026-04,380,Yes,296.0,58.0,38.0,25.0,3.0,1.0
Bihar,Begusarai,Begusarai Block-3,BR103005,Govt. School BEG-305,2026-05,380,Yes,281.0,62.0,41.0,29.0,3.0,2.0
Bihar,Begusarai,Begusarai Block-3,BR103005,Govt. School BEG-305,2026-06,380,Yes,276.0,40.0,27.0,18.0,2.0,1.0
Bihar,Begusarai,Begusarai Block-3,BR103005,Govt. School BEG-305,2026-07,380,Yes,294.0,58.0,36.0,23.0,3.0,2.0
Bihar,Begusarai,Begusarai Block-3,BR103005,Govt. School BEG-305,2026-08,380,Yes,264.0,59.0,38.0,26.0,2.0,1.0
Bihar,Begusarai,Begusarai Block-3,BR103005,Govt. School BEG-305,2026-09,380,Yes,257.0,51.0,34.0,18.0,3.0,1.0
Bihar,Begusarai,Begusarai Block-3,BR103006,Govt. School BEG-306,2026-04,557,Yes,393.0,92.0,53.0,31.0,2.0,1.0
Bihar,Begusarai,Begusarai Block-3,BR103006,Govt. School BEG-306,2026-05,557,Yes,342.0,76.0,46.0,27.0,2.0,2.0
Bihar,Begusarai,Begusarai Block-3,BR103006,Govt. School BEG-306,2026-06,557,Yes,433.0,90.0,55.0,33.0,4.0,2.0
Bihar,Begusarai,Begusarai Block-3,BR103006,Govt. School BEG-306,2026-07,557,Yes,437.0,93.0,61.0,45.0,4.0,2.0
Bihar,Begusarai,Begusarai Block-3,BR103006,Govt. School BEG-306,2026-08,557,Yes,408.0,84.0,51.0,40.0,3.0,1.0
Bihar,Begusarai,Begusarai Block-3,BR103006,Govt. School BEG-306,2026-09,557,No,,,,,,
Bihar,Begusarai,Begusarai Block-3,BR103007,Govt. School BEG-307,2026-04,476,Yes,288.0,52.0,34.0,21.0,3.0,1.0
Bihar,Begusarai,Begusarai Block-3,BR103007,Govt. School BEG-307,2026-05,476,Yes,322.0,60.0,43.0,23.0,3.0,1.0
Bihar,Begusarai,Begusarai Block-3,BR103007,Govt. School BEG-307,2026-06,476,No,,,,,,
Bihar,Begusarai,Begusarai Block-3,BR103007,Govt. School BEG-307,2026-07,476,No,,,,,,
Bihar,Begusarai,Begusarai Block-3,BR103007,Govt. School BEG-307,2026-08,476,Yes,298.0,68.0,41.0,20.0,3.0,1.0
Bihar,Begusarai,Begusarai Block-3,BR103007,Govt. School BEG-307,2026-09,476,Yes,353.0,75.0,40.0,27.0,3.0,1.0
Bihar,Begusarai,Begusarai Block-3,BR103008,Govt. School BEG-308,2026-04,299,Yes,222.0,42.0,25.0,15.0,3.0,1.0
Bihar,Begusarai,Begusarai Block-3,BR103008,Govt. School BEG-308,2026-05,299,Yes,216.0,47.0,31.0,19.0,4.0,1.0
Bihar,Begusarai,Begusarai Block-3,BR103008,Govt. School BEG-308,2026-06,299,Yes,231.0,55.0,35.0,23.0,3.0,2.0
Bihar,Begusarai,Begusarai Block-3,BR103008,Govt. School BEG-308,2026-07,299,No,,,,,,
Bihar,Begusarai,Begusarai Block-3,BR103008,Govt. School BEG-308,2026-08,299,Yes,209.0,46.0,27.0,14.0,3.0,2.0
Bihar,Begusarai,Begusarai Block-3,BR103008,Govt. School BEG-308,2026-09,299,Yes,223.0,46.0,29.0,17.0,3.0,1.0
Bihar,Begusarai,Begusarai Block-3,BR103009,Govt. School BEG-309,2026-04,405,Yes,330.0,63.0,41.0,30.0,2.0,2.0
Bihar,Begusarai,Begusarai Block-3,BR103009,Govt. School BEG-309,2026-05,405,Yes,315.0,59.0,39.0,29.0,2.0,1.0
Bihar,Begusarai,Begusarai Block-3,BR103009,Govt. School BEG-309,2026-06,405,Yes,346.0,72.0,45.0,37.0,3.0,2.0
Bihar,Begusarai,Begusarai Block-3,BR103009,Govt. School BEG-309,2026-07,405,Yes,308.0,56.0,35.0,23.0,3.0,2.0
Bihar,Begusarai,Begusarai Block-3,BR103009,Govt. School BEG-309,2026-08,405,Yes,323.0,69.0,49.0,36.0,4.0,1.0
Bihar,Begusarai,Begusarai Block-3,BR103009,Govt. School BEG-309,2026-09,405,Yes,331.0,78.0,44.0,29.0,3.0,1.0
Bihar,Begusarai,Begusarai Block-3,BR103010,Govt. School BEG-310,2026-04,807,Yes,597.0,139.0,98.0,66.0,3.0,1.0
Bihar,Begusarai,Begusarai Block-3,BR103010,Govt. School BEG-310,2026-05,807,No,,,,,,
Bihar,Begusarai,Begusarai Block-3,BR103010,Govt. School BEG-310,2026-06,807,Yes,637.0,126.0,90.0,59.0,3.0,2.0
Bihar,Begusarai,Begusarai Block-3,BR103010,Govt. School BEG-310,2026-07,807,Yes,645.0,131.0,85.0,57.0,4.0,1.0
Bihar,Begusarai,Begusarai Block-3,BR103010,Govt. School BEG-310,2026-08,807,Yes,640.0,125.0,89.0,61.0,2.0,2.0
Bihar,Begusarai,Begusarai Block-3,BR103010,Govt. School BEG-310,2026-09,807,Yes,650.0,110.0,79.0,56.0,4.0,1.0
Bihar,Begusarai,Begusarai Block-3,BR103011,Govt. School BEG-311,2026-04,571,Yes,409.0,96.0,64.0,43.0,2.0,3.0
Bihar,Begusarai,Begusarai Block-3,BR103011,Govt. School BEG-311,2026-05,571,Yes,410.0,79.0,54.0,33.0,4.0,1.0
Bihar,Begusarai,Begusarai Block-3,BR103011,Govt. School BEG-311,2026-06,571,Yes,451.0,95.0,61.0,44.0,4.0,1.0
Bihar,Begusarai,Begusarai Block-3,BR103011,Govt. School BEG-311,2026-07,571,Yes,413.0,80.0,44.0,29.0,2.0,2.0
Bihar,Begusarai,Begusarai Block-3,BR103011,Govt. School BEG-311,2026-08,571,Yes,431.0,107.0,66.0,45.0,3.0,1.0
Bihar,Begusarai,Begusarai Block-3,BR103011,Govt. School BEG-311,2026-09,571,Yes,412.0,79.0,56.0,36.0,3.0,2.0
Bihar,Begusarai,Begusarai Block-3,BR103012,Govt. School BEG-312,2026-04,717,No,,,,,,
Bihar,Begusarai,Begusarai Block-3,BR103012,Govt. School BEG-312,2026-05,717,Yes,548.0,113.0,70.0,49.0,3.0,1.0
Bihar,Begusarai,Begusarai Block-3,BR103012,Govt. School BEG-312,2026-06,717,Yes,568.0,114.0,67.0,45.0,2.0,2.0
Bihar,Begusarai,Begusarai Block-3,BR103012,Govt. School BEG-312,2026-07,717,Yes,570.0,103.0,79.0,55.0,4.0,1.0
Bihar,Begusarai,Begusarai Block-3,BR103012,Govt. School BEG-312,2026-08,717,Yes,542.0,99.0,69.0,49.0,2.0,1.0
Bihar,Begusarai,Begusarai Block-3,BR103012,Govt. School BEG-312,2026-09,717,Yes,563.0,115.0,66.0,55.0,3.0,2.0
Bihar,Rohtas,Rohtas Block-1,BR111001,Govt. School ROH-101,2026-04,395,Yes,304.0,60.0,40.0,26.0,4.0,1.0
Bihar,Rohtas,Rohtas Block-1,BR111001,Govt. School ROH-101,2026-05,395,Yes,309.0,46.0,33.0,22.0,3.0,1.0
Bihar,Rohtas,Rohtas Block-1,BR111001,Govt. School ROH-101,2026-06,395,Yes,329.0,57.0,39.0,29.0,3.0,2.0
Bihar,Rohtas,Rohtas Block-1,BR111001,Govt. School ROH-101,2026-07,395,Yes,328.0,60.0,38.0,27.0,3.0,1.0
Bihar,Rohtas,Rohtas Block-1,BR111001,Govt. School ROH-101,2026-08,395,Yes,314.0,52.0,31.0,20.0,4.0,1.0
Bihar,Rohtas,Rohtas Block-1,BR111001,Govt. School ROH-101,2026-09,395,Yes,330.0,69.0,42.0,29.0,2.0,2.0
Bihar,Rohtas,Rohtas Block-1,BR111002,Govt. School ROH-102,2026-04,347,Yes,270.0,54.0,35.0,22.0,3.0,2.0
Bihar,Rohtas,Rohtas Block-1,BR111002,Govt. School ROH-102,2026-05,347,Yes,311.0,58.0,40.0,37.0,4.0,2.0
Bihar,Rohtas,Rohtas Block-1,BR111002,Govt. School ROH-102,2026-06,347,Yes,303.0,61.0,33.0,25.0,3.0,1.0
Bihar,Rohtas,Rohtas Block-1,BR111002,Govt. School ROH-102,2026-07,347,No,,,,,,
Bihar,Rohtas,Rohtas Block-1,BR111002,Govt. School ROH-102,2026-08,347,Yes,303.0,55.0,35.0,25.0,3.0,1.0
Bihar,Rohtas,Rohtas Block-1,BR111002,Govt. School ROH-102,2026-09,347,Yes,306.0,52.0,34.0,26.0,3.0,2.0
Bihar,Rohtas,Rohtas Block-1,BR111003,Govt. School ROH-103,2026-04,213,Yes,197.0,40.0,25.0,18.0,3.0,1.0
Bihar,Rohtas,Rohtas Block-1,BR111003,Govt. School ROH-103,2026-05,213,Yes,192.0,32.0,20.0,15.0,5.0,1.0
Bihar,Rohtas,Rohtas Block-1,BR111003,Govt. School ROH-103,2026-06,213,Yes,186.0,30.0,19.0,15.0,3.0,2.0
Bihar,Rohtas,Rohtas Block-1,BR111003,Govt. School ROH-103,2026-07,213,Yes,206.0,33.0,21.0,19.0,3.0,2.0
Bihar,Rohtas,Rohtas Block-1,BR111003,Govt. School ROH-103,2026-08,213,Yes,205.0,39.0,27.0,20.0,5.0,2.0
Bihar,Rohtas,Rohtas Block-1,BR111003,Govt. School ROH-103,2026-09,213,Yes,200.0,33.0,22.0,19.0,4.0,1.0
Bihar,Rohtas,Rohtas Block-1,BR111004,Govt. School ROH-104,2026-04,498,Yes,425.0,77.0,48.0,37.0,3.0,1.0
Bihar,Rohtas,Rohtas Block-1,BR111004,Govt. School ROH-104,2026-05,498,Yes,431.0,91.0,65.0,51.0,3.0,1.0
Bihar,Rohtas,Rohtas Block-1,BR111004,Govt. School ROH-104,2026-06,498,Yes,391.0,76.0,49.0,32.0,2.0,1.0
Bihar,Rohtas,Rohtas Block-1,BR111004,Govt. School ROH-104,2026-07,498,Yes,403.0,78.0,46.0,32.0,3.0,1.0
Bihar,Rohtas,Rohtas Block-1,BR111004,Govt. School ROH-104,2026-08,498,Yes,428.0,70.0,43.0,33.0,4.0,2.0
Bihar,Rohtas,Rohtas Block-1,BR111004,Govt. School ROH-104,2026-09,498,Yes,411.0,78.0,51.0,38.0,5.0,1.0
Bihar,Rohtas,Rohtas Block-1,BR111005,Govt. School ROH-105,2026-04,199,Yes,166.0,30.0,21.0,16.0,3.0,2.0
Bihar,Rohtas,Rohtas Block-1,BR111005,Govt. School ROH-105,2026-05,199,Yes,158.0,32.0,19.0,11.0,3.0,2.0
Bihar,Rohtas,Rohtas Block-1,BR111005,Govt. School ROH-105,2026-06,199,Yes,168.0,30.0,20.0,14.0,3.0,2.0
Bihar,Rohtas,Rohtas Block-1,BR111005,Govt. School ROH-105,2026-07,199,Yes,164.0,33.0,22.0,17.0,3.0,2.0
Bihar,Rohtas,Rohtas Block-1,BR111005,Govt. School ROH-105,2026-08,199,Yes,159.0,30.0,18.0,13.0,3.0,2.0
Bihar,Rohtas,Rohtas Block-1,BR111005,Govt. School ROH-105,2026-09,199,Yes,168.0,33.0,21.0,15.0,3.0,2.0
Bihar,Rohtas,Rohtas Block-1,BR111006,Govt. School ROH-106,2026-04,313,Yes,286.0,46.0,31.0,23.0,2.0,2.0
Bihar,Rohtas,Rohtas Block-1,BR111006,Govt. School ROH-106,2026-05,313,Yes,255.0,42.0,30.0,22.0,4.0,2.0
Bihar,Rohtas,Rohtas Block-1,BR111006,Govt. School ROH-106,2026-06,313,Yes,270.0,51.0,32.0,25.0,3.0,2.0
Bihar,Rohtas,Rohtas Block-1,BR111006,Govt. School ROH-106,2026-07,313,Yes,284.0,43.0,30.0,23.0,4.0,1.0
Bihar,Rohtas,Rohtas Block-1,BR111006,Govt. School ROH-106,2026-08,313,Yes,268.0,42.0,23.0,15.0,3.0,2.0
Bihar,Rohtas,Rohtas Block-1,BR111006,Govt. School ROH-106,2026-09,313,Yes,297.0,51.0,29.0,24.0,3.0,2.0
Bihar,Rohtas,Rohtas Block-1,BR111007,Govt. School ROH-107,2026-04,360,Yes,317.0,57.0,42.0,31.0,3.0,2.0
Bihar,Rohtas,Rohtas Block-1,BR111007,Govt. School ROH-107,2026-05,360,Yes,306.0,63.0,38.0,26.0,4.0,2.0
Bihar,Rohtas,Rohtas Block-1,BR111007,Govt. School ROH-107,2026-06,360,Yes,316.0,56.0,38.0,28.0,3.0,1.0
Bihar,Rohtas,Rohtas Block-1,BR111007,Govt. School ROH-107,2026-07,360,Yes,302.0,50.0,31.0,23.0,3.0,1.0
Bihar,Rohtas,Rohtas Block-1,BR111007,Govt. School ROH-107,2026-08,360,Yes,317.0,46.0,30.0,25.0,5.0,2.0
Bihar,Rohtas,Rohtas Block-1,BR111007,Govt. School ROH-107,2026-09,360,Yes,324.0,53.0,35.0,25.0,3.0,1.0
Bihar,Rohtas,Rohtas Block-1,BR111008,Govt. School ROH-108,2026-04,646,Yes,464.0,102.0,71.0,42.0,2.0,2.0
Bihar,Rohtas,Rohtas Block-1,BR111008,Govt. School ROH-108,2026-05,646,Yes,490.0,111.0,70.0,41.0,3.0,2.0
Bihar,Rohtas,Rohtas Block-1,BR111008,Govt. School ROH-108,2026-06,646,Yes,481.0,84.0,62.0,34.0,2.0,1.0
Bihar,Rohtas,Rohtas Block-1,BR111008,Govt. School ROH-108,2026-07,646,Yes,458.0,97.0,60.0,31.0,4.0,2.0
Bihar,Rohtas,Rohtas Block-1,BR111008,Govt. School ROH-108,2026-08,646,Yes,526.0,99.0,61.0,47.0,4.0,2.0
Bihar,Rohtas,Rohtas Block-1,BR111008,Govt. School ROH-108,2026-09,646,Yes,498.0,112.0,76.0,53.0,3.0,1.0
Bihar,Rohtas,Rohtas Block-1,BR111009,Govt. School ROH-109,2026-04,306,Yes,252.0,51.0,32.0,24.0,2.0,2.0
Bihar,Rohtas,Rohtas Block-1,BR111009,Govt. School ROH-109,2026-05,306,Yes,247.0,51.0,30.0,24.0,5.0,2.0
Bihar,Rohtas,Rohtas Block-1,BR111009,Govt. School ROH-109,2026-06,306,Yes,255.0,48.0,28.0,18.0,4.0,2.0
Bihar,Rohtas,Rohtas Block-1,BR111009,Govt. School ROH-109,2026-07,306,Yes,252.0,40.0,28.0,16.0,2.0,2.0
Bihar,Rohtas,Rohtas Block-1,BR111009,Govt. School ROH-109,2026-08,306,Yes,263.0,44.0,32.0,24.0,3.0,0.0
Bihar,Rohtas,Rohtas Block-1,BR111009,Govt. School ROH-109,2026-09,306,Yes,273.0,50.0,39.0,31.0,3.0,2.0
Bihar,Rohtas,Rohtas Block-1,BR111010,Govt. School ROH-110,2026-04,239,Yes,197.0,24.0,17.0,11.0,4.0,2.0
Bihar,Rohtas,Rohtas Block-1,BR111010,Govt. School ROH-110,2026-05,239,Yes,216.0,43.0,25.0,19.0,3.0,2.0
Bihar,Rohtas,Rohtas Block-1,BR111010,Govt. School ROH-110,2026-06,239,Yes,215.0,42.0,30.0,24.0,4.0,2.0
Bihar,Rohtas,Rohtas Block-1,BR111010,Govt. School ROH-110,2026-07,239,Yes,213.0,36.0,25.0,18.0,3.0,2.0
Bihar,Rohtas,Rohtas Block-1,BR111010,Govt. School ROH-110,2026-08,239,Yes,217.0,42.0,30.0,27.0,3.0,2.0
Bihar,Rohtas,Rohtas Block-1,BR111010,Govt. School ROH-110,2026-09,239,Yes,220.0,31.0,20.0,13.0,5.0,2.0
Bihar,Rohtas,Rohtas Block-1,BR111011,Govt. School ROH-111,2026-04,184,Yes,164.0,23.0,17.0,13.0,4.0,2.0
Bihar,Rohtas,Rohtas Block-1,BR111011,Govt. School ROH-111,2026-05,184,Yes,161.0,26.0,18.0,14.0,3.0,3.0
Bihar,Rohtas,Rohtas Block-1,BR111011,Govt. School ROH-111,2026-06,184,Yes,157.0,23.0,16.0,13.0,3.0,1.0
Bihar,Rohtas,Rohtas Block-1,BR111011,Govt. School ROH-111,2026-07,184,Yes,152.0,30.0,21.0,15.0,3.0,2.0
Bihar,Rohtas,Rohtas Block-1,BR111011,Govt. School ROH-111,2026-08,184,Yes,170.0,26.0,19.0,16.0,5.0,1.0
Bihar,Rohtas,Rohtas Block-1,BR111011,Govt. School ROH-111,2026-09,184,Yes,160.0,30.0,17.0,13.0,3.0,2.0
Bihar,Rohtas,Rohtas Block-1,BR111012,Govt. School ROH-112,2026-04,864,Yes,729.0,138.0,91.0,62.0,3.0,3.0
Bihar,Rohtas,Rohtas Block-1,BR111012,Govt. School ROH-112,2026-05,864,Yes,777.0,126.0,85.0,62.0,4.0,2.0
Bihar,Rohtas,Rohtas Block-1,BR111012,Govt. School ROH-112,2026-06,864,Yes,786.0,156.0,108.0,85.0,4.0,1.0
Bihar,Rohtas,Rohtas Block-1,BR111012,Govt. School ROH-112,2026-07,864,Yes,771.0,144.0,96.0,70.0,5.0,2.0
Bihar,Rohtas,Rohtas Block-1,BR111012,Govt. School ROH-112,2026-08,864,Yes,768.0,146.0,95.0,70.0,4.0,1.0
Bihar,Rohtas,Rohtas Block-1,BR111012,Govt. School ROH-112,2026-09,864,Yes,810.0,128.0,90.0,78.0,4.0,2.0
Bihar,Rohtas,Rohtas Block-2,BR112001,Govt. School ROH-201,2026-04,351,Yes,280.0,53.0,33.0,24.0,3.0,2.0
Bihar,Rohtas,Rohtas Block-2,BR112001,Govt. School ROH-201,2026-05,351,No,,,,,,
Bihar,Rohtas,Rohtas Block-2,BR112001,Govt. School ROH-201,2026-06,351,Yes,266.0,53.0,40.0,25.0,3.0,1.0
Bihar,Rohtas,Rohtas Block-2,BR112001,Govt. School ROH-201,2026-07,351,Yes,293.0,63.0,39.0,26.0,4.0,2.0
Bihar,Rohtas,Rohtas Block-2,BR112001,Govt. School ROH-201,2026-08,351,Yes,301.0,53.0,31.0,23.0,3.0,2.0
Bihar,Rohtas,Rohtas Block-2,BR112001,Govt. School ROH-201,2026-09,351,Yes,260.0,52.0,35.0,22.0,4.0,3.0
Bihar,Rohtas,Rohtas Block-2,BR112002,Govt. School ROH-202,2026-04,728,Yes,626.0,104.0,71.0,50.0,4.0,3.0
Bihar,Rohtas,Rohtas Block-2,BR112002,Govt. School ROH-202,2026-05,728,Yes,538.0,122.0,77.0,57.0,3.0,1.0
Bihar,Rohtas,Rohtas Block-2,BR112002,Govt. School ROH-202,2026-06,728,Yes,605.0,106.0,74.0,53.0,3.0,2.0
Bihar,Rohtas,Rohtas Block-2,BR112002,Govt. School ROH-202,2026-07,728,Yes,626.0,97.0,63.0,49.0,4.0,2.0
Bihar,Rohtas,Rohtas Block-2,BR112002,Govt. School ROH-202,2026-08,728,Yes,560.0,107.0,68.0,48.0,3.0,1.0
Bihar,Rohtas,Rohtas Block-2,BR112002,Govt. School ROH-202,2026-09,728,Yes,638.0,115.0,84.0,64.0,3.0,2.0
Bihar,Rohtas,Rohtas Block-2,BR112003,Govt. School ROH-203,2026-04,192,Yes,139.0,32.0,21.0,13.0,3.0,2.0
Bihar,Rohtas,Rohtas Block-2,BR112003,Govt. School ROH-203,2026-05,192,Yes,135.0,27.0,16.0,9.0,3.0,1.0
Bihar,Rohtas,Rohtas Block-2,BR112003,Govt. School ROH-203,2026-06,192,Yes,138.0,32.0,18.0,11.0,3.0,1.0
Bihar,Rohtas,Rohtas Block-2,BR112003,Govt. School ROH-203,2026-07,192,Yes,153.0,31.0,19.0,14.0,4.0,2.0
Bihar,Rohtas,Rohtas Block-2,BR112003,Govt. School ROH-203,2026-08,192,Yes,139.0,24.0,16.0,9.0,2.0,1.0
Bihar,Rohtas,Rohtas Block-2,BR112003,Govt. School ROH-203,2026-09,192,Yes,141.0,24.0,14.0,8.0,3.0,0.0
Bihar,Rohtas,Rohtas Block-2,BR112004,Govt. School ROH-204,2026-04,207,Yes,178.0,35.0,24.0,18.0,3.0,2.0
Bihar,Rohtas,Rohtas Block-2,BR112004,Govt. School ROH-204,2026-05,207,Yes,163.0,29.0,16.0,12.0,3.0,2.0
Bihar,Rohtas,Rohtas Block-2,BR112004,Govt. School ROH-204,2026-06,207,Yes,171.0,33.0,22.0,15.0,3.0,2.0
Bihar,Rohtas,Rohtas Block-2,BR112004,Govt. School ROH-204,2026-07,207,No,,,,,,
Bihar,Rohtas,Rohtas Block-2,BR112004,Govt. School ROH-204,2026-08,207,No,,,,,,
Bihar,Rohtas,Rohtas Block-2,BR112004,Govt. School ROH-204,2026-09,207,Yes,183.0,33.0,23.0,19.0,4.0,1.0
Bihar,Rohtas,Rohtas Block-2,BR112005,Govt. School ROH-205,2026-04,290,No,,,,,,
Bihar,Rohtas,Rohtas Block-2,BR112005,Govt. School ROH-205,2026-05,290,Yes,252.0,40.0,25.0,18.0,5.0,2.0
Bihar,Rohtas,Rohtas Block-2,BR112005,Govt. School ROH-205,2026-06,290,Yes,285.0,40.0,25.0,22.0,4.0,2.0
Bihar,Rohtas,Rohtas Block-2,BR112005,Govt. School ROH-205,2026-07,290,Yes,277.0,47.0,37.0,28.0,3.0,2.0
Bihar,Rohtas,Rohtas Block-2,BR112005,Govt. School ROH-205,2026-08,290,Yes,264.0,49.0,38.0,31.0,4.0,2.0
Bihar,Rohtas,Rohtas Block-2,BR112005,Govt. School ROH-205,2026-09,290,Yes,274.0,45.0,26.0,19.0,4.0,1.0
Bihar,Rohtas,Rohtas Block-2,BR112006,Govt. School ROH-206,2026-04,360,Yes,360.0,56.0,33.0,29.0,3.0,2.0
Bihar,Rohtas,Rohtas Block-2,BR112006,Govt. School ROH-206,2026-05,360,Yes,344.0,53.0,34.0,28.0,2.0,3.0
Bihar,Rohtas,Rohtas Block-2,BR112006,Govt. School ROH-206,2026-06,360,Yes,310.0,59.0,39.0,31.0,5.0,2.0
Bihar,Rohtas,Rohtas Block-2,BR112006,Govt. School ROH-206,2026-07,360,Yes,336.0,55.0,41.0,32.0,4.0,2.0
Bihar,Rohtas,Rohtas Block-2,BR112006,Govt. School ROH-206,2026-08,360,Yes,356.0,50.0,34.0,31.0,4.0,2.0
Bihar,Rohtas,Rohtas Block-2,BR112006,Govt. School ROH-206,2026-09,360,No,,,,,,
Bihar,Rohtas,Rohtas Block-2,BR112007,Govt. School ROH-207,2026-04,741,Yes,708.0,112.0,69.0,59.0,4.0,2.0
Bihar,Rohtas,Rohtas Block-2,BR112007,Govt. School ROH-207,2026-05,741,Yes,738.0,130.0,93.0,79.0,4.0,2.0
Bihar,Rohtas,Rohtas Block-2,BR112007,Govt. School ROH-207,2026-06,741,Yes,699.0,105.0,63.0,55.0,4.0,3.0
Bihar,Rohtas,Rohtas Block-2,BR112007,Govt. School ROH-207,2026-07,741,Yes,734.0,138.0,94.0,83.0,5.0,2.0
Bihar,Rohtas,Rohtas Block-2,BR112007,Govt. School ROH-207,2026-08,741,Yes,705.0,115.0,72.0,61.0,4.0,1.0
Bihar,Rohtas,Rohtas Block-2,BR112007,Govt. School ROH-207,2026-09,741,Yes,700.0,103.0,75.0,69.0,4.0,2.0
Bihar,Rohtas,Rohtas Block-2,BR112008,Govt. School ROH-208,2026-04,256,No,,,,,,
Bihar,Rohtas,Rohtas Block-2,BR112008,Govt. School ROH-208,2026-05,256,Yes,212.0,47.0,29.0,20.0,4.0,2.0
Bihar,Rohtas,Rohtas Block-2,BR112008,Govt. School ROH-208,2026-06,256,Yes,206.0,47.0,24.0,17.0,2.0,2.0
Bihar,Rohtas,Rohtas Block-2,BR112008,Govt. School ROH-208,2026-07,256,Yes,210.0,40.0,25.0,19.0,3.0,2.0
Bihar,Rohtas,Rohtas Block-2,BR112008,Govt. School ROH-208,2026-08,256,Yes,227.0,43.0,28.0,21.0,3.0,3.0
Bihar,Rohtas,Rohtas Block-2,BR112008,Govt. School ROH-208,2026-09,256,Yes,220.0,38.0,28.0,18.0,4.0,2.0
Bihar,Rohtas,Rohtas Block-2,BR112009,Govt. School ROH-209,2026-04,691,Yes,548.0,123.0,76.0,51.0,4.0,1.0
Bihar,Rohtas,Rohtas Block-2,BR112009,Govt. School ROH-209,2026-05,691,Yes,549.0,104.0,69.0,48.0,3.0,1.0
Bihar,Rohtas,Rohtas Block-2,BR112009,Govt. School ROH-209,2026-06,691,Yes,627.0,101.0,72.0,53.0,4.0,1.0
Bihar,Rohtas,Rohtas Block-2,BR112009,Govt. School ROH-209,2026-07,691,Yes,561.0,118.0,84.0,61.0,4.0,1.0
Bihar,Rohtas,Rohtas Block-2,BR112009,Govt. School ROH-209,2026-08,691,Yes,548.0,112.0,71.0,43.0,2.0,1.0
Bihar,Rohtas,Rohtas Block-2,BR112009,Govt. School ROH-209,2026-09,691,Yes,550.0,90.0,61.0,44.0,4.0,1.0
Bihar,Rohtas,Rohtas Block-2,BR112010,Govt. School ROH-210,2026-04,491,No,,,,,,
Bihar,Rohtas,Rohtas Block-2,BR112010,Govt. School ROH-210,2026-05,491,Yes,428.0,84.0,55.0,42.0,3.0,1.0
Bihar,Rohtas,Rohtas Block-2,BR112010,Govt. School ROH-210,2026-06,491,Yes,434.0,82.0,50.0,34.0,3.0,1.0
Bihar,Rohtas,Rohtas Block-2,BR112010,Govt. School ROH-210,2026-07,491,Yes,431.0,91.0,59.0,45.0,5.0,2.0
Bihar,Rohtas,Rohtas Block-2,BR112010,Govt. School ROH-210,2026-08,491,Yes,430.0,74.0,46.0,35.0,2.0,2.0
Bihar,Rohtas,Rohtas Block-2,BR112010,Govt. School ROH-210,2026-09,491,Yes,414.0,87.0,58.0,44.0,3.0,2.0
Bihar,Rohtas,Rohtas Block-2,BR112011,Govt. School ROH-211,2026-04,835,Yes,806.0,119.0,67.0,57.0,4.0,3.0
Bihar,Rohtas,Rohtas Block-2,BR112011,Govt. School ROH-211,2026-05,835,Yes,823.0,158.0,97.0,88.0,4.0,2.0
Bihar,Rohtas,Rohtas Block-2,BR112011,Govt. School ROH-211,2026-06,835,Yes,811.0,127.0,92.0,88.0,3.0,2.0
Bihar,Rohtas,Rohtas Block-2,BR112011,Govt. School ROH-211,2026-07,835,Yes,808.0,165.0,97.0,85.0,4.0,2.0
Bihar,Rohtas,Rohtas Block-2,BR112011,Govt. School ROH-211,2026-08,835,Yes,832.0,116.0,89.0,85.0,4.0,2.0
Bihar,Rohtas,Rohtas Block-2,BR112011,Govt. School ROH-211,2026-09,835,Yes,806.0,141.0,96.0,79.0,4.0,1.0
Bihar,Rohtas,Rohtas Block-2,BR112012,Govt. School ROH-212,2026-04,727,Yes,571.0,124.0,66.0,48.0,4.0,1.0
Bihar,Rohtas,Rohtas Block-2,BR112012,Govt. School ROH-212,2026-05,727,Yes,602.0,125.0,73.0,55.0,2.0,2.0
Bihar,Rohtas,Rohtas Block-2,BR112012,Govt. School ROH-212,2026-06,727,Yes,631.0,118.0,76.0,57.0,4.0,2.0
Bihar,Rohtas,Rohtas Block-2,BR112012,Govt. School ROH-212,2026-07,727,Yes,596.0,105.0,61.0,42.0,3.0,2.0
Bihar,Rohtas,Rohtas Block-2,BR112012,Govt. School ROH-212,2026-08,727,Yes,629.0,106.0,75.0,54.0,4.0,2.0
Bihar,Rohtas,Rohtas Block-2,BR112012,Govt. School ROH-212,2026-09,727,Yes,626.0,120.0,79.0,57.0,3.0,2.0
Bihar,Rohtas,Rohtas Block-3,BR113001,Govt. School ROH-301,2026-04,519,Yes,425.0,81.0,43.0,30.0,3.0,2.0
Bihar,Rohtas,Rohtas Block-3,BR113001,Govt. School ROH-301,2026-05,519,Yes,426.0,87.0,49.0,32.0,4.0,2.0
Bihar,Rohtas,Rohtas Block-3,BR113001,Govt. School ROH-301,2026-06,519,Yes,432.0,79.0,56.0,40.0,4.0,2.0
Bihar,Rohtas,Rohtas Block-3,BR113001,Govt. School ROH-301,2026-07,519,Yes,438.0,78.0,43.0,31.0,4.0,1.0
Bihar,Rohtas,Rohtas Block-3,BR113001,Govt. School ROH-301,2026-08,519,Yes,413.0,81.0,50.0,33.0,2.0,2.0
Bihar,Rohtas,Rohtas Block-3,BR113001,Govt. School ROH-301,2026-09,519,Yes,427.0,87.0,51.0,39.0,2.0,1.0
Bihar,Rohtas,Rohtas Block-3,BR113002,Govt. School ROH-302,2026-04,189,Yes,161.0,30.0,20.0,15.0,3.0,2.0
Bihar,Rohtas,Rohtas Block-3,BR113002,Govt. School ROH-302,2026-05,189,Yes,159.0,34.0,23.0,17.0,3.0,2.0
Bihar,Rohtas,Rohtas Block-3,BR113002,Govt. School ROH-302,2026-06,189,Yes,163.0,31.0,20.0,14.0,4.0,2.0
Bihar,Rohtas,Rohtas Block-3,BR113002,Govt. School ROH-302,2026-07,189,No,,,,,,
Bihar,Rohtas,Rohtas Block-3,BR113002,Govt. School ROH-302,2026-08,189,Yes,174.0,32.0,17.0,14.0,5.0,1.0
Bihar,Rohtas,Rohtas Block-3,BR113002,Govt. School ROH-302,2026-09,189,Yes,168.0,34.0,24.0,19.0,3.0,3.0
Bihar,Rohtas,Rohtas Block-3,BR113003,Govt. School ROH-303,2026-04,268,Yes,216.0,42.0,28.0,18.0,4.0,1.0
Bihar,Rohtas,Rohtas Block-3,BR113003,Govt. School ROH-303,2026-05,268,Yes,226.0,43.0,33.0,22.0,5.0,2.0
Bihar,Rohtas,Rohtas Block-3,BR113003,Govt. School ROH-303,2026-06,268,Yes,202.0,35.0,20.0,13.0,3.0,2.0
Bihar,Rohtas,Rohtas Block-3,BR113003,Govt. School ROH-303,2026-07,268,Yes,232.0,43.0,24.0,17.0,4.0,2.0
Bihar,Rohtas,Rohtas Block-3,BR113003,Govt. School ROH-303,2026-08,268,No,,,,,,
Bihar,Rohtas,Rohtas Block-3,BR113003,Govt. School ROH-303,2026-09,268,Yes,224.0,41.0,23.0,16.0,4.0,1.0
Bihar,Rohtas,Rohtas Block-3,BR113004,Govt. School ROH-304,2026-04,545,Yes,418.0,76.0,51.0,35.0,4.0,3.0
Bihar,Rohtas,Rohtas Block-3,BR113004,Govt. School ROH-304,2026-05,545,Yes,424.0,88.0,57.0,43.0,4.0,2.0
Bihar,Rohtas,Rohtas Block-3,BR113004,Govt. School ROH-304,2026-06,545,Yes,418.0,95.0,56.0,43.0,3.0,1.0
Bihar,Rohtas,Rohtas Block-3,BR113004,Govt. School ROH-304,2026-07,545,Yes,426.0,85.0,55.0,41.0,3.0,1.0
Bihar,Rohtas,Rohtas Block-3,BR113004,Govt. School ROH-304,2026-08,545,Yes,434.0,92.0,54.0,35.0,3.0,1.0
Bihar,Rohtas,Rohtas Block-3,BR113004,Govt. School ROH-304,2026-09,545,Yes,421.0,73.0,42.0,29.0,1.0,2.0
Bihar,Rohtas,Rohtas Block-3,BR113005,Govt. School ROH-305,2026-04,821,Yes,770.0,135.0,85.0,73.0,4.0,2.0
Bihar,Rohtas,Rohtas Block-3,BR113005,Govt. School ROH-305,2026-05,821,Yes,808.0,141.0,88.0,70.0,3.0,2.0
Bihar,Rohtas,Rohtas Block-3,BR113005,Govt. School ROH-305,2026-06,821,Yes,812.0,111.0,77.0,74.0,3.0,1.0
Bihar,Rohtas,Rohtas Block-3,BR113005,Govt. School ROH-305,2026-07,821,Yes,780.0,129.0,83.0,67.0,4.0,2.0
Bihar,Rohtas,Rohtas Block-3,BR113005,Govt. School ROH-305,2026-08,821,Yes,821.0,112.0,81.0,67.0,4.0,2.0
Bihar,Rohtas,Rohtas Block-3,BR113005,Govt. School ROH-305,2026-09,821,Yes,778.0,147.0,109.0,88.0,4.0,2.0
Bihar,Rohtas,Rohtas Block-3,BR113006,Govt. School ROH-306,2026-04,609,Yes,482.0,96.0,61.0,41.0,3.0,2.0
Bihar,Rohtas,Rohtas Block-3,BR113006,Govt. School ROH-306,2026-05,609,Yes,494.0,101.0,68.0,45.0,3.0,2.0
Bihar,Rohtas,Rohtas Block-3,BR113006,Govt. School ROH-306,2026-06,609,Yes,510.0,106.0,65.0,42.0,3.0,1.0
Bihar,Rohtas,Rohtas Block-3,BR113006,Govt. School ROH-306,2026-07,609,Yes,519.0,98.0,65.0,51.0,4.0,2.0
Bihar,Rohtas,Rohtas Block-3,BR113006,Govt. School ROH-306,2026-08,609,Yes,439.0,86.0,56.0,38.0,4.0,1.0
Bihar,Rohtas,Rohtas Block-3,BR113006,Govt. School ROH-306,2026-09,609,Yes,493.0,92.0,53.0,35.0,5.0,1.0
Bihar,Rohtas,Rohtas Block-3,BR113007,Govt. School ROH-307,2026-04,839,Yes,700.0,144.0,93.0,66.0,3.0,2.0
Bihar,Rohtas,Rohtas Block-3,BR113007,Govt. School ROH-307,2026-05,839,Yes,760.0,141.0,89.0,67.0,3.0,2.0
Bihar,Rohtas,Rohtas Block-3,BR113007,Govt. School ROH-307,2026-06,839,Yes,722.0,134.0,72.0,53.0,4.0,1.0
Bihar,Rohtas,Rohtas Block-3,BR113007,Govt. School ROH-307,2026-07,839,No,,,,,,
Bihar,Rohtas,Rohtas Block-3,BR113007,Govt. School ROH-307,2026-08,839,Yes,683.0,123.0,80.0,56.0,4.0,2.0
Bihar,Rohtas,Rohtas Block-3,BR113007,Govt. School ROH-307,2026-09,839,Yes,802.0,145.0,89.0,72.0,3.0,1.0
Bihar,Rohtas,Rohtas Block-3,BR113008,Govt. School ROH-308,2026-04,890,Yes,810.0,147.0,105.0,85.0,4.0,2.0
Bihar,Rohtas,Rohtas Block-3,BR113008,Govt. School ROH-308,2026-05,890,Yes,781.0,113.0,77.0,63.0,4.0,2.0
Bihar,Rohtas,Rohtas Block-3,BR113008,Govt. School ROH-308,2026-06,890,Yes,837.0,130.0,91.0,76.0,3.0,2.0
Bihar,Rohtas,Rohtas Block-3,BR113008,Govt. School ROH-308,2026-07,890,Yes,719.0,125.0,84.0,67.0,3.0,3.0
Bihar,Rohtas,Rohtas Block-3,BR113008,Govt. School ROH-308,2026-08,890,Yes,874.0,109.0,82.0,67.0,6.0,2.0
Bihar,Rohtas,Rohtas Block-3,BR113008,Govt. School ROH-308,2026-09,890,Yes,760.0,141.0,75.0,57.0,1.0,1.0
Bihar,Rohtas,Rohtas Block-3,BR113009,Govt. School ROH-309,2026-04,724,Yes,674.0,115.0,75.0,60.0,4.0,2.0
Bihar,Rohtas,Rohtas Block-3,BR113009,Govt. School ROH-309,2026-05,724,Yes,639.0,107.0,72.0,62.0,3.0,2.0
Bihar,Rohtas,Rohtas Block-3,BR113009,Govt. School ROH-309,2026-06,724,Yes,593.0,99.0,75.0,59.0,5.0,2.0
Bihar,Rohtas,Rohtas Block-3,BR113009,Govt. School ROH-309,2026-07,724,Yes,641.0,110.0,74.0,57.0,2.0,2.0
Bihar,Rohtas,Rohtas Block-3,BR113009,Govt. School ROH-309,2026-08,724,Yes,676.0,133.0,92.0,77.0,5.0,1.0
Bihar,Rohtas,Rohtas Block-3,BR113009,Govt. School ROH-309,2026-09,724,Yes,605.0,112.0,78.0,68.0,4.0,2.0
Bihar,Rohtas,Rohtas Block-3,BR113010,Govt. School ROH-310,2026-04,730,Yes,658.0,119.0,74.0,66.0,4.0,2.0
Bihar,Rohtas,Rohtas Block-3,BR113010,Govt. School ROH-310,2026-05,730,Yes,607.0,136.0,69.0,50.0,3.0,1.0
Bihar,Rohtas,Rohtas Block-3,BR113010,Govt. School ROH-310,2026-06,730,Yes,650.0,127.0,85.0,72.0,3.0,3.0
Bihar,Rohtas,Rohtas Block-3,BR113010,Govt. School ROH-310,2026-07,730,Yes,633.0,132.0,81.0,58.0,2.0,2.0
Bihar,Rohtas,Rohtas Block-3,BR113010,Govt. School ROH-310,2026-08,730,Yes,617.0,96.0,61.0,39.0,4.0,2.0
Bihar,Rohtas,Rohtas Block-3,BR113010,Govt. School ROH-310,2026-09,730,Yes,636.0,118.0,77.0,55.0,3.0,2.0
Bihar,Rohtas,Rohtas Block-3,BR113011,Govt. School ROH-311,2026-04,603,Yes,487.0,104.0,73.0,48.0,3.0,2.0
Bihar,Rohtas,Rohtas Block-3,BR113011,Govt. School ROH-311,2026-05,603,Yes,488.0,86.0,56.0,35.0,3.0,1.0
Bihar,Rohtas,Rohtas Block-3,BR113011,Govt. School ROH-311,2026-06,603,Yes,483.0,94.0,61.0,42.0,3.0,2.0
Bihar,Rohtas,Rohtas Block-3,BR113011,Govt. School ROH-311,2026-07,603,No,,,,,,
Bihar,Rohtas,Rohtas Block-3,BR113011,Govt. School ROH-311,2026-08,603,Yes,498.0,94.0,66.0,51.0,3.0,2.0
Bihar,Rohtas,Rohtas Block-3,BR113011,Govt. School ROH-311,2026-09,603,Yes,470.0,79.0,54.0,41.0,4.0,2.0
Bihar,Rohtas,Rohtas Block-3,BR113012,Govt. School ROH-312,2026-04,311,Yes,245.0,44.0,29.0,20.0,3.0,1.0
Bihar,Rohtas,Rohtas Block-3,BR113012,Govt. School ROH-312,2026-05,311,Yes,234.0,46.0,29.0,15.0,3.0,1.0
Bihar,Rohtas,Rohtas Block-3,BR113012,Govt. School ROH-312,2026-06,311,Yes,242.0,45.0,27.0,18.0,3.0,1.0
Bihar,Rohtas,Rohtas Block-3,BR113012,Govt. School ROH-312,2026-07,311,Yes,256.0,57.0,36.0,26.0,2.0,1.0
Bihar,Rohtas,Rohtas Block-3,BR113012,Govt. School ROH-312,2026-08,311,Yes,245.0,45.0,29.0,20.0,1.0,1.0
Bihar,Rohtas,Rohtas Block-3,BR113012,Govt. School ROH-312,2026-09,311,Yes,259.0,45.0,33.0,25.0,3.0,1.0
Bihar,Sitamarhi,Sitamarhi Block-1,BR121001,Govt. School SIT-101,2026-04,545,Yes,324.0,70.0,43.0,19.0,2.0,2.0
Bihar,Sitamarhi,Sitamarhi Block-1,BR121001,Govt. School SIT-101,2026-05,545,Yes,348.0,75.0,52.0,32.0,4.0,1.0
Bihar,Sitamarhi,Sitamarhi Block-1,BR121001,Govt. School SIT-101,2026-06,545,Yes,287.0,68.0,38.0,18.0,2.0,1.0
Bihar,Sitamarhi,Sitamarhi Block-1,BR121001,Govt. School SIT-101,2026-07,545,No,,,,,,
Bihar,Sitamarhi,Sitamarhi Block-1,BR121001,Govt. School SIT-101,2026-08,545,Yes,242.0,55.0,36.0,15.0,1.0,2.0
Bihar,Sitamarhi,Sitamarhi Block-1,BR121001,Govt. School SIT-101,2026-09,545,Yes,230.0,64.0,38.0,12.0,1.0,1.0
Bihar,Sitamarhi,Sitamarhi Block-1,BR121002,Govt. School SIT-102,2026-04,622,No,,,,,,
Bihar,Sitamarhi,Sitamarhi Block-1,BR121002,Govt. School SIT-102,2026-05,622,Yes,371.0,90.0,46.0,21.0,1.0,1.0
Bihar,Sitamarhi,Sitamarhi Block-1,BR121002,Govt. School SIT-102,2026-06,622,Yes,319.0,79.0,53.0,23.0,2.0,0.0
Bihar,Sitamarhi,Sitamarhi Block-1,BR121002,Govt. School SIT-102,2026-07,622,Yes,301.0,69.0,42.0,17.0,1.0,1.0
Bihar,Sitamarhi,Sitamarhi Block-1,BR121002,Govt. School SIT-102,2026-08,622,Yes,255.0,67.0,41.0,13.0,3.0,1.0
Bihar,Sitamarhi,Sitamarhi Block-1,BR121002,Govt. School SIT-102,2026-09,622,No,,,,,,
Bihar,Sitamarhi,Sitamarhi Block-1,BR121003,Govt. School SIT-103,2026-04,780,Yes,521.0,130.0,87.0,51.0,3.0,1.0
Bihar,Sitamarhi,Sitamarhi Block-1,BR121003,Govt. School SIT-103,2026-05,780,Yes,439.0,113.0,65.0,31.0,1.0,1.0
Bihar,Sitamarhi,Sitamarhi Block-1,BR121003,Govt. School SIT-103,2026-06,780,No,,,,,,
Bihar,Sitamarhi,Sitamarhi Block-1,BR121003,Govt. School SIT-103,2026-07,780,Yes,408.0,98.0,58.0,25.0,2.0,1.0
Bihar,Sitamarhi,Sitamarhi Block-1,BR121003,Govt. School SIT-103,2026-08,780,No,,,,,,
Bihar,Sitamarhi,Sitamarhi Block-1,BR121003,Govt. School SIT-103,2026-09,780,Yes,366.0,91.0,51.0,17.0,3.0,1.0
Bihar,Sitamarhi,Sitamarhi Block-1,BR121004,Govt. School SIT-104,2026-04,719,No,,,,,,
Bihar,Sitamarhi,Sitamarhi Block-1,BR121004,Govt. School SIT-104,2026-05,719,No,,,,,,
Bihar,Sitamarhi,Sitamarhi Block-1,BR121004,Govt. School SIT-104,2026-06,719,Yes,324.0,84.0,53.0,24.0,1.0,1.0
Bihar,Sitamarhi,Sitamarhi Block-1,BR121004,Govt. School SIT-104,2026-07,719,Yes,331.0,83.0,53.0,17.0,3.0,1.0
Bihar,Sitamarhi,Sitamarhi Block-1,BR121004,Govt. School SIT-104,2026-08,719,No,,,,,,
Bihar,Sitamarhi,Sitamarhi Block-1,BR121004,Govt. School SIT-104,2026-09,719,Yes,256.0,65.0,44.0,12.0,0.0,1.0
Bihar,Sitamarhi,Sitamarhi Block-1,BR121005,Govt. School SIT-105,2026-04,411,No,,,,,,
Bihar,Sitamarhi,Sitamarhi Block-1,BR121005,Govt. School SIT-105,2026-05,411,Yes,251.0,44.0,27.0,14.0,3.0,1.0
Bihar,Sitamarhi,Sitamarhi Block-1,BR121005,Govt. School SIT-105,2026-06,411,No,,,,,,
Bihar,Sitamarhi,Sitamarhi Block-1,BR121005,Govt. School SIT-105,2026-07,411,Yes,216.0,56.0,33.0,11.0,2.0,1.0
Bihar,Sitamarhi,Sitamarhi Block-1,BR121005,Govt. School SIT-105,2026-08,411,Yes,233.0,49.0,32.0,15.0,3.0,1.0
Bihar,Sitamarhi,Sitamarhi Block-1,BR121005,Govt. School SIT-105,2026-09,411,Yes,196.0,51.0,35.0,12.0,2.0,0.0
Bihar,Sitamarhi,Sitamarhi Block-1,BR121006,Govt. School SIT-106,2026-04,207,Yes,125.0,26.0,18.0,7.0,3.0,1.0
Bihar,Sitamarhi,Sitamarhi Block-1,BR121006,Govt. School SIT-106,2026-05,207,Yes,136.0,34.0,20.0,9.0,3.0,2.0
Bihar,Sitamarhi,Sitamarhi Block-1,BR121006,Govt. School SIT-106,2026-06,207,Yes,95.0,21.0,15.0,7.0,2.0,1.0
Bihar,Sitamarhi,Sitamarhi Block-1,BR121006,Govt. School SIT-106,2026-07,207,Yes,100.0,27.0,18.0,7.0,3.0,1.0
Bihar,Sitamarhi,Sitamarhi Block-1,BR121006,Govt. School SIT-106,2026-08,207,Yes,96.0,22.0,13.0,4.0,1.0,0.0
Bihar,Sitamarhi,Sitamarhi Block-1,BR121006,Govt. School SIT-106,2026-09,207,Yes,88.0,22.0,17.0,6.0,3.0,1.0
Bihar,Sitamarhi,Sitamarhi Block-1,BR121007,Govt. School SIT-107,2026-04,391,No,,,,,,
Bihar,Sitamarhi,Sitamarhi Block-1,BR121007,Govt. School SIT-107,2026-05,391,Yes,220.0,50.0,30.0,14.0,3.0,2.0
Bihar,Sitamarhi,Sitamarhi Block-1,BR121007,Govt. School SIT-107,2026-06,391,Yes,222.0,62.0,39.0,20.0,2.0,0.0
Bihar,Sitamarhi,Sitamarhi Block-1,BR121007,Govt. School SIT-107,2026-07,391,Yes,208.0,50.0,29.0,12.0,2.0,2.0
Bihar,Sitamarhi,Sitamarhi Block-1,BR121007,Govt. School SIT-107,2026-08,391,Yes,189.0,51.0,34.0,12.0,2.0,0.0
Bihar,Sitamarhi,Sitamarhi Block-1,BR121007,Govt. School SIT-107,2026-09,391,Yes,196.0,50.0,32.0,14.0,2.0,1.0
Bihar,Sitamarhi,Sitamarhi Block-1,BR121008,Govt. School SIT-108,2026-04,631,Yes,407.0,82.0,54.0,33.0,3.0,1.0
Bihar,Sitamarhi,Sitamarhi Block-1,BR121008,Govt. School SIT-108,2026-05,631,Yes,387.0,84.0,47.0,29.0,2.0,2.0
Bihar,Sitamarhi,Sitamarhi Block-1,BR121008,Govt. School SIT-108,2026-06,631,Yes,373.0,82.0,55.0,23.0,2.0,1.0
Bihar,Sitamarhi,Sitamarhi Block-1,BR121008,Govt. School SIT-108,2026-07,631,Yes,308.0,79.0,49.0,19.0,2.0,1.0
Bihar,Sitamarhi,Sitamarhi Block-1,BR121008,Govt. School SIT-108,2026-08,631,Yes,314.0,81.0,45.0,17.0,3.0,1.0
Bihar,Sitamarhi,Sitamarhi Block-1,BR121008,Govt. School SIT-108,2026-09,631,No,,,,,,
Bihar,Sitamarhi,Sitamarhi Block-1,BR121009,Govt. School SIT-109,2026-04,584,Yes,363.0,68.0,40.0,23.0,4.0,1.0
Bihar,Sitamarhi,Sitamarhi Block-1,BR121009,Govt. School SIT-109,2026-05,584,Yes,367.0,75.0,56.0,31.0,3.0,2.0
Bihar,Sitamarhi,Sitamarhi Block-1,BR121009,Govt. School SIT-109,2026-06,584,No,,,,,,
Bihar,Sitamarhi,Sitamarhi Block-1,BR121009,Govt. School SIT-109,2026-07,584,Yes,333.0,78.0,48.0,23.0,2.0,1.0
Bihar,Sitamarhi,Sitamarhi Block-1,BR121009,Govt. School SIT-109,2026-08,584,Yes,310.0,71.0,45.0,17.0,2.0,2.0
Bihar,Sitamarhi,Sitamarhi Block-1,BR121009,Govt. School SIT-109,2026-09,584,No,,,,,,
Bihar,Sitamarhi,Sitamarhi Block-1,BR121010,Govt. School SIT-110,2026-04,336,Yes,233.0,58.0,29.0,17.0,3.0,1.0
Bihar,Sitamarhi,Sitamarhi Block-1,BR121010,Govt. School SIT-110,2026-05,336,Yes,218.0,44.0,31.0,21.0,3.0,2.0
Bihar,Sitamarhi,Sitamarhi Block-1,BR121010,Govt. School SIT-110,2026-06,336,Yes,195.0,53.0,32.0,15.0,2.0,1.0
Bihar,Sitamarhi,Sitamarhi Block-1,BR121010,Govt. School SIT-110,2026-07,336,No,,,,,,
Bihar,Sitamarhi,Sitamarhi Block-1,BR121010,Govt. School SIT-110,2026-08,336,No,,,,,,
Bihar,Sitamarhi,Sitamarhi Block-1,BR121010,Govt. School SIT-110,2026-09,336,Yes,183.0,45.0,27.0,12.0,1.0,1.0
Bihar,Sitamarhi,Sitamarhi Block-1,BR121011,Govt. School SIT-111,2026-04,777,No,,,,,,
Bihar,Sitamarhi,Sitamarhi Block-1,BR121011,Govt. School SIT-111,2026-05,777,No,,,,,,
Bihar,Sitamarhi,Sitamarhi Block-1,BR121011,Govt. School SIT-111,2026-06,777,Yes,505.0,93.0,61.0,33.0,1.0,2.0
Bihar,Sitamarhi,Sitamarhi Block-1,BR121011,Govt. School SIT-111,2026-07,777,Yes,502.0,113.0,72.0,39.0,3.0,0.0
Bihar,Sitamarhi,Sitamarhi Block-1,BR121011,Govt. School SIT-111,2026-08,777,No,,,,,,
Bihar,Sitamarhi,Sitamarhi Block-1,BR121011,Govt. School SIT-111,2026-09,777,No,,,,,,
Bihar,Sitamarhi,Sitamarhi Block-1,BR121012,Govt. School SIT-112,2026-04,477,Yes,253.0,51.0,33.0,17.0,2.0,0.0
Bihar,Sitamarhi,Sitamarhi Block-1,BR121012,Govt. School SIT-112,2026-05,477,Yes,259.0,75.0,46.0,20.0,3.0,2.0
Bihar,Sitamarhi,Sitamarhi Block-1,BR121012,Govt. School SIT-112,2026-06,477,No,,,,,,
Bihar,Sitamarhi,Sitamarhi Block-1,BR121012,Govt. School SIT-112,2026-07,477,Yes,229.0,49.0,35.0,16.0,2.0,1.0
Bihar,Sitamarhi,Sitamarhi Block-1,BR121012,Govt. School SIT-112,2026-08,477,Yes,181.0,49.0,36.0,6.0,2.0,1.0
Bihar,Sitamarhi,Sitamarhi Block-1,BR121012,Govt. School SIT-112,2026-09,477,Yes,201.0,50.0,29.0,7.0,2.0,1.0
Bihar,Sitamarhi,Sitamarhi Block-2,BR122001,Govt. School SIT-201,2026-04,691,Yes,381.0,96.0,73.0,33.0,2.0,2.0
Bihar,Sitamarhi,Sitamarhi Block-2,BR122001,Govt. School SIT-201,2026-05,691,No,,,,,,
Bihar,Sitamarhi,Sitamarhi Block-2,BR122001,Govt. School SIT-201,2026-06,691,Yes,406.0,82.0,50.0,24.0,1.0,1.0
Bihar,Sitamarhi,Sitamarhi Block-2,BR122001,Govt. School SIT-201,2026-07,691,No,,,,,,
Bihar,Sitamarhi,Sitamarhi Block-2,BR122001,Govt. School SIT-201,2026-08,691,Yes,269.0,71.0,48.0,12.0,2.0,1.0
Bihar,Sitamarhi,Sitamarhi Block-2,BR122001,Govt. School SIT-201,2026-09,691,Yes,259.0,67.0,40.0,11.0,1.0,1.0
Bihar,Sitamarhi,Sitamarhi Block-2,BR122002,Govt. School SIT-202,2026-04,195,Yes,138.0,30.0,19.0,11.0,3.0,1.0
Bihar,Sitamarhi,Sitamarhi Block-2,BR122002,Govt. School SIT-202,2026-05,195,Yes,119.0,25.0,15.0,9.0,2.0,1.0
Bihar,Sitamarhi,Sitamarhi Block-2,BR122002,Govt. School SIT-202,2026-06,195,Yes,121.0,34.0,19.0,10.0,3.0,1.0
Bihar,Sitamarhi,Sitamarhi Block-2,BR122002,Govt. School SIT-202,2026-07,195,Yes,114.0,21.0,14.0,7.0,2.0,2.0
Bihar,Sitamarhi,Sitamarhi Block-2,BR122002,Govt. School SIT-202,2026-08,195,No,,,,,,
Bihar,Sitamarhi,Sitamarhi Block-2,BR122002,Govt. School SIT-202,2026-09,195,Yes,93.0,23.0,15.0,6.0,2.0,0.0
Bihar,Sitamarhi,Sitamarhi Block-2,BR122003,Govt. School SIT-203,2026-04,355,Yes,213.0,51.0,30.0,14.0,2.0,2.0
Bihar,Sitamarhi,Sitamarhi Block-2,BR122003,Govt. School SIT-203,2026-05,355,No,,,,,,
Bihar,Sitamarhi,Sitamarhi Block-2,BR122003,Govt. School SIT-203,2026-06,355,Yes,159.0,39.0,25.0,12.0,2.0,1.0
Bihar,Sitamarhi,Sitamarhi Block-2,BR122003,Govt. School SIT-203,2026-07,355,No,,,,,,
Bihar,Sitamarhi,Sitamarhi Block-2,BR122003,Govt. School SIT-203,2026-08,355,Yes,141.0,37.0,23.0,9.0,2.0,1.0
Bihar,Sitamarhi,Sitamarhi Block-2,BR122003,Govt. School SIT-203,2026-09,355,Yes,145.0,34.0,22.0,7.0,2.0,1.0
Bihar,Sitamarhi,Sitamarhi Block-2,BR122004,Govt. School SIT-204,2026-04,229,No,,,,,,
Bihar,Sitamarhi,Sitamarhi Block-2,BR122004,Govt. School SIT-204,2026-05,229,Yes,124.0,31.0,20.0,9.0,1.0,1.0
Bihar,Sitamarhi,Sitamarhi Block-2,BR122004,Govt. School SIT-204,2026-06,229,Yes,110.0,29.0,17.0,7.0,2.0,1.0
Bihar,Sitamarhi,Sitamarhi Block-2,BR122004,Govt. School SIT-204,2026-07,229,No,,,,,,
Bihar,Sitamarhi,Sitamarhi Block-2,BR122004,Govt. School SIT-204,2026-08,229,Yes,104.0,27.0,17.0,5.0,2.0,1.0
Bihar,Sitamarhi,Sitamarhi Block-2,BR122004,Govt. School SIT-204,2026-09,229,No,,,,,,
Bihar,Sitamarhi,Sitamarhi Block-2,BR122005,Govt. School SIT-205,2026-04,634,No,,,,,,
Bihar,Sitamarhi,Sitamarhi Block-2,BR122005,Govt. School SIT-205,2026-05,634,Yes,392.0,95.0,59.0,29.0,3.0,1.0
Bihar,Sitamarhi,Sitamarhi Block-2,BR122005,Govt. School SIT-205,2026-06,634,Yes,343.0,87.0,60.0,30.0,3.0,2.0
Bihar,Sitamarhi,Sitamarhi Block-2,BR122005,Govt. School SIT-205,2026-07,634,No,,,,,,
Bihar,Sitamarhi,Sitamarhi Block-2,BR122005,Govt. School SIT-205,2026-08,634,Yes,302.0,79.0,47.0,15.0,2.0,1.0
Bihar,Sitamarhi,Sitamarhi Block-2,BR122005,Govt. School SIT-205,2026-09,634,Yes,299.0,62.0,44.0,10.0,1.0,2.0
Bihar,Sitamarhi,Sitamarhi Block-2,BR122006,Govt. School SIT-206,2026-04,284,No,,,,,,
Bihar,Sitamarhi,Sitamarhi Block-2,BR122006,Govt. School SIT-206,2026-05,284,No,,,,,,
Bihar,Sitamarhi,Sitamarhi Block-2,BR122006,Govt. School SIT-206,2026-06,284,No,,,,,,
Bihar,Sitamarhi,Sitamarhi Block-2,BR122006,Govt. School SIT-206,2026-07,284,No,,,,,,
Bihar,Sitamarhi,Sitamarhi Block-2,BR122006,Govt. School SIT-206,2026-08,284,Yes,130.0,29.0,18.0,5.0,2.0,0.0
Bihar,Sitamarhi,Sitamarhi Block-2,BR122006,Govt. School SIT-206,2026-09,284,Yes,121.0,28.0,14.0,5.0,1.0,0.0
Bihar,Sitamarhi,Sitamarhi Block-2,BR122007,Govt. School SIT-207,2026-04,773,Yes,510.0,121.0,72.0,39.0,2.0,1.0
Bihar,Sitamarhi,Sitamarhi Block-2,BR122007,Govt. School SIT-207,2026-05,773,No,,,,,,
Bihar,Sitamarhi,Sitamarhi Block-2,BR122007,Govt. School SIT-207,2026-06,773,Yes,443.0,96.0,61.0,38.0,3.0,1.0
Bihar,Sitamarhi,Sitamarhi Block-2,BR122007,Govt. School SIT-207,2026-07,773,Yes,399.0,103.0,69.0,37.0,2.0,2.0
Bihar,Sitamarhi,Sitamarhi Block-2,BR122007,Govt. School SIT-207,2026-08,773,Yes,423.0,103.0,62.0,31.0,2.0,2.0
Bihar,Sitamarhi,Sitamarhi Block-2,BR122007,Govt. School SIT-207,2026-09,773,Yes,389.0,88.0,49.0,23.0,2.0,1.0
Bihar,Sitamarhi,Sitamarhi Block-2,BR122008,Govt. School SIT-208,2026-04,636,Yes,407.0,111.0,66.0,35.0,3.0,2.0
Bihar,Sitamarhi,Sitamarhi Block-2,BR122008,Govt. School SIT-208,2026-05,636,Yes,349.0,90.0,63.0,30.0,2.0,1.0
Bihar,Sitamarhi,Sitamarhi Block-2,BR122008,Govt. School SIT-208,2026-06,636,Yes,335.0,75.0,42.0,15.0,2.0,1.0
Bihar,Sitamarhi,Sitamarhi Block-2,BR122008,Govt. School SIT-208,2026-07,636,No,,,,,,
Bihar,Sitamarhi,Sitamarhi Block-2,BR122008,Govt. School SIT-208,2026-08,636,No,,,,,,
Bihar,Sitamarhi,Sitamarhi Block-2,BR122008,Govt. School SIT-208,2026-09,636,Yes,302.0,81.0,52.0,15.0,3.0,1.0
Bihar,Sitamarhi,Sitamarhi Block-2,BR122009,Govt. School SIT-209,2026-04,485,Yes,268.0,64.0,47.0,24.0,4.0,1.0
Bihar,Sitamarhi,Sitamarhi Block-2,BR122009,Govt. School SIT-209,2026-05,485,Yes,249.0,71.0,41.0,15.0,2.0,1.0
Bihar,Sitamarhi,Sitamarhi Block-2,BR122009,Govt. School SIT-209,2026-06,485,Yes,247.0,59.0,40.0,18.0,2.0,1.0
Bihar,Sitamarhi,Sitamarhi Block-2,BR122009,Govt. School SIT-209,2026-07,485,Yes,229.0,62.0,38.0,13.0,3.0,1.0
Bihar,Sitamarhi,Sitamarhi Block-2,BR122009,Govt. School SIT-209,2026-08,485,Yes,193.0,56.0,38.0,12.0,1.0,2.0
Bihar,Sitamarhi,Sitamarhi Block-2,BR122009,Govt. School SIT-209,2026-09,485,Yes,190.0,49.0,31.0,8.0,2.0,0.0
Bihar,Sitamarhi,Sitamarhi Block-2,BR122010,Govt. School SIT-210,2026-04,495,Yes,373.0,69.0,43.0,31.0,3.0,2.0
Bihar,Sitamarhi,Sitamarhi Block-2,BR122010,Govt. School SIT-210,2026-05,495,Yes,338.0,61.0,39.0,24.0,3.0,1.0
Bihar,Sitamarhi,Sitamarhi Block-2,BR122010,Govt. School SIT-210,2026-06,495,Yes,340.0,72.0,50.0,31.0,3.0,2.0
Bihar,Sitamarhi,Sitamarhi Block-2,BR122010,Govt. School SIT-210,2026-07,495,Yes,331.0,72.0,47.0,32.0,4.0,2.0
Bihar,Sitamarhi,Sitamarhi Block-2,BR122010,Govt. School SIT-210,2026-08,495,Yes,306.0,71.0,43.0,20.0,2.0,1.0
Bihar,Sitamarhi,Sitamarhi Block-2,BR122010,Govt. School SIT-210,2026-09,495,Yes,268.0,70.0,47.0,18.0,3.0,1.0
Bihar,Sitamarhi,Sitamarhi Block-2,BR122011,Govt. School SIT-211,2026-04,524,No,,,,,,
Bihar,Sitamarhi,Sitamarhi Block-2,BR122011,Govt. School SIT-211,2026-05,524,Yes,350.0,74.0,42.0,23.0,3.0,2.0
Bihar,Sitamarhi,Sitamarhi Block-2,BR122011,Govt. School SIT-211,2026-06,524,No,,,,,,
Bihar,Sitamarhi,Sitamarhi Block-2,BR122011,Govt. School SIT-211,2026-07,524,No,,,,,,
Bihar,Sitamarhi,Sitamarhi Block-2,BR122011,Govt. School SIT-211,2026-08,524,No,,,,,,
Bihar,Sitamarhi,Sitamarhi Block-2,BR122011,Govt. School SIT-211,2026-09,524,Yes,244.0,62.0,35.0,11.0,2.0,0.0
Bihar,Sitamarhi,Sitamarhi Block-2,BR122012,Govt. School SIT-212,2026-04,685,No,,,,,,
Bihar,Sitamarhi,Sitamarhi Block-2,BR122012,Govt. School SIT-212,2026-05,685,No,,,,,,
Bihar,Sitamarhi,Sitamarhi Block-2,BR122012,Govt. School SIT-212,2026-06,685,No,,,,,,
Bihar,Sitamarhi,Sitamarhi Block-2,BR122012,Govt. School SIT-212,2026-07,685,Yes,405.0,91.0,56.0,33.0,2.0,0.0
Bihar,Sitamarhi,Sitamarhi Block-2,BR122012,Govt. School SIT-212,2026-08,685,No,,,,,,
Bihar,Sitamarhi,Sitamarhi Block-2,BR122012,Govt. School SIT-212,2026-09,685,No,,,,,,
Bihar,Sitamarhi,Sitamarhi Block-3,BR123001,Govt. School SIT-301,2026-04,541,No,,,,,,
Bihar,Sitamarhi,Sitamarhi Block-3,BR123001,Govt. School SIT-301,2026-05,541,Yes,248.0,64.0,42.0,17.0,4.0,1.0
Bihar,Sitamarhi,Sitamarhi Block-3,BR123001,Govt. School SIT-301,2026-06,541,Yes,290.0,67.0,41.0,19.0,1.0,1.0
Bihar,Sitamarhi,Sitamarhi Block-3,BR123001,Govt. School SIT-301,2026-07,541,Yes,290.0,72.0,56.0,29.0,2.0,2.0
Bihar,Sitamarhi,Sitamarhi Block-3,BR123001,Govt. School SIT-301,2026-08,541,No,,,,,,
Bihar,Sitamarhi,Sitamarhi Block-3,BR123001,Govt. School SIT-301,2026-09,541,No,,,,,,
Bihar,Sitamarhi,Sitamarhi Block-3,BR123002,Govt. School SIT-302,2026-04,571,No,,,,,,
Bihar,Sitamarhi,Sitamarhi Block-3,BR123002,Govt. School SIT-302,2026-05,571,Yes,294.0,77.0,47.0,19.0,2.0,1.0
Bihar,Sitamarhi,Sitamarhi Block-3,BR123002,Govt. School SIT-302,2026-06,571,No,,,,,,
Bihar,Sitamarhi,Sitamarhi Block-3,BR123002,Govt. School SIT-302,2026-07,571,Yes,282.0,77.0,48.0,17.0,3.0,2.0
Bihar,Sitamarhi,Sitamarhi Block-3,BR123002,Govt. School SIT-302,2026-08,571,Yes,295.0,84.0,55.0,20.0,1.0,1.0
Bihar,Sitamarhi,Sitamarhi Block-3,BR123002,Govt. School SIT-302,2026-09,571,Yes,286.0,76.0,43.0,15.0,2.0,1.0
Bihar,Sitamarhi,Sitamarhi Block-3,BR123003,Govt. School SIT-303,2026-04,260,Yes,194.0,42.0,29.0,18.0,2.0,2.0
Bihar,Sitamarhi,Sitamarhi Block-3,BR123003,Govt. School SIT-303,2026-05,260,Yes,174.0,34.0,21.0,11.0,3.0,1.0
Bihar,Sitamarhi,Sitamarhi Block-3,BR123003,Govt. School SIT-303,2026-06,260,No,,,,,,
Bihar,Sitamarhi,Sitamarhi Block-3,BR123003,Govt. School SIT-303,2026-07,260,Yes,129.0,31.0,18.0,8.0,2.0,1.0
Bihar,Sitamarhi,Sitamarhi Block-3,BR123003,Govt. School SIT-303,2026-08,260,Yes,140.0,36.0,22.0,11.0,2.0,1.0
Bihar,Sitamarhi,Sitamarhi Block-3,BR123003,Govt. School SIT-303,2026-09,260,Yes,138.0,37.0,22.0,9.0,3.0,0.0
Bihar,Sitamarhi,Sitamarhi Block-3,BR123004,Govt. School SIT-304,2026-04,303,Yes,260.0,43.0,27.0,18.0,3.0,2.0
Bihar,Sitamarhi,Sitamarhi Block-3,BR123004,Govt. School SIT-304,2026-05,303,No,,,,,,
Bihar,Sitamarhi,Sitamarhi Block-3,BR123004,Govt. School SIT-304,2026-06,303,No,,,,,,
Bihar,Sitamarhi,Sitamarhi Block-3,BR123004,Govt. School SIT-304,2026-07,303,Yes,200.0,38.0,23.0,12.0,1.0,2.0
Bihar,Sitamarhi,Sitamarhi Block-3,BR123004,Govt. School SIT-304,2026-08,303,Yes,193.0,40.0,29.0,15.0,3.0,2.0
Bihar,Sitamarhi,Sitamarhi Block-3,BR123004,Govt. School SIT-304,2026-09,303,No,,,,,,
Bihar,Sitamarhi,Sitamarhi Block-3,BR123005,Govt. School SIT-305,2026-04,499,No,,,,,,
Bihar,Sitamarhi,Sitamarhi Block-3,BR123005,Govt. School SIT-305,2026-05,499,No,,,,,,
Bihar,Sitamarhi,Sitamarhi Block-3,BR123005,Govt. School SIT-305,2026-06,499,Yes,245.0,65.0,34.0,13.0,2.0,1.0
Bihar,Sitamarhi,Sitamarhi Block-3,BR123005,Govt. School SIT-305,2026-07,499,Yes,247.0,53.0,34.0,15.0,3.0,2.0
Bihar,Sitamarhi,Sitamarhi Block-3,BR123005,Govt. School SIT-305,2026-08,499,Yes,222.0,59.0,40.0,14.0,3.0,1.0
Bihar,Sitamarhi,Sitamarhi Block-3,BR123005,Govt. School SIT-305,2026-09,499,No,,,,,,
Bihar,Sitamarhi,Sitamarhi Block-3,BR123006,Govt. School SIT-306,2026-04,773,No,,,,,,
Bihar,Sitamarhi,Sitamarhi Block-3,BR123006,Govt. School SIT-306,2026-05,773,Yes,374.0,95.0,68.0,18.0,1.0,1.0
Bihar,Sitamarhi,Sitamarhi Block-3,BR123006,Govt. School SIT-306,2026-06,773,Yes,377.0,92.0,52.0,24.0,3.0,1.0
Bihar,Sitamarhi,Sitamarhi Block-3,BR123006,Govt. School SIT-306,2026-07,773,Yes,319.0,79.0,55.0,16.0,2.0,1.0
Bihar,Sitamarhi,Sitamarhi Block-3,BR123006,Govt. School SIT-306,2026-08,773,No,,,,,,
Bihar,Sitamarhi,Sitamarhi Block-3,BR123006,Govt. School SIT-306,2026-09,773,Yes,265.0,76.0,49.0,13.0,2.0,0.0
Bihar,Sitamarhi,Sitamarhi Block-3,BR123007,Govt. School SIT-307,2026-04,436,No,,,,,,
Bihar,Sitamarhi,Sitamarhi Block-3,BR123007,Govt. School SIT-307,2026-05,436,No,,,,,,
Bihar,Sitamarhi,Sitamarhi Block-3,BR123007,Govt. School SIT-307,2026-06,436,No,,,,,,
Bihar,Sitamarhi,Sitamarhi Block-3,BR123007,Govt. School SIT-307,2026-07,436,Yes,216.0,54.0,29.0,11.0,2.0,0.0
Bihar,Sitamarhi,Sitamarhi Block-3,BR123007,Govt. School SIT-307,2026-08,436,No,,,,,,
Bihar,Sitamarhi,Sitamarhi Block-3,BR123007,Govt. School SIT-307,2026-09,436,Yes,196.0,46.0,28.0,9.0,3.0,0.0
Bihar,Sitamarhi,Sitamarhi Block-3,BR123008,Govt. School SIT-308,2026-04,583,Yes,364.0,77.0,47.0,26.0,3.0,1.0
Bihar,Sitamarhi,Sitamarhi Block-3,BR123008,Govt. School SIT-308,2026-05,583,No,,,,,,
Bihar,Sitamarhi,Sitamarhi Block-3,BR123008,Govt. School SIT-308,2026-06,583,Yes,359.0,90.0,64.0,29.0,2.0,1.0
Bihar,Sitamarhi,Sitamarhi Block-3,BR123008,Govt. School SIT-308,2026-07,583,No,,,,,,
Bihar,Sitamarhi,Sitamarhi Block-3,BR123008,Govt. School SIT-308,2026-08,583,Yes,352.0,88.0,55.0,30.0,3.0,2.0
Bihar,Sitamarhi,Sitamarhi Block-3,BR123008,Govt. School SIT-308,2026-09,583,Yes,295.0,74.0,44.0,19.0,2.0,2.0
Bihar,Sitamarhi,Sitamarhi Block-3,BR123009,Govt. School SIT-309,2026-04,296,No,,,,,,
Bihar,Sitamarhi,Sitamarhi Block-3,BR123009,Govt. School SIT-309,2026-05,296,No,,,,,,
Bihar,Sitamarhi,Sitamarhi Block-3,BR123009,Govt. School SIT-309,2026-06,296,Yes,137.0,36.0,20.0,6.0,1.0,1.0
Bihar,Sitamarhi,Sitamarhi Block-3,BR123009,Govt. School SIT-309,2026-07,296,Yes,154.0,40.0,25.0,10.0,1.0,1.0
Bihar,Sitamarhi,Sitamarhi Block-3,BR123009,Govt. School SIT-309,2026-08,296,Yes,128.0,33.0,21.0,7.0,2.0,0.0
Bihar,Sitamarhi,Sitamarhi Block-3,BR123009,Govt. School SIT-309,2026-09,296,Yes,126.0,34.0,22.0,6.0,1.0,0.0
Bihar,Sitamarhi,Sitamarhi Block-3,BR123010,Govt. School SIT-310,2026-04,563,No,,,,,,
Bihar,Sitamarhi,Sitamarhi Block-3,BR123010,Govt. School SIT-310,2026-05,563,No,,,,,,
Bihar,Sitamarhi,Sitamarhi Block-3,BR123010,Govt. School SIT-310,2026-06,563,Yes,313.0,85.0,56.0,20.0,3.0,0.0
Bihar,Sitamarhi,Sitamarhi Block-3,BR123010,Govt. School SIT-310,2026-07,563,No,,,,,,
Bihar,Sitamarhi,Sitamarhi Block-3,BR123010,Govt. School SIT-310,2026-08,563,Yes,236.0,62.0,41.0,10.0,2.0,1.0
Bihar,Sitamarhi,Sitamarhi Block-3,BR123010,Govt. School SIT-310,2026-09,563,Yes,244.0,61.0,44.0,17.0,3.0,1.0
Bihar,Sitamarhi,Sitamarhi Block-3,BR123011,Govt. School SIT-311,2026-04,622,No,,,,,,
Bihar,Sitamarhi,Sitamarhi Block-3,BR123011,Govt. School SIT-311,2026-05,622,Yes,354.0,84.0,58.0,29.0,1.0,1.0
Bihar,Sitamarhi,Sitamarhi Block-3,BR123011,Govt. School SIT-311,2026-06,622,No,,,,,,
Bihar,Sitamarhi,Sitamarhi Block-3,BR123011,Govt. School SIT-311,2026-07,622,No,,,,,,
Bihar,Sitamarhi,Sitamarhi Block-3,BR123011,Govt. School SIT-311,2026-08,622,No,,,,,,
Bihar,Sitamarhi,Sitamarhi Block-3,BR123011,Govt. School SIT-311,2026-09,622,No,,,,,,
Bihar,Sitamarhi,Sitamarhi Block-3,BR123012,Govt. School SIT-312,2026-04,217,Yes,139.0,30.0,20.0,9.0,2.0,1.0
Bihar,Sitamarhi,Sitamarhi Block-3,BR123012,Govt. School SIT-312,2026-05,217,Yes,112.0,32.0,20.0,9.0,3.0,2.0
Bihar,Sitamarhi,Sitamarhi Block-3,BR123012,Govt. School SIT-312,2026-06,217,No,,,,,,
Bihar,Sitamarhi,Sitamarhi Block-3,BR123012,Govt. School SIT-312,2026-07,217,Yes,111.0,30.0,19.0,8.0,2.0,2.0
Bihar,Sitamarhi,Sitamarhi Block-3,BR123012,Govt. School SIT-312,2026-08,217,No,,,,,,
Bihar,Sitamarhi,Sitamarhi Block-3,BR123012,Govt. School SIT-312,2026-09,217,Yes,74.0,19.0,11.0,3.0,0.0,0.0
